cycle,cycle_folder,deck_file,slide,slide_title,link_form,link_text,url,classification,drive_id,id_len,status,found_at,suggested_fix,fix_note
Cycle 02,Cycle 02 — Ecosystems & Feeding Relationships (Unit 1),▶ LIVE — Cycle 02 — Ecosystems & Feeding Relationships (VT deck) — with Concept Bank + slide index.pptx,3,Bellringer,run,BioMan Ecology Games,https://biomanbio.com/HTML5GamesandLabs/EcoGames/ecology.html,external,,,external (not checked live),n/a — external,,
Cycle 02,Cycle 02 — Ecosystems & Feeding Relationships (Unit 1),▶ LIVE — Cycle 02 — Ecosystems & Feeding Relationships (VT deck) — with Concept Bank + slide index.pptx,8,Explore — the Energy Tank Model,printed+run+shape,▶  Tap to open and drag the sliders — change the transfer efficiency and watch the tanks,https://answerable-biology-models.netlify.app/energy.html,external,,,external (not checked live),n/a — external,,
Cycle 02,Cycle 02 — Ecosystems & Feeding Relationships (Unit 1),▶ LIVE — Cycle 02 — Ecosystems & Feeding Relationships (VT deck) — with Concept Bank + slide index.pptx,16,Day 1 activity · Critical Aspect 1,run,Feeding Relationships (Pacific NW) — PDF,https://drive.google.com/file/d/1Jw2SU5hL2kzdLCNKFo0XxXE8sB6xcbSK/view,drivefile/view,1Jw2SU5hL2kzdLCNKFo0XxXE8sB6xcbSK,33,OK — file found,kvd@answerableteaching.com : My Drive/BIOLOGY (Shared)/Cycle 02 — Ecosystems & Feeding Relationships (Unit 1)/My Class ,,
Cycle 02,Cycle 02 — Ecosystems & Feeding Relationships (Unit 1),▶ LIVE — Cycle 02 — Ecosystems & Feeding Relationships (VT deck) — with Concept Bank + slide index.pptx,18,Day 2 · finish Critical Aspect 1 activity,run,Feeding Relationships (Pacific NW) — PDF,https://drive.google.com/file/d/1Jw2SU5hL2kzdLCNKFo0XxXE8sB6xcbSK/view,drivefile/view,1Jw2SU5hL2kzdLCNKFo0XxXE8sB6xcbSK,33,OK — file found,kvd@answerableteaching.com : My Drive/BIOLOGY (Shared)/Cycle 02 — Ecosystems & Feeding Relationships (Unit 1)/My Class ,,
Cycle 02,Cycle 02 — Ecosystems & Feeding Relationships (Unit 1),▶ LIVE — Cycle 02 — Ecosystems & Feeding Relationships (VT deck) — with Concept Bank + slide index.pptx,26,Day 2 activity · Critical Aspect 2,run,Living Together — biointeractive.org,https://www.biointeractive.org/classroom-resources/living-together,external,,,external (not checked live),n/a — external,,
Cycle 02,Cycle 02 — Ecosystems & Feeding Relationships (Unit 1),▶ LIVE — Cycle 02 — Ecosystems & Feeding Relationships (VT deck) — with Concept Bank + slide index.pptx,27,What if?  /  Critical aspect: Energy flow through trophic levels,run,decomposers video,https://youtu.be/7cRgK0qG00E,external,,,external (not checked live),n/a — external,,
Cycle 02,Cycle 02 — Ecosystems & Feeding Relationships (Unit 1),▶ LIVE — Cycle 02 — Ecosystems & Feeding Relationships (VT deck) — with Concept Bank + slide index.pptx,28,Optional challenge,run,Chains & Webs (Gorongosa) — biointeractive.org,https://www.biointeractive.org/classroom-resources/creating-chains-and-webs-model-ecological-relationships,external,,,external (not checked live),n/a — external,,
Cycle 02,Cycle 02 — Ecosystems & Feeding Relationships (Unit 1),▶ LIVE — Cycle 02 — Ecosystems & Feeding Relationships (VT deck) — with Concept Bank + slide index.pptx,33,Activity and resource links,printed+run,https://answerable-biology-models.netlify.app/energy.html,https://answerable-biology-models.netlify.app/energy.html,external,,,external (not checked live),n/a — external,,
Cycle 02,Cycle 02 — Ecosystems & Feeding Relationships (Unit 1),▶ LIVE — Cycle 02 — Ecosystems & Feeding Relationships (VT deck) — with Concept Bank + slide index.pptx,33,Activity and resource links,printed+run,https://biomanbio.com/HTML5GamesandLabs/EcoGames/ecology.html,https://biomanbio.com/HTML5GamesandLabs/EcoGames/ecology.html,external,,,external (not checked live),n/a — external,,
Cycle 02,Cycle 02 — Ecosystems & Feeding Relationships (Unit 1),▶ LIVE — Cycle 02 — Ecosystems & Feeding Relationships (VT deck) — with Concept Bank + slide index.pptx,33,Activity and resource links,printed+run,https://drive.google.com/file/d/1Jw2SU5hL2kzdLCNKFo0XxXE8sB6xcbSK/view,https://drive.google.com/file/d/1Jw2SU5hL2kzdLCNKFo0XxXE8sB6xcbSK/view,drivefile/view,1Jw2SU5hL2kzdLCNKFo0XxXE8sB6xcbSK,33,OK — file found,kvd@answerableteaching.com : My Drive/BIOLOGY (Shared)/Cycle 02 — Ecosystems & Feeding Relationships (Unit 1)/My Class ,,
Cycle 02,Cycle 02 — Ecosystems & Feeding Relationships (Unit 1),▶ LIVE — Cycle 02 — Ecosystems & Feeding Relationships (VT deck) — with Concept Bank + slide index.pptx,33,Activity and resource links,printed+run,https://www.biointeractive.org/classroom-resources/creating-chains-and-webs-model-ecological-relationships,https://www.biointeractive.org/classroom-resources/creating-chains-and-webs-model-ecological-relationships,external,,,external (not checked live),n/a — external,,
Cycle 02,Cycle 02 — Ecosystems & Feeding Relationships (Unit 1),▶ LIVE — Cycle 02 — Ecosystems & Feeding Relationships (VT deck) — with Concept Bank + slide index.pptx,33,Activity and resource links,printed+run,https://www.biointeractive.org/classroom-resources/living-together,https://www.biointeractive.org/classroom-resources/living-together,external,,,external (not checked live),n/a — external,,
Cycle 02,Cycle 02 — Ecosystems & Feeding Relationships (Unit 1),▶ LIVE — Cycle 02 — Ecosystems & Feeding Relationships (VT deck) — with Concept Bank + slide index.pptx,33,Activity and resource links,printed+run,https://youtu.be/7cRgK0qG00E,https://youtu.be/7cRgK0qG00E,external,,,external (not checked live),n/a — external,,
Cycle 02,Cycle 02 — Ecosystems & Feeding Relationships (Unit 1),▶ LIVE — Cycle 02 — Ecosystems & Feeding Relationships (VT deck) — with Concept Bank + slide index.pptx,34,Image credits,printed,"Icons: Twemoji by X/Twitter, CC BY 4.0 — https://github.com/jdecked/twemoji",https://github.com/jdecked/twemoji,external,,,external (not checked live),n/a — external,,
Cycle 02,Cycle 02 — Ecosystems & Feeding Relationships (Unit 1),▶ LIVE — Cycle 02 — Ecosystems & Feeding Relationships (VT deck) — with Concept Bank.pptx,3,Bellringer,run,BioMan Ecology Games,https://biomanbio.com/HTML5GamesandLabs/EcoGames/ecology.html,external,,,external (not checked live),n/a — external,,
Cycle 02,Cycle 02 — Ecosystems & Feeding Relationships (Unit 1),▶ LIVE — Cycle 02 — Ecosystems & Feeding Relationships (VT deck) — with Concept Bank.pptx,8,Explore — the Energy Tank Model,printed+run+shape,▶  Tap to open and drag the sliders — change the transfer efficiency and watch the tanks,https://answerable-biology-models.netlify.app/energy.html,external,,,external (not checked live),n/a — external,,
Cycle 02,Cycle 02 — Ecosystems & Feeding Relationships (Unit 1),▶ LIVE — Cycle 02 — Ecosystems & Feeding Relationships (VT deck) — with Concept Bank.pptx,16,Day 1 activity · Critical Aspect 1,run,Feeding Relationships (Pacific NW) — PDF,https://drive.google.com/file/d/1Jw2SU5hL2kzdLCNKFo0XxXE8sB6xcbSK/view,drivefile/view,1Jw2SU5hL2kzdLCNKFo0XxXE8sB6xcbSK,33,OK — file found,kvd@answerableteaching.com : My Drive/BIOLOGY (Shared)/Cycle 02 — Ecosystems & Feeding Relationships (Unit 1)/My Class ,,
Cycle 02,Cycle 02 — Ecosystems & Feeding Relationships (Unit 1),▶ LIVE — Cycle 02 — Ecosystems & Feeding Relationships (VT deck) — with Concept Bank.pptx,18,Day 2 · finish Critical Aspect 1 activity,run,Feeding Relationships (Pacific NW) — PDF,https://drive.google.com/file/d/1Jw2SU5hL2kzdLCNKFo0XxXE8sB6xcbSK/view,drivefile/view,1Jw2SU5hL2kzdLCNKFo0XxXE8sB6xcbSK,33,OK — file found,kvd@answerableteaching.com : My Drive/BIOLOGY (Shared)/Cycle 02 — Ecosystems & Feeding Relationships (Unit 1)/My Class ,,
Cycle 02,Cycle 02 — Ecosystems & Feeding Relationships (Unit 1),▶ LIVE — Cycle 02 — Ecosystems & Feeding Relationships (VT deck) — with Concept Bank.pptx,26,Day 2 activity · Critical Aspect 2,run,Living Together — biointeractive.org,https://www.biointeractive.org/classroom-resources/living-together,external,,,external (not checked live),n/a — external,,
Cycle 02,Cycle 02 — Ecosystems & Feeding Relationships (Unit 1),▶ LIVE — Cycle 02 — Ecosystems & Feeding Relationships (VT deck) — with Concept Bank.pptx,29,What if?  /  Critical aspect: Energy flow through trophic levels,run,decomposers video,https://youtu.be/7cRgK0qG00E,external,,,external (not checked live),n/a — external,,
Cycle 02,Cycle 02 — Ecosystems & Feeding Relationships (Unit 1),▶ LIVE — Cycle 02 — Ecosystems & Feeding Relationships (VT deck) — with Concept Bank.pptx,30,Optional challenge,run,Chains & Webs (Gorongosa) — biointeractive.org,https://www.biointeractive.org/classroom-resources/creating-chains-and-webs-model-ecological-relationships,external,,,external (not checked live),n/a — external,,
Cycle 02,Cycle 02 — Ecosystems & Feeding Relationships (Unit 1),▶ LIVE — Cycle 02 — Ecosystems & Feeding Relationships (VT deck) — with Concept Bank.pptx,36,Activity and resource links,printed+run,https://answerable-biology-models.netlify.app/energy.html,https://answerable-biology-models.netlify.app/energy.html,external,,,external (not checked live),n/a — external,,
Cycle 02,Cycle 02 — Ecosystems & Feeding Relationships (Unit 1),▶ LIVE — Cycle 02 — Ecosystems & Feeding Relationships (VT deck) — with Concept Bank.pptx,36,Activity and resource links,printed+run,https://biomanbio.com/HTML5GamesandLabs/EcoGames/ecology.html,https://biomanbio.com/HTML5GamesandLabs/EcoGames/ecology.html,external,,,external (not checked live),n/a — external,,
Cycle 02,Cycle 02 — Ecosystems & Feeding Relationships (Unit 1),▶ LIVE — Cycle 02 — Ecosystems & Feeding Relationships (VT deck) — with Concept Bank.pptx,36,Activity and resource links,printed+run,https://drive.google.com/file/d/1Jw2SU5hL2kzdLCNKFo0XxXE8sB6xcbSK/view,https://drive.google.com/file/d/1Jw2SU5hL2kzdLCNKFo0XxXE8sB6xcbSK/view,drivefile/view,1Jw2SU5hL2kzdLCNKFo0XxXE8sB6xcbSK,33,OK — file found,kvd@answerableteaching.com : My Drive/BIOLOGY (Shared)/Cycle 02 — Ecosystems & Feeding Relationships (Unit 1)/My Class ,,
Cycle 02,Cycle 02 — Ecosystems & Feeding Relationships (Unit 1),▶ LIVE — Cycle 02 — Ecosystems & Feeding Relationships (VT deck) — with Concept Bank.pptx,36,Activity and resource links,printed+run,https://www.biointeractive.org/classroom-resources/creating-chains-and-webs-model-ecological-relationships,https://www.biointeractive.org/classroom-resources/creating-chains-and-webs-model-ecological-relationships,external,,,external (not checked live),n/a — external,,
Cycle 02,Cycle 02 — Ecosystems & Feeding Relationships (Unit 1),▶ LIVE — Cycle 02 — Ecosystems & Feeding Relationships (VT deck) — with Concept Bank.pptx,36,Activity and resource links,printed+run,https://www.biointeractive.org/classroom-resources/living-together,https://www.biointeractive.org/classroom-resources/living-together,external,,,external (not checked live),n/a — external,,
Cycle 02,Cycle 02 — Ecosystems & Feeding Relationships (Unit 1),▶ LIVE — Cycle 02 — Ecosystems & Feeding Relationships (VT deck) — with Concept Bank.pptx,36,Activity and resource links,printed+run,https://youtu.be/7cRgK0qG00E,https://youtu.be/7cRgK0qG00E,external,,,external (not checked live),n/a — external,,
Cycle 02,Cycle 02 — Ecosystems & Feeding Relationships (Unit 1),▶ LIVE — Cycle 02 — Ecosystems & Feeding Relationships (VT deck) — with Concept Bank.pptx,37,Image credits,printed,"Icons: Twemoji by X/Twitter, CC BY 4.0 — https://github.com/jdecked/twemoji",https://github.com/jdecked/twemoji,external,,,external (not checked live),n/a — external,,
Cycle 02,Cycle 02 — Ecosystems & Feeding Relationships (Unit 1),▶ LIVE — Cycle 02 — Ecosystems & Feeding Relationships (VT deck).pptx,3,Bellringer,run,BioMan Ecology Games,https://biomanbio.com/HTML5GamesandLabs/EcoGames/ecology.html,external,,,external (not checked live),n/a — external,,
Cycle 02,Cycle 02 — Ecosystems & Feeding Relationships (Unit 1),▶ LIVE — Cycle 02 — Ecosystems & Feeding Relationships (VT deck).pptx,8,Explore — the Energy Tank Model,printed+run+shape,▶  Tap to open and drag the sliders — change the transfer efficiency and watch the tanks,https://answerable-biology-models.netlify.app/energy.html,external,,,external (not checked live),n/a — external,,
Cycle 02,Cycle 02 — Ecosystems & Feeding Relationships (Unit 1),▶ LIVE — Cycle 02 — Ecosystems & Feeding Relationships (VT deck).pptx,16,Day 1 activity · Critical Aspect 1,run,Feeding Relationships (Pacific NW) — PDF,https://drive.google.com/file/d/1Jw2SU5hL2kzdLCNKFo0XxXE8sB6xcbSK/view,drivefile/view,1Jw2SU5hL2kzdLCNKFo0XxXE8sB6xcbSK,33,OK — file found,kvd@answerableteaching.com : My Drive/BIOLOGY (Shared)/Cycle 02 — Ecosystems & Feeding Relationships (Unit 1)/My Class ,,
Cycle 02,Cycle 02 — Ecosystems & Feeding Relationships (Unit 1),▶ LIVE — Cycle 02 — Ecosystems & Feeding Relationships (VT deck).pptx,18,Day 2 · finish Critical Aspect 1 activity,run,Feeding Relationships (Pacific NW) — PDF,https://drive.google.com/file/d/1Jw2SU5hL2kzdLCNKFo0XxXE8sB6xcbSK/view,drivefile/view,1Jw2SU5hL2kzdLCNKFo0XxXE8sB6xcbSK,33,OK — file found,kvd@answerableteaching.com : My Drive/BIOLOGY (Shared)/Cycle 02 — Ecosystems & Feeding Relationships (Unit 1)/My Class ,,
Cycle 02,Cycle 02 — Ecosystems & Feeding Relationships (Unit 1),▶ LIVE — Cycle 02 — Ecosystems & Feeding Relationships (VT deck).pptx,26,Day 2 activity · Critical Aspect 2,run,Living Together — biointeractive.org,https://www.biointeractive.org/classroom-resources/living-together,external,,,external (not checked live),n/a — external,,
Cycle 02,Cycle 02 — Ecosystems & Feeding Relationships (Unit 1),▶ LIVE — Cycle 02 — Ecosystems & Feeding Relationships (VT deck).pptx,28,What if?  /  Critical aspect: Energy flow through trophic levels,run,decomposers video,https://youtu.be/7cRgK0qG00E,external,,,external (not checked live),n/a — external,,
Cycle 02,Cycle 02 — Ecosystems & Feeding Relationships (Unit 1),▶ LIVE — Cycle 02 — Ecosystems & Feeding Relationships (VT deck).pptx,29,Optional challenge,run,Chains & Webs (Gorongosa) — biointeractive.org,https://www.biointeractive.org/classroom-resources/creating-chains-and-webs-model-ecological-relationships,external,,,external (not checked live),n/a — external,,
Cycle 02,Cycle 02 — Ecosystems & Feeding Relationships (Unit 1),▶ LIVE — Cycle 02 — Ecosystems & Feeding Relationships (VT deck).pptx,35,Activity and resource links,printed+run,https://answerable-biology-models.netlify.app/energy.html,https://answerable-biology-models.netlify.app/energy.html,external,,,external (not checked live),n/a — external,,
Cycle 02,Cycle 02 — Ecosystems & Feeding Relationships (Unit 1),▶ LIVE — Cycle 02 — Ecosystems & Feeding Relationships (VT deck).pptx,35,Activity and resource links,printed+run,https://biomanbio.com/HTML5GamesandLabs/EcoGames/ecology.html,https://biomanbio.com/HTML5GamesandLabs/EcoGames/ecology.html,external,,,external (not checked live),n/a — external,,
Cycle 02,Cycle 02 — Ecosystems & Feeding Relationships (Unit 1),▶ LIVE — Cycle 02 — Ecosystems & Feeding Relationships (VT deck).pptx,35,Activity and resource links,printed+run,https://drive.google.com/file/d/1Jw2SU5hL2kzdLCNKFo0XxXE8sB6xcbSK/view,https://drive.google.com/file/d/1Jw2SU5hL2kzdLCNKFo0XxXE8sB6xcbSK/view,drivefile/view,1Jw2SU5hL2kzdLCNKFo0XxXE8sB6xcbSK,33,OK — file found,kvd@answerableteaching.com : My Drive/BIOLOGY (Shared)/Cycle 02 — Ecosystems & Feeding Relationships (Unit 1)/My Class ,,
Cycle 02,Cycle 02 — Ecosystems & Feeding Relationships (Unit 1),▶ LIVE — Cycle 02 — Ecosystems & Feeding Relationships (VT deck).pptx,35,Activity and resource links,printed+run,https://www.biointeractive.org/classroom-resources/creating-chains-and-webs-model-ecological-relationships,https://www.biointeractive.org/classroom-resources/creating-chains-and-webs-model-ecological-relationships,external,,,external (not checked live),n/a — external,,
Cycle 02,Cycle 02 — Ecosystems & Feeding Relationships (Unit 1),▶ LIVE — Cycle 02 — Ecosystems & Feeding Relationships (VT deck).pptx,35,Activity and resource links,printed+run,https://www.biointeractive.org/classroom-resources/living-together,https://www.biointeractive.org/classroom-resources/living-together,external,,,external (not checked live),n/a — external,,
Cycle 02,Cycle 02 — Ecosystems & Feeding Relationships (Unit 1),▶ LIVE — Cycle 02 — Ecosystems & Feeding Relationships (VT deck).pptx,35,Activity and resource links,printed+run,https://youtu.be/7cRgK0qG00E,https://youtu.be/7cRgK0qG00E,external,,,external (not checked live),n/a — external,,
Cycle 02,Cycle 02 — Ecosystems & Feeding Relationships (Unit 1),▶ LIVE — Cycle 02 — Ecosystems & Feeding Relationships (VT deck).pptx,36,Image credits,printed,"Icons: Twemoji by X/Twitter, CC BY 4.0 — https://github.com/jdecked/twemoji",https://github.com/jdecked/twemoji,external,,,external (not checked live),n/a — external,,
Cycle 03,Cycle 03 — Energy Flow & Trophic Pyramids (Unit 1),▶ LIVE — Cycle 03 — Energy Flow & Trophic Pyramids — with Concept Bank.pptx,1,TEACHER REFERENCE — not projected to studentsCycle 3 · Energy Flow & Trophic PyramidsUnit 1 · 3 class cycles,run,Energy Flow — Station Checksheet,about:blank,malformed,,,BROKEN — no URL (about:blank); material IS present,"SHARED tree, Cycle 03 / My Class only (print) :: Cycle 03 — Energy Flow — Station Checksheet.docx",https://drive.google.com/file/d/1dUHg9wztUe2kQUjnOUpY8lYzsAXiMDZ1/view,name match 0.80 in the deck's own cycle; target = SHARED tree (print subfolder); the same file exists as 4 copies (AGENDA+PUBLIC+SHARED) — SHARED chosen because 71/71 working links point there
Cycle 03,Cycle 03 — Energy Flow & Trophic Pyramids (Unit 1),▶ LIVE — Cycle 03 — Energy Flow & Trophic Pyramids — with Concept Bank.pptx,1,TEACHER REFERENCE — not projected to studentsCycle 3 · Energy Flow & Trophic PyramidsUnit 1 · 3 class cycles,printed+run,Gizmo: Food Chain (ExploreLearning — subscription) — https://gizmos.explorelearning.com/find-gizmos/lesson-info?resourceId=381,https://gizmos.explorelearning.com/find-gizmos/lesson-info?resourceId=381,external,,,external (not checked live),n/a — external,,
Cycle 03,Cycle 03 — Energy Flow & Trophic Pyramids (Unit 1),▶ LIVE — Cycle 03 — Energy Flow & Trophic Pyramids — with Concept Bank.pptx,1,TEACHER REFERENCE — not projected to studentsCycle 3 · Energy Flow & Trophic PyramidsUnit 1 · 3 class cycles,printed+run,HHMI BioInteractive — Nutrient Cycling in the Serengeti — https://www.biointeractive.org/classroom-resources/nutrient-cycling-serengeti,https://www.biointeractive.org/classroom-resources/nutrient-cycling-serengeti,external,,,external (not checked live),n/a — external,,
Cycle 03,Cycle 03 — Energy Flow & Trophic Pyramids (Unit 1),▶ LIVE — Cycle 03 — Energy Flow & Trophic Pyramids — with Concept Bank.pptx,1,TEACHER REFERENCE — not projected to studentsCycle 3 · Energy Flow & Trophic PyramidsUnit 1 · 3 class cycles,printed+run,Amoeba Sisters — Food Webs & Energy Pyramids — https://www.youtube.com/watch?v=-oVavgmveyY,https://www.youtube.com/watch?v=-oVavgmveyY,external,,,external (not checked live),n/a — external,,
Cycle 03,Cycle 03 — Energy Flow & Trophic Pyramids (Unit 1),▶ LIVE — Cycle 03 — Energy Flow & Trophic Pyramids — with Concept Bank.pptx,1,TEACHER REFERENCE — not projected to studentsCycle 3 · Energy Flow & Trophic PyramidsUnit 1 · 3 class cycles,printed+run,Crash Course Ecology — Ecosystem Ecology: Links in the Chain — https://www.youtube.com/watch?v=v6ubvEJ3KGM,https://www.youtube.com/watch?v=v6ubvEJ3KGM,external,,,external (not checked live),n/a — external,,
Cycle 03,Cycle 03 — Energy Flow & Trophic Pyramids (Unit 1),▶ LIVE — Cycle 03 — Energy Flow & Trophic Pyramids — with Concept Bank.pptx,4,Bellringer,run,Feed the Dingo — keep an ecosystem alive by balancing who eats whom. Notice what happens when the plants run out.,https://biomanbio.com/HTML5GamesandLabs/EcoGames/ecology.html,external,,,external (not checked live),n/a — external,,
Cycle 03,Cycle 03 — Energy Flow & Trophic Pyramids (Unit 1),▶ LIVE — Cycle 03 — Energy Flow & Trophic Pyramids — with Concept Bank.pptx,4,Bellringer,run,CK-12 Biology — Trophic Levels (6.4),https://flexbooks.ck12.org/cbook/ck-12-biology-flexbook-2.0/section/6.4/primary/lesson/trophic-levels-bio/,external,,,external (not checked live),n/a — external,,
Cycle 03,Cycle 03 — Energy Flow & Trophic Pyramids (Unit 1),▶ LIVE — Cycle 03 — Energy Flow & Trophic Pyramids — with Concept Bank.pptx,4,Bellringer,run,Khan Academy — Trophic levels,https://www.khanacademy.org/science/high-school-biology/hs-ecology/trophic-levels,external,,,external (not checked live),n/a — external,,
Cycle 03,Cycle 03 — Energy Flow & Trophic Pyramids (Unit 1),▶ LIVE — Cycle 03 — Energy Flow & Trophic Pyramids — with Concept Bank.pptx,9,Explore — the Energy Tank Model,run,▶  Tap to open the interactive model and drag the sliders,https://answerable-biology-models.netlify.app/energy.html,external,,,external (not checked live),n/a — external,,
Cycle 03,Cycle 03 — Energy Flow & Trophic Pyramids (Unit 1),▶ LIVE — Cycle 03 — Energy Flow & Trophic Pyramids — with Concept Bank.pptx,16,Day 1 activity · Critical Aspect 1,run,Open: Station Checksheet — record your answers there too,https://drive.google.com/file/d/1aHuzgv8b4uH34j18JP-7fE8PK_twNSsi/view,drivefile/view,1aHuzgv8b4uH34j18JP-7fE8PK_twNSsi,33,OK — file found,kvd@answerableteaching.com : My Drive/BIOLOGY (Shared)/Cycle 03 — Energy Flow & Trophic Pyramids (Unit 1),,
Cycle 03,Cycle 03 — Energy Flow & Trophic Pyramids (Unit 1),▶ LIVE — Cycle 03 — Energy Flow & Trophic Pyramids — with Concept Bank.pptx,17,Day 1 activity · Critical Aspect 1,run,Open: Station Checksheet — record your answers there too,https://drive.google.com/file/d/1aHuzgv8b4uH34j18JP-7fE8PK_twNSsi/view,drivefile/view,1aHuzgv8b4uH34j18JP-7fE8PK_twNSsi,33,OK — file found,kvd@answerableteaching.com : My Drive/BIOLOGY (Shared)/Cycle 03 — Energy Flow & Trophic Pyramids (Unit 1),,
Cycle 03,Cycle 03 — Energy Flow & Trophic Pyramids (Unit 1),▶ LIVE — Cycle 03 — Energy Flow & Trophic Pyramids — with Concept Bank.pptx,25,Day 2 activity · Critical Aspect 2,run,Open: Station Checksheet — finish the pyramid station,https://drive.google.com/file/d/1aHuzgv8b4uH34j18JP-7fE8PK_twNSsi/view,drivefile/view,1aHuzgv8b4uH34j18JP-7fE8PK_twNSsi,33,OK — file found,kvd@answerableteaching.com : My Drive/BIOLOGY (Shared)/Cycle 03 — Energy Flow & Trophic Pyramids (Unit 1),,
Cycle 03,Cycle 03 — Energy Flow & Trophic Pyramids (Unit 1),▶ LIVE — Cycle 03 — Energy Flow & Trophic Pyramids — with Concept Bank.pptx,27,Optional challenge,run,Need the 10% rule again? Open the Energy Tank Model,https://answerable-biology-models.netlify.app/energy.html,external,,,external (not checked live),n/a — external,,
Cycle 03,Cycle 03 — Energy Flow & Trophic Pyramids (Unit 1),▶ LIVE — Cycle 03 — Energy Flow & Trophic Pyramids — with Concept Bank.pptx,29,CONCEPT BANK,run,CK-12 Biology — Trophic Levels (6.4),https://flexbooks.ck12.org/cbook/ck-12-biology-flexbook-2.0/section/6.4/primary/lesson/trophic-levels-bio/,external,,,external (not checked live),n/a — external,,
Cycle 03,Cycle 03 — Energy Flow & Trophic Pyramids (Unit 1),▶ LIVE — Cycle 03 — Energy Flow & Trophic Pyramids — with Concept Bank.pptx,29,CONCEPT BANK,run,Khan Academy — Trophic levels,https://www.khanacademy.org/science/high-school-biology/hs-ecology/trophic-levels,external,,,external (not checked live),n/a — external,,
Cycle 03,Cycle 03 — Energy Flow & Trophic Pyramids (Unit 1),▶ LIVE — Cycle 03 — Energy Flow & Trophic Pyramids — with Concept Bank.pptx,32,Activity and resource links,run,Energy Tank Model (interactive),https://answerable-biology-models.netlify.app/energy.html,external,,,external (not checked live),n/a — external,,
Cycle 03,Cycle 03 — Energy Flow & Trophic Pyramids (Unit 1),▶ LIVE — Cycle 03 — Energy Flow & Trophic Pyramids — with Concept Bank.pptx,32,Activity and resource links,run,Bellringer sim — Feed the Dingo,https://biomanbio.com/HTML5GamesandLabs/EcoGames/ecology.html,external,,,external (not checked live),n/a — external,,
Cycle 03,Cycle 03 — Energy Flow & Trophic Pyramids (Unit 1),▶ LIVE — Cycle 03 — Energy Flow & Trophic Pyramids — with Concept Bank.pptx,32,Activity and resource links,run,Station Checksheet,https://drive.google.com/file/d/1aHuzgv8b4uH34j18JP-7fE8PK_twNSsi/view,drivefile/view,1aHuzgv8b4uH34j18JP-7fE8PK_twNSsi,33,OK — file found,kvd@answerableteaching.com : My Drive/BIOLOGY (Shared)/Cycle 03 — Energy Flow & Trophic Pyramids (Unit 1),,
Cycle 03,Cycle 03 — Energy Flow & Trophic Pyramids (Unit 1),▶ LIVE — Cycle 03 — Energy Flow & Trophic Pyramids — with Concept Bank.pptx,32,Activity and resource links,run,FOR READERS — CK-12 Biology — Trophic Levels (6.4),https://flexbooks.ck12.org/cbook/ck-12-biology-flexbook-2.0/section/6.4/primary/lesson/trophic-levels-bio/,external,,,external (not checked live),n/a — external,,
Cycle 03,Cycle 03 — Energy Flow & Trophic Pyramids (Unit 1),▶ LIVE — Cycle 03 — Energy Flow & Trophic Pyramids — with Concept Bank.pptx,32,Activity and resource links,run,FOR TESTERS — Khan Academy — Trophic levels,https://www.khanacademy.org/science/high-school-biology/hs-ecology/trophic-levels,external,,,external (not checked live),n/a — external,,
Cycle 03,Cycle 03 — Energy Flow & Trophic Pyramids (Unit 1),▶ LIVE — Cycle 03 — Energy Flow & Trophic Pyramids — with Concept Bank.pptx,33,Image credits,printed,"Icons: Twemoji by X/Twitter, CC BY 4.0 — https://github.com/jdecked/twemoji",https://github.com/jdecked/twemoji,external,,,external (not checked live),n/a — external,,
Cycle 03,Cycle 03 — Energy Flow & Trophic Pyramids (Unit 1),▶ LIVE — Cycle 03 — Energy Flow & Trophic Pyramids.pptx,1,TEACHER REFERENCE — not projected to studentsCycle 3 · Energy Flow & Trophic PyramidsUnit 1 · 3 class cycles,run,Energy Flow — Station Checksheet,about:blank,malformed,,,BROKEN — no URL (about:blank); material IS present,"SHARED tree, Cycle 03 / My Class only (print) :: Cycle 03 — Energy Flow — Station Checksheet.docx",https://drive.google.com/file/d/1dUHg9wztUe2kQUjnOUpY8lYzsAXiMDZ1/view,name match 0.80 in the deck's own cycle; target = SHARED tree (print subfolder); the same file exists as 4 copies (AGENDA+PUBLIC+SHARED) — SHARED chosen because 71/71 working links point there
Cycle 03,Cycle 03 — Energy Flow & Trophic Pyramids (Unit 1),▶ LIVE — Cycle 03 — Energy Flow & Trophic Pyramids.pptx,1,TEACHER REFERENCE — not projected to studentsCycle 3 · Energy Flow & Trophic PyramidsUnit 1 · 3 class cycles,printed+run,Gizmo: Food Chain (ExploreLearning — subscription) — https://gizmos.explorelearning.com/find-gizmos/lesson-info?resourceId=381,https://gizmos.explorelearning.com/find-gizmos/lesson-info?resourceId=381,external,,,external (not checked live),n/a — external,,
Cycle 03,Cycle 03 — Energy Flow & Trophic Pyramids (Unit 1),▶ LIVE — Cycle 03 — Energy Flow & Trophic Pyramids.pptx,1,TEACHER REFERENCE — not projected to studentsCycle 3 · Energy Flow & Trophic PyramidsUnit 1 · 3 class cycles,printed+run,HHMI BioInteractive — Nutrient Cycling in the Serengeti — https://www.biointeractive.org/classroom-resources/nutrient-cycling-serengeti,https://www.biointeractive.org/classroom-resources/nutrient-cycling-serengeti,external,,,external (not checked live),n/a — external,,
Cycle 03,Cycle 03 — Energy Flow & Trophic Pyramids (Unit 1),▶ LIVE — Cycle 03 — Energy Flow & Trophic Pyramids.pptx,1,TEACHER REFERENCE — not projected to studentsCycle 3 · Energy Flow & Trophic PyramidsUnit 1 · 3 class cycles,printed+run,Amoeba Sisters — Food Webs & Energy Pyramids — https://www.youtube.com/watch?v=-oVavgmveyY,https://www.youtube.com/watch?v=-oVavgmveyY,external,,,external (not checked live),n/a — external,,
Cycle 03,Cycle 03 — Energy Flow & Trophic Pyramids (Unit 1),▶ LIVE — Cycle 03 — Energy Flow & Trophic Pyramids.pptx,1,TEACHER REFERENCE — not projected to studentsCycle 3 · Energy Flow & Trophic PyramidsUnit 1 · 3 class cycles,printed+run,Crash Course Ecology — Ecosystem Ecology: Links in the Chain — https://www.youtube.com/watch?v=v6ubvEJ3KGM,https://www.youtube.com/watch?v=v6ubvEJ3KGM,external,,,external (not checked live),n/a — external,,
Cycle 03,Cycle 03 — Energy Flow & Trophic Pyramids (Unit 1),▶ LIVE — Cycle 03 — Energy Flow & Trophic Pyramids.pptx,4,Bellringer,run,Feed the Dingo — keep an ecosystem alive by balancing who eats whom. Notice what happens when the plants run out.,https://biomanbio.com/HTML5GamesandLabs/EcoGames/ecology.html,external,,,external (not checked live),n/a — external,,
Cycle 03,Cycle 03 — Energy Flow & Trophic Pyramids (Unit 1),▶ LIVE — Cycle 03 — Energy Flow & Trophic Pyramids.pptx,4,Bellringer,run,CK-12 Biology — Trophic Levels (6.4),https://flexbooks.ck12.org/cbook/ck-12-biology-flexbook-2.0/section/6.4/primary/lesson/trophic-levels-bio/,external,,,external (not checked live),n/a — external,,
Cycle 03,Cycle 03 — Energy Flow & Trophic Pyramids (Unit 1),▶ LIVE — Cycle 03 — Energy Flow & Trophic Pyramids.pptx,4,Bellringer,run,Khan Academy — Trophic levels,https://www.khanacademy.org/science/high-school-biology/hs-ecology/trophic-levels,external,,,external (not checked live),n/a — external,,
Cycle 03,Cycle 03 — Energy Flow & Trophic Pyramids (Unit 1),▶ LIVE — Cycle 03 — Energy Flow & Trophic Pyramids.pptx,9,Explore — the Energy Tank Model,run,▶  Tap to open the interactive model and drag the sliders,https://answerable-biology-models.netlify.app/energy.html,external,,,external (not checked live),n/a — external,,
Cycle 03,Cycle 03 — Energy Flow & Trophic Pyramids (Unit 1),▶ LIVE — Cycle 03 — Energy Flow & Trophic Pyramids.pptx,16,Day 1 activity · Critical Aspect 1,run,Open: Station Checksheet — record your answers there too,https://drive.google.com/file/d/1aHuzgv8b4uH34j18JP-7fE8PK_twNSsi/view,drivefile/view,1aHuzgv8b4uH34j18JP-7fE8PK_twNSsi,33,OK — file found,kvd@answerableteaching.com : My Drive/BIOLOGY (Shared)/Cycle 03 — Energy Flow & Trophic Pyramids (Unit 1),,
Cycle 03,Cycle 03 — Energy Flow & Trophic Pyramids (Unit 1),▶ LIVE — Cycle 03 — Energy Flow & Trophic Pyramids.pptx,17,Day 1 activity · Critical Aspect 1,run,Open: Station Checksheet — record your answers there too,https://drive.google.com/file/d/1aHuzgv8b4uH34j18JP-7fE8PK_twNSsi/view,drivefile/view,1aHuzgv8b4uH34j18JP-7fE8PK_twNSsi,33,OK — file found,kvd@answerableteaching.com : My Drive/BIOLOGY (Shared)/Cycle 03 — Energy Flow & Trophic Pyramids (Unit 1),,
Cycle 03,Cycle 03 — Energy Flow & Trophic Pyramids (Unit 1),▶ LIVE — Cycle 03 — Energy Flow & Trophic Pyramids.pptx,25,Day 2 activity · Critical Aspect 2,run,Open: Station Checksheet — finish the pyramid station,https://drive.google.com/file/d/1aHuzgv8b4uH34j18JP-7fE8PK_twNSsi/view,drivefile/view,1aHuzgv8b4uH34j18JP-7fE8PK_twNSsi,33,OK — file found,kvd@answerableteaching.com : My Drive/BIOLOGY (Shared)/Cycle 03 — Energy Flow & Trophic Pyramids (Unit 1),,
Cycle 03,Cycle 03 — Energy Flow & Trophic Pyramids (Unit 1),▶ LIVE — Cycle 03 — Energy Flow & Trophic Pyramids.pptx,27,Optional challenge,run,Need the 10% rule again? Open the Energy Tank Model,https://answerable-biology-models.netlify.app/energy.html,external,,,external (not checked live),n/a — external,,
Cycle 03,Cycle 03 — Energy Flow & Trophic Pyramids (Unit 1),▶ LIVE — Cycle 03 — Energy Flow & Trophic Pyramids.pptx,31,Activity and resource links,run,Energy Tank Model (interactive),https://answerable-biology-models.netlify.app/energy.html,external,,,external (not checked live),n/a — external,,
Cycle 03,Cycle 03 — Energy Flow & Trophic Pyramids (Unit 1),▶ LIVE — Cycle 03 — Energy Flow & Trophic Pyramids.pptx,31,Activity and resource links,run,Bellringer sim — Feed the Dingo,https://biomanbio.com/HTML5GamesandLabs/EcoGames/ecology.html,external,,,external (not checked live),n/a — external,,
Cycle 03,Cycle 03 — Energy Flow & Trophic Pyramids (Unit 1),▶ LIVE — Cycle 03 — Energy Flow & Trophic Pyramids.pptx,31,Activity and resource links,run,Station Checksheet,https://drive.google.com/file/d/1aHuzgv8b4uH34j18JP-7fE8PK_twNSsi/view,drivefile/view,1aHuzgv8b4uH34j18JP-7fE8PK_twNSsi,33,OK — file found,kvd@answerableteaching.com : My Drive/BIOLOGY (Shared)/Cycle 03 — Energy Flow & Trophic Pyramids (Unit 1),,
Cycle 03,Cycle 03 — Energy Flow & Trophic Pyramids (Unit 1),▶ LIVE — Cycle 03 — Energy Flow & Trophic Pyramids.pptx,31,Activity and resource links,run,FOR READERS — CK-12 Biology — Trophic Levels (6.4),https://flexbooks.ck12.org/cbook/ck-12-biology-flexbook-2.0/section/6.4/primary/lesson/trophic-levels-bio/,external,,,external (not checked live),n/a — external,,
Cycle 03,Cycle 03 — Energy Flow & Trophic Pyramids (Unit 1),▶ LIVE — Cycle 03 — Energy Flow & Trophic Pyramids.pptx,31,Activity and resource links,run,FOR TESTERS — Khan Academy — Trophic levels,https://www.khanacademy.org/science/high-school-biology/hs-ecology/trophic-levels,external,,,external (not checked live),n/a — external,,
Cycle 03,Cycle 03 — Energy Flow & Trophic Pyramids (Unit 1),▶ LIVE — Cycle 03 — Energy Flow & Trophic Pyramids.pptx,32,Image credits,printed,"Icons: Twemoji by X/Twitter, CC BY 4.0 — https://github.com/jdecked/twemoji",https://github.com/jdecked/twemoji,external,,,external (not checked live),n/a — external,,
Cycle 04,Cycle 04 — Cycles of Matter_ The Carbon Cycle (Unit 1),▶ LIVE — Cycle 04 — Cycles of Matter_ The Carbon Cycle — with Concept Bank.pptx,1,TEACHER REFERENCE — not projected to students,run,NAGT Reservoir Cards,https://cdn.serc.carleton.edu/files/nagt/programs/teachingmaterials/reservoir_cards.doc,external,,,external (not checked live),n/a — external,,
Cycle 04,Cycle 04 — Cycles of Matter_ The Carbon Cycle (Unit 1),▶ LIVE — Cycle 04 — Cycles of Matter_ The Carbon Cycle — with Concept Bank.pptx,1,TEACHER REFERENCE — not projected to students,printed+run,Gizmo: Carbon Cycle (ExploreLearning — subscription) https://gizmos.explorelearning.com/find-gizmos/lesson-info?resourceId=1061,https://gizmos.explorelearning.com/find-gizmos/lesson-info?resourceId=1061,external,,,external (not checked live),n/a — external,,
Cycle 04,Cycle 04 — Cycles of Matter_ The Carbon Cycle (Unit 1),▶ LIVE — Cycle 04 — Cycles of Matter_ The Carbon Cycle — with Concept Bank.pptx,1,TEACHER REFERENCE — not projected to students,printed+run,PhET — The Greenhouse Effect (extra sim) — https://phet.colorado.edu/en/simulations/greenhouse-effect,https://phet.colorado.edu/en/simulations/greenhouse-effect,external,,,external (not checked live),n/a — external,,
Cycle 04,Cycle 04 — Cycles of Matter_ The Carbon Cycle (Unit 1),▶ LIVE — Cycle 04 — Cycles of Matter_ The Carbon Cycle — with Concept Bank.pptx,1,TEACHER REFERENCE — not projected to students,printed+run,HHMI BioInteractive — The Geologic Carbon Cycle — https://www.biointeractive.org/classroom-resources/geologic-carbon-cycle,https://www.biointeractive.org/classroom-resources/geologic-carbon-cycle,external,,,external (not checked live),n/a — external,,
Cycle 04,Cycle 04 — Cycles of Matter_ The Carbon Cycle (Unit 1),▶ LIVE — Cycle 04 — Cycles of Matter_ The Carbon Cycle — with Concept Bank.pptx,1,TEACHER REFERENCE — not projected to students,printed+run,Amoeba Sisters — Carbon and Nitrogen Cycles — https://www.youtube.com/watch?v=NHqEthRCqQ4,https://www.youtube.com/watch?v=NHqEthRCqQ4,external,,,external (not checked live),n/a — external,,
Cycle 04,Cycle 04 — Cycles of Matter_ The Carbon Cycle (Unit 1),▶ LIVE — Cycle 04 — Cycles of Matter_ The Carbon Cycle — with Concept Bank.pptx,3,Bellringer,run,"Skim the diagram of where carbon hides on Earth — air, plants, animals, soil, oceans.",https://biomanbio.com/HTML5GamesandLabs/EcoGames/carbonquest-page.html,external,,,external (not checked live),n/a — external,,
Cycle 04,Cycle 04 — Cycles of Matter_ The Carbon Cycle (Unit 1),▶ LIVE — Cycle 04 — Cycles of Matter_ The Carbon Cycle — with Concept Bank.pptx,3,Bellringer,run,CK-12 Biology — Carbon Cycle (6.6),https://flexbooks.ck12.org/cbook/ck-12-biology-flexbook-2.0/section/6.6/primary/lesson/carbon-cycle-bio/,external,,,external (not checked live),n/a — external,,
Cycle 04,Cycle 04 — Cycles of Matter_ The Carbon Cycle (Unit 1),▶ LIVE — Cycle 04 — Cycles of Matter_ The Carbon Cycle — with Concept Bank.pptx,3,Bellringer,run,Khan Academy — Biogeochemical cycles,https://www.khanacademy.org/science/high-school-biology/hs-ecology/hs-biogeochemical-cycles,external,,,external (not checked live),n/a — external,,
Cycle 04,Cycle 04 — Cycles of Matter_ The Carbon Cycle (Unit 1),▶ LIVE — Cycle 04 — Cycles of Matter_ The Carbon Cycle — with Concept Bank.pptx,8,Explore — the Carbon Tank Model,printed+run,▶  Tap to open the interactive model and drag the sliders,https://answerable-biology-models.netlify.app/carbon.html,external,,,external (not checked live),n/a — external,,
Cycle 04,Cycle 04 — Cycles of Matter_ The Carbon Cycle (Unit 1),▶ LIVE — Cycle 04 — Cycles of Matter_ The Carbon Cycle — with Concept Bank.pptx,15,Day 1 activity · Critical Aspect 1,run,Open: Carbon Companion Activity (in this cycle's folder),https://drive.google.com/file/d/1pAD2wAq5xgZyLkJLQ_a1Pjxk7ugtC7lV/view,drivefile/view,1pAD2wAq5xgZyLkJLQ_a1Pjxk7ugtC7lV,33,OK — file found,kvd@answerableteaching.com : My Drive/BIOLOGY (Shared)/Cycle 04 — Cycles of Matter_ The Carbon Cycle (Unit 1),,
Cycle 04,Cycle 04 — Cycles of Matter_ The Carbon Cycle (Unit 1),▶ LIVE — Cycle 04 — Cycles of Matter_ The Carbon Cycle — with Concept Bank.pptx,15,Day 1 activity · Critical Aspect 1,run,Watch: Veritasium — Where Do Trees Get Their Mass? (about 4 min),https://www.youtube.com/watch?v=2KZb2_vcNTg,external,,,external (not checked live),n/a — external,,
Cycle 04,Cycle 04 — Cycles of Matter_ The Carbon Cycle (Unit 1),▶ LIVE — Cycle 04 — Cycles of Matter_ The Carbon Cycle — with Concept Bank.pptx,23,Day 2 activity · Critical Aspect 2,run,"Roll here: Carbon Cycle Game — digitized version, nothing to print",https://science.dbuckley.dev/labs/carbon-cycle,external,,,external (not checked live),n/a — external,,
Cycle 04,Cycle 04 — Cycles of Matter_ The Carbon Cycle (Unit 1),▶ LIVE — Cycle 04 — Cycles of Matter_ The Carbon Cycle — with Concept Bank.pptx,24,"What if?  /  Critical aspect: Matter cycles, energy does not",run,Read first: UCAR — how humans change the carbon cycle,https://biomanbio.com/HTML5GamesandLabs/EcoGames/carbonquest-page.html,external,,,external (not checked live),n/a — external,,
Cycle 04,Cycle 04 — Cycles of Matter_ The Carbon Cycle (Unit 1),▶ LIVE — Cycle 04 — Cycles of Matter_ The Carbon Cycle — with Concept Bank.pptx,25,Optional challenge,run,Read first: UCAR — the changing carbon cycle,https://scied.ucar.edu/learning-zone/climate-change-impacts/changing-carbon-cycle,external,,,external (not checked live),n/a — external,,
Cycle 04,Cycle 04 — Cycles of Matter_ The Carbon Cycle (Unit 1),▶ LIVE — Cycle 04 — Cycles of Matter_ The Carbon Cycle — with Concept Bank.pptx,27,CONCEPT BANK,run,CK-12 Biology — Carbon Cycle (6.6),https://flexbooks.ck12.org/cbook/ck-12-biology-flexbook-2.0/section/6.6/primary/lesson/carbon-cycle-bio/,external,,,external (not checked live),n/a — external,,
Cycle 04,Cycle 04 — Cycles of Matter_ The Carbon Cycle (Unit 1),▶ LIVE — Cycle 04 — Cycles of Matter_ The Carbon Cycle — with Concept Bank.pptx,27,CONCEPT BANK,run,Khan Academy — Biogeochemical cycles,https://www.khanacademy.org/science/high-school-biology/hs-ecology/hs-biogeochemical-cycles,external,,,external (not checked live),n/a — external,,
Cycle 04,Cycle 04 — Cycles of Matter_ The Carbon Cycle (Unit 1),▶ LIVE — Cycle 04 — Cycles of Matter_ The Carbon Cycle — with Concept Bank.pptx,29,Activity and resource links,printed+run,https://answerable-biology-models.netlify.app/carbon.html,https://answerable-biology-models.netlify.app/carbon.html,external,,,external (not checked live),n/a — external,,
Cycle 04,Cycle 04 — Cycles of Matter_ The Carbon Cycle (Unit 1),▶ LIVE — Cycle 04 — Cycles of Matter_ The Carbon Cycle — with Concept Bank.pptx,29,Activity and resource links,printed+run,https://biomanbio.com/HTML5GamesandLabs/EcoGames/carbonquest-page.html,https://biomanbio.com/HTML5GamesandLabs/EcoGames/carbonquest-page.html,external,,,external (not checked live),n/a — external,,
Cycle 04,Cycle 04 — Cycles of Matter_ The Carbon Cycle (Unit 1),▶ LIVE — Cycle 04 — Cycles of Matter_ The Carbon Cycle — with Concept Bank.pptx,29,Activity and resource links,printed+run,https://cdn.serc.carleton.edu/files/nagt/programs/teachingmaterials/reservoir_cards.doc,https://cdn.serc.carleton.edu/files/nagt/programs/teachingmaterials/reservoir_cards.doc,external,,,external (not checked live),n/a — external,,
Cycle 04,Cycle 04 — Cycles of Matter_ The Carbon Cycle (Unit 1),▶ LIVE — Cycle 04 — Cycles of Matter_ The Carbon Cycle — with Concept Bank.pptx,29,Activity and resource links,printed+run,https://cdn.serc.carleton.edu/files/nagt/programs/teachingmaterials/teachers_notes_carbon_cycle.docx,https://cdn.serc.carleton.edu/files/nagt/programs/teachingmaterials/teachers_notes_carbon_cycle.docx,external,,,external (not checked live),n/a — external,,
Cycle 04,Cycle 04 — Cycles of Matter_ The Carbon Cycle (Unit 1),▶ LIVE — Cycle 04 — Cycles of Matter_ The Carbon Cycle — with Concept Bank.pptx,29,Activity and resource links,run,Carbon Companion Activity (Day 1),https://drive.google.com/file/d/1pAD2wAq5xgZyLkJLQ_a1Pjxk7ugtC7lV/view,drivefile/view,1pAD2wAq5xgZyLkJLQ_a1Pjxk7ugtC7lV,33,OK — file found,kvd@answerableteaching.com : My Drive/BIOLOGY (Shared)/Cycle 04 — Cycles of Matter_ The Carbon Cycle (Unit 1),,
Cycle 04,Cycle 04 — Cycles of Matter_ The Carbon Cycle (Unit 1),▶ LIVE — Cycle 04 — Cycles of Matter_ The Carbon Cycle — with Concept Bank.pptx,29,Activity and resource links,run,Journey through the carbon cycle — no printable; the cards and the recording space are on the Day 2 activity slide.,https://drive.google.com/file/d/1vqwnoDMH9wiP0M4_zYvlkoFcWejTlaXA/view,drivefile/view,1vqwnoDMH9wiP0M4_zYvlkoFcWejTlaXA,33,"MISSING — no file of this name in this cycle, in any tree",NOT FOUND,,"The label itself reads 'no printable — the cards and the recording space are on the Day 2 activity slide', yet the line carries a hyperlink to a dead id. A worksheet named 'Cycle 04 — Journey Through the Carbon Cycle — Student Worksheet' DOES exist, but only in 03 Biology (Materials AIHS Agenda), not in the Cycle 04 folder or its print subfolder. Either the link should be removed to match the label, or the worksheet should be placed in the cycle folder. Katherine's call — not mechanical."
Cycle 04,Cycle 04 — Cycles of Matter_ The Carbon Cycle (Unit 1),▶ LIVE — Cycle 04 — Cycles of Matter_ The Carbon Cycle — with Concept Bank.pptx,29,Activity and resource links,printed+run,https://flexbooks.ck12.org/cbook/ck-12-biology-flexbook-2.0/section/6.6/primary/lesson/carbon-cycle-bio/,https://flexbooks.ck12.org/cbook/ck-12-biology-flexbook-2.0/section/6.6/primary/lesson/carbon-cycle-bio/,external,,,external (not checked live),n/a — external,,
Cycle 04,Cycle 04 — Cycles of Matter_ The Carbon Cycle (Unit 1),▶ LIVE — Cycle 04 — Cycles of Matter_ The Carbon Cycle — with Concept Bank.pptx,29,Activity and resource links,endParaRPr+printed+run,Carbon Cycle Game — digitized version (no printing),https://science.dbuckley.dev/labs/carbon-cycle,external,,,external (not checked live),n/a — external,,
Cycle 04,Cycle 04 — Cycles of Matter_ The Carbon Cycle (Unit 1),▶ LIVE — Cycle 04 — Cycles of Matter_ The Carbon Cycle — with Concept Bank.pptx,29,Activity and resource links,printed+run,https://www.khanacademy.org/science/high-school-biology/hs-ecology/hs-biogeochemical-cycles,https://www.khanacademy.org/science/high-school-biology/hs-ecology/hs-biogeochemical-cycles,external,,,external (not checked live),n/a — external,,
Cycle 04,Cycle 04 — Cycles of Matter_ The Carbon Cycle (Unit 1),▶ LIVE — Cycle 04 — Cycles of Matter_ The Carbon Cycle — with Concept Bank.pptx,29,Activity and resource links,printed+run,Veritasium — Where Do Trees Get Their Mass?,https://www.youtube.com/watch?v=2KZb2_vcNTg,external,,,external (not checked live),n/a — external,,
Cycle 04,Cycle 04 — Cycles of Matter_ The Carbon Cycle (Unit 1),▶ LIVE — Cycle 04 — Cycles of Matter_ The Carbon Cycle — with Concept Bank.pptx,30,Image credits,printed,"Icons: Twemoji by X/Twitter, CC BY 4.0 — https://github.com/jdecked/twemoji",https://github.com/jdecked/twemoji,external,,,external (not checked live),n/a — external,,
Cycle 04,Cycle 04 — Cycles of Matter_ The Carbon Cycle (Unit 1),▶ LIVE — Cycle 04 — Cycles of Matter_ The Carbon Cycle.pptx,1,TEACHER REFERENCE — not projected to students,run,NAGT Reservoir Cards,https://cdn.serc.carleton.edu/files/nagt/programs/teachingmaterials/reservoir_cards.doc,external,,,external (not checked live),n/a — external,,
Cycle 04,Cycle 04 — Cycles of Matter_ The Carbon Cycle (Unit 1),▶ LIVE — Cycle 04 — Cycles of Matter_ The Carbon Cycle.pptx,1,TEACHER REFERENCE — not projected to students,printed+run,Gizmo: Carbon Cycle (ExploreLearning — subscription) https://gizmos.explorelearning.com/find-gizmos/lesson-info?resourceId=1061,https://gizmos.explorelearning.com/find-gizmos/lesson-info?resourceId=1061,external,,,external (not checked live),n/a — external,,
Cycle 04,Cycle 04 — Cycles of Matter_ The Carbon Cycle (Unit 1),▶ LIVE — Cycle 04 — Cycles of Matter_ The Carbon Cycle.pptx,1,TEACHER REFERENCE — not projected to students,printed+run,PhET — The Greenhouse Effect (extra sim) — https://phet.colorado.edu/en/simulations/greenhouse-effect,https://phet.colorado.edu/en/simulations/greenhouse-effect,external,,,external (not checked live),n/a — external,,
Cycle 04,Cycle 04 — Cycles of Matter_ The Carbon Cycle (Unit 1),▶ LIVE — Cycle 04 — Cycles of Matter_ The Carbon Cycle.pptx,1,TEACHER REFERENCE — not projected to students,printed+run,HHMI BioInteractive — The Geologic Carbon Cycle — https://www.biointeractive.org/classroom-resources/geologic-carbon-cycle,https://www.biointeractive.org/classroom-resources/geologic-carbon-cycle,external,,,external (not checked live),n/a — external,,
Cycle 04,Cycle 04 — Cycles of Matter_ The Carbon Cycle (Unit 1),▶ LIVE — Cycle 04 — Cycles of Matter_ The Carbon Cycle.pptx,1,TEACHER REFERENCE — not projected to students,printed+run,Amoeba Sisters — Carbon and Nitrogen Cycles — https://www.youtube.com/watch?v=NHqEthRCqQ4,https://www.youtube.com/watch?v=NHqEthRCqQ4,external,,,external (not checked live),n/a — external,,
Cycle 04,Cycle 04 — Cycles of Matter_ The Carbon Cycle (Unit 1),▶ LIVE — Cycle 04 — Cycles of Matter_ The Carbon Cycle.pptx,3,Bellringer,run,"Skim the diagram of where carbon hides on Earth — air, plants, animals, soil, oceans.",https://biomanbio.com/HTML5GamesandLabs/EcoGames/carbonquest-page.html,external,,,external (not checked live),n/a — external,,
Cycle 04,Cycle 04 — Cycles of Matter_ The Carbon Cycle (Unit 1),▶ LIVE — Cycle 04 — Cycles of Matter_ The Carbon Cycle.pptx,3,Bellringer,run,CK-12 Biology — Carbon Cycle (6.6),https://flexbooks.ck12.org/cbook/ck-12-biology-flexbook-2.0/section/6.6/primary/lesson/carbon-cycle-bio/,external,,,external (not checked live),n/a — external,,
Cycle 04,Cycle 04 — Cycles of Matter_ The Carbon Cycle (Unit 1),▶ LIVE — Cycle 04 — Cycles of Matter_ The Carbon Cycle.pptx,3,Bellringer,run,Khan Academy — Biogeochemical cycles,https://www.khanacademy.org/science/high-school-biology/hs-ecology/hs-biogeochemical-cycles,external,,,external (not checked live),n/a — external,,
Cycle 04,Cycle 04 — Cycles of Matter_ The Carbon Cycle (Unit 1),▶ LIVE — Cycle 04 — Cycles of Matter_ The Carbon Cycle.pptx,8,Explore — the Carbon Tank Model,printed+run,▶  Tap to open the interactive model and drag the sliders,https://answerable-biology-models.netlify.app/carbon.html,external,,,external (not checked live),n/a — external,,
Cycle 04,Cycle 04 — Cycles of Matter_ The Carbon Cycle (Unit 1),▶ LIVE — Cycle 04 — Cycles of Matter_ The Carbon Cycle.pptx,15,Day 1 activity · Critical Aspect 1,run,Open: Carbon Companion Activity (in this cycle's folder),https://drive.google.com/file/d/1pAD2wAq5xgZyLkJLQ_a1Pjxk7ugtC7lV/view,drivefile/view,1pAD2wAq5xgZyLkJLQ_a1Pjxk7ugtC7lV,33,OK — file found,kvd@answerableteaching.com : My Drive/BIOLOGY (Shared)/Cycle 04 — Cycles of Matter_ The Carbon Cycle (Unit 1),,
Cycle 04,Cycle 04 — Cycles of Matter_ The Carbon Cycle (Unit 1),▶ LIVE — Cycle 04 — Cycles of Matter_ The Carbon Cycle.pptx,15,Day 1 activity · Critical Aspect 1,run,Watch: Veritasium — Where Do Trees Get Their Mass? (about 4 min),https://www.youtube.com/watch?v=2KZb2_vcNTg,external,,,external (not checked live),n/a — external,,
Cycle 04,Cycle 04 — Cycles of Matter_ The Carbon Cycle (Unit 1),▶ LIVE — Cycle 04 — Cycles of Matter_ The Carbon Cycle.pptx,23,Day 2 activity · Critical Aspect 2,run,"Roll here: Carbon Cycle Game — digitized version, nothing to print",https://science.dbuckley.dev/labs/carbon-cycle,external,,,external (not checked live),n/a — external,,
Cycle 04,Cycle 04 — Cycles of Matter_ The Carbon Cycle (Unit 1),▶ LIVE — Cycle 04 — Cycles of Matter_ The Carbon Cycle.pptx,24,"What if?  /  Critical aspect: Matter cycles, energy does not",run,Read first: UCAR — how humans change the carbon cycle,https://biomanbio.com/HTML5GamesandLabs/EcoGames/carbonquest-page.html,external,,,external (not checked live),n/a — external,,
Cycle 04,Cycle 04 — Cycles of Matter_ The Carbon Cycle (Unit 1),▶ LIVE — Cycle 04 — Cycles of Matter_ The Carbon Cycle.pptx,25,Optional challenge,run,Read first: UCAR — the changing carbon cycle,https://scied.ucar.edu/learning-zone/climate-change-impacts/changing-carbon-cycle,external,,,external (not checked live),n/a — external,,
Cycle 04,Cycle 04 — Cycles of Matter_ The Carbon Cycle (Unit 1),▶ LIVE — Cycle 04 — Cycles of Matter_ The Carbon Cycle.pptx,28,Activity and resource links,printed+run,https://answerable-biology-models.netlify.app/carbon.html,https://answerable-biology-models.netlify.app/carbon.html,external,,,external (not checked live),n/a — external,,
Cycle 04,Cycle 04 — Cycles of Matter_ The Carbon Cycle (Unit 1),▶ LIVE — Cycle 04 — Cycles of Matter_ The Carbon Cycle.pptx,28,Activity and resource links,printed+run,https://biomanbio.com/HTML5GamesandLabs/EcoGames/carbonquest-page.html,https://biomanbio.com/HTML5GamesandLabs/EcoGames/carbonquest-page.html,external,,,external (not checked live),n/a — external,,
Cycle 04,Cycle 04 — Cycles of Matter_ The Carbon Cycle (Unit 1),▶ LIVE — Cycle 04 — Cycles of Matter_ The Carbon Cycle.pptx,28,Activity and resource links,printed+run,https://cdn.serc.carleton.edu/files/nagt/programs/teachingmaterials/reservoir_cards.doc,https://cdn.serc.carleton.edu/files/nagt/programs/teachingmaterials/reservoir_cards.doc,external,,,external (not checked live),n/a — external,,
Cycle 04,Cycle 04 — Cycles of Matter_ The Carbon Cycle (Unit 1),▶ LIVE — Cycle 04 — Cycles of Matter_ The Carbon Cycle.pptx,28,Activity and resource links,printed+run,https://cdn.serc.carleton.edu/files/nagt/programs/teachingmaterials/teachers_notes_carbon_cycle.docx,https://cdn.serc.carleton.edu/files/nagt/programs/teachingmaterials/teachers_notes_carbon_cycle.docx,external,,,external (not checked live),n/a — external,,
Cycle 04,Cycle 04 — Cycles of Matter_ The Carbon Cycle (Unit 1),▶ LIVE — Cycle 04 — Cycles of Matter_ The Carbon Cycle.pptx,28,Activity and resource links,run,Carbon Companion Activity (Day 1),https://drive.google.com/file/d/1pAD2wAq5xgZyLkJLQ_a1Pjxk7ugtC7lV/view,drivefile/view,1pAD2wAq5xgZyLkJLQ_a1Pjxk7ugtC7lV,33,OK — file found,kvd@answerableteaching.com : My Drive/BIOLOGY (Shared)/Cycle 04 — Cycles of Matter_ The Carbon Cycle (Unit 1),,
Cycle 04,Cycle 04 — Cycles of Matter_ The Carbon Cycle (Unit 1),▶ LIVE — Cycle 04 — Cycles of Matter_ The Carbon Cycle.pptx,28,Activity and resource links,run,Journey through the carbon cycle — no printable; the cards and the recording space are on the Day 2 activity slide.,https://drive.google.com/file/d/1vqwnoDMH9wiP0M4_zYvlkoFcWejTlaXA/view,drivefile/view,1vqwnoDMH9wiP0M4_zYvlkoFcWejTlaXA,33,"MISSING — no file of this name in this cycle, in any tree",NOT FOUND,,"The label itself reads 'no printable — the cards and the recording space are on the Day 2 activity slide', yet the line carries a hyperlink to a dead id. A worksheet named 'Cycle 04 — Journey Through the Carbon Cycle — Student Worksheet' DOES exist, but only in 03 Biology (Materials AIHS Agenda), not in the Cycle 04 folder or its print subfolder. Either the link should be removed to match the label, or the worksheet should be placed in the cycle folder. Katherine's call — not mechanical."
Cycle 04,Cycle 04 — Cycles of Matter_ The Carbon Cycle (Unit 1),▶ LIVE — Cycle 04 — Cycles of Matter_ The Carbon Cycle.pptx,28,Activity and resource links,printed+run,https://flexbooks.ck12.org/cbook/ck-12-biology-flexbook-2.0/section/6.6/primary/lesson/carbon-cycle-bio/,https://flexbooks.ck12.org/cbook/ck-12-biology-flexbook-2.0/section/6.6/primary/lesson/carbon-cycle-bio/,external,,,external (not checked live),n/a — external,,
Cycle 04,Cycle 04 — Cycles of Matter_ The Carbon Cycle (Unit 1),▶ LIVE — Cycle 04 — Cycles of Matter_ The Carbon Cycle.pptx,28,Activity and resource links,endParaRPr+printed+run,Carbon Cycle Game — digitized version (no printing),https://science.dbuckley.dev/labs/carbon-cycle,external,,,external (not checked live),n/a — external,,
Cycle 04,Cycle 04 — Cycles of Matter_ The Carbon Cycle (Unit 1),▶ LIVE — Cycle 04 — Cycles of Matter_ The Carbon Cycle.pptx,28,Activity and resource links,printed+run,https://www.khanacademy.org/science/high-school-biology/hs-ecology/hs-biogeochemical-cycles,https://www.khanacademy.org/science/high-school-biology/hs-ecology/hs-biogeochemical-cycles,external,,,external (not checked live),n/a — external,,
Cycle 04,Cycle 04 — Cycles of Matter_ The Carbon Cycle (Unit 1),▶ LIVE — Cycle 04 — Cycles of Matter_ The Carbon Cycle.pptx,28,Activity and resource links,printed+run,Veritasium — Where Do Trees Get Their Mass?,https://www.youtube.com/watch?v=2KZb2_vcNTg,external,,,external (not checked live),n/a — external,,
Cycle 04,Cycle 04 — Cycles of Matter_ The Carbon Cycle (Unit 1),▶ LIVE — Cycle 04 — Cycles of Matter_ The Carbon Cycle.pptx,29,Image credits,printed,"Icons: Twemoji by X/Twitter, CC BY 4.0 — https://github.com/jdecked/twemoji",https://github.com/jdecked/twemoji,external,,,external (not checked live),n/a — external,,
Cycle 05,Cycle 05 — Photosynthesis (Unit 1),▶ LIVE — Cycle 05 — Photosynthesis — with Concept Bank.pptx,1,TEACHER REFERENCE — not projected to students,run,Van Helmont — where a tree's mass comes from,https://drive.google.com/file/d/1Spjx6KJAo1ka2Ms-LfCnsHQmOOCbIZcx/view,drivefile/view,1Spjx6KJAo1ka2Ms-LfCnsHQmOOCbIZcx,33,"STALE ID — material IS present, link points at a superseded copy","SHARED tree, Cycle 05 :: (BOTH) Cycle 05 — Where Does a Tree_s Mass Come From — Van Helmont.docx",https://drive.google.com/file/d/1Vybu8iVyXmx1BHKk10E0Vc8ozOx6NdUu/view,name match 0.60 in the deck's own cycle; target = SHARED tree; WARNING 2 differently-named candidates tie ((BOTH) Cycle 05 — Where Does a Tree_s Mass Come From — Van Helmont; Cycle 05 — Where Does a Tree_s Mass Come From — Van ) — verify by hand
Cycle 05,Cycle 05 — Photosynthesis (Unit 1),▶ LIVE — Cycle 05 — Photosynthesis — with Concept Bank.pptx,1,TEACHER REFERENCE — not projected to students,run,Photosynthesis Leaf-Disk Lab,https://drive.google.com/file/d/1oiLh3D3NMCeQcehS7U3n7B0SCQNsBPZq/view,drivefile/view,1oiLh3D3NMCeQcehS7U3n7B0SCQNsBPZq,33,"STALE ID — material IS present, link points at a superseded copy","SHARED tree, Cycle 05 / My Class only (print) :: Cycle 05 — Photosynthesis Leaf-Disk Lab.docx",https://drive.google.com/file/d/1QlALR7naF23AqsE4j7Jr-B6HvLTdxfru/view,name match 0.80 in the deck's own cycle; target = SHARED tree (print subfolder); the same file exists as 3 copies (AGENDA+PUBLIC+SHARED) — SHARED chosen because 71/71 working links point there
Cycle 05,Cycle 05 — Photosynthesis (Unit 1),▶ LIVE — Cycle 05 — Photosynthesis — with Concept Bank.pptx,1,TEACHER REFERENCE — not projected to students,printed,Gizmo: Photosynthesis Lab (ExploreLearning — subscription) — https://gizmos.explorelearning.com/find-gizmos/lesson-info?resourceId=395,https://gizmos.explorelearning.com/find-gizmos/lesson-info?resourceId=395,external,,,external (not checked live),n/a — external,,
Cycle 05,Cycle 05 — Photosynthesis (Unit 1),▶ LIVE — Cycle 05 — Photosynthesis — with Concept Bank.pptx,1,TEACHER REFERENCE — not projected to students,printed,HHMI BioInteractive — Photosynthesis animation series — https://www.biointeractive.org/classroom-resources/photosynthesis,https://www.biointeractive.org/classroom-resources/photosynthesis,external,,,external (not checked live),n/a — external,,
Cycle 05,Cycle 05 — Photosynthesis (Unit 1),▶ LIVE — Cycle 05 — Photosynthesis — with Concept Bank.pptx,1,TEACHER REFERENCE — not projected to students,printed,Science Learning Hub — Photosynthesis and respiration — https://www.sciencelearn.org.nz/resources/83-photosynthesis-and-respiration,https://www.sciencelearn.org.nz/resources/83-photosynthesis-and-respiration,external,,,external (not checked live),n/a — external,,
Cycle 05,Cycle 05 — Photosynthesis (Unit 1),▶ LIVE — Cycle 05 — Photosynthesis — with Concept Bank.pptx,1,TEACHER REFERENCE — not projected to students,printed,Amoeba Sisters — Photosynthesis (Updated) — https://www.youtube.com/watch?v=CMiPYHNNg28,https://www.youtube.com/watch?v=CMiPYHNNg28,external,,,external (not checked live),n/a — external,,
Cycle 05,Cycle 05 — Photosynthesis (Unit 1),▶ LIVE — Cycle 05 — Photosynthesis — with Concept Bank.pptx,4,Bellringer,run,"Play through one round. Notice what has to go IN for the plant to make food, and what comes OUT.",https://biomanbio.com/HTML5GamesandLabs/PhotoRespgames/photointeractivehtml5page.html,external,,,external (not checked live),n/a — external,,
Cycle 05,Cycle 05 — Photosynthesis (Unit 1),▶ LIVE — Cycle 05 — Photosynthesis — with Concept Bank.pptx,4,Bellringer,run,CK-12 Biology — Photosynthesis Summary (2.23),https://flexbooks.ck12.org/cbook/ck-12-biology-flexbook-2.0/section/2.23/primary/lesson/photosynthesis-summary-bio/,external,,,external (not checked live),n/a — external,,
Cycle 05,Cycle 05 — Photosynthesis (Unit 1),▶ LIVE — Cycle 05 — Photosynthesis — with Concept Bank.pptx,4,Bellringer,run,Khan Academy — Photosynthesis,https://www.khanacademy.org/science/high-school-biology/hs-energy-and-transport/hs-photosynthesis,external,,,external (not checked live),n/a — external,,
Cycle 05,Cycle 05 — Photosynthesis (Unit 1),▶ LIVE — Cycle 05 — Photosynthesis — with Concept Bank.pptx,9,Explore — the Photosynthesis Rate Model,printed+run,https://answerable-biology-models.netlify.app/photosynthesis.html,https://answerable-biology-models.netlify.app/photosynthesis.html,external,,,external (not checked live),n/a — external,,
Cycle 05,Cycle 05 — Photosynthesis (Unit 1),▶ LIVE — Cycle 05 — Photosynthesis — with Concept Bank.pptx,16,Day 1 activity · Critical Aspect 1,run,Open: Photosynthesis Leaf-Disk Lab (in this cycle's folder),https://drive.google.com/file/d/1QlALR7naF23AqsE4j7Jr-B6HvLTdxfru/view,drivefile/view,1QlALR7naF23AqsE4j7Jr-B6HvLTdxfru,33,OK — file found,kvd@answerableteaching.com : My Drive/BIOLOGY (Shared)/Cycle 05 — Photosynthesis (Unit 1)/My Class only (print),,
Cycle 05,Cycle 05 — Photosynthesis (Unit 1),▶ LIVE — Cycle 05 — Photosynthesis — with Concept Bank.pptx,16,Day 1 activity · Critical Aspect 1,run,Open: Science Buddies — Floating Leaf Disks to Study Photosynthesis,https://www.sciencebuddies.org/science-fair-projects/project-ideas/PlantBio_p053/plant-biology/photosynthesis-leaf-disk-assay,external,,,external (not checked live),n/a — external,,
Cycle 05,Cycle 05 — Photosynthesis (Unit 1),▶ LIVE — Cycle 05 — Photosynthesis — with Concept Bank.pptx,24,Day 2 activity · Critical Aspect 2,run,Open: PhET — Build a Molecule (model the atoms in the equation),https://phet.colorado.edu/en/simulations/build-a-molecule,external,,,external (not checked live),n/a — external,,
Cycle 05,Cycle 05 — Photosynthesis (Unit 1),▶ LIVE — Cycle 05 — Photosynthesis — with Concept Bank.pptx,25,What if?  /  Critical aspect: Light energy becomes chemical energy in glucose,run,Play next: BioMan — Photosynthesis & Respiration game,https://biomanbio.com/HTML5GamesandLabs/PhotoRespgames/photoresphtml5page.html,external,,,external (not checked live),n/a — external,,
Cycle 05,Cycle 05 — Photosynthesis (Unit 1),▶ LIVE — Cycle 05 — Photosynthesis — with Concept Bank.pptx,26,Optional challenge,run,Need the evidence again? Open: Where Does a Tree's Mass Come From — Van Helmont,https://drive.google.com/file/d/1Vybu8iVyXmx1BHKk10E0Vc8ozOx6NdUu/view,drivefile/view,1Vybu8iVyXmx1BHKk10E0Vc8ozOx6NdUu,33,OK — file found,kvd@answerableteaching.com : My Drive/BIOLOGY (Shared)/Cycle 05 — Photosynthesis (Unit 1),,
Cycle 05,Cycle 05 — Photosynthesis (Unit 1),▶ LIVE — Cycle 05 — Photosynthesis — with Concept Bank.pptx,26,Optional challenge,run,Model the atoms: PhET — Build a Molecule,https://phet.colorado.edu/en/simulations/build-a-molecule,external,,,external (not checked live),n/a — external,,
Cycle 05,Cycle 05 — Photosynthesis (Unit 1),▶ LIVE — Cycle 05 — Photosynthesis — with Concept Bank.pptx,28,CONCEPT BANK,run,CK-12 Biology — Photosynthesis Summary (2.23),https://flexbooks.ck12.org/cbook/ck-12-biology-flexbook-2.0/section/2.23/primary/lesson/photosynthesis-summary-bio/,external,,,external (not checked live),n/a — external,,
Cycle 05,Cycle 05 — Photosynthesis (Unit 1),▶ LIVE — Cycle 05 — Photosynthesis — with Concept Bank.pptx,28,CONCEPT BANK,run,Khan Academy — Photosynthesis,https://www.khanacademy.org/science/high-school-biology/hs-energy-and-transport/hs-photosynthesis,external,,,external (not checked live),n/a — external,,
Cycle 05,Cycle 05 — Photosynthesis (Unit 1),▶ LIVE — Cycle 05 — Photosynthesis — with Concept Bank.pptx,31,Activity and resource links,printed+run,https://answerable-biology-models.netlify.app/photosynthesis.html,https://answerable-biology-models.netlify.app/photosynthesis.html,external,,,external (not checked live),n/a — external,,
Cycle 05,Cycle 05 — Photosynthesis (Unit 1),▶ LIVE — Cycle 05 — Photosynthesis — with Concept Bank.pptx,31,Activity and resource links,printed+run,https://biomanbio.com/HTML5GamesandLabs/PhotoRespgames/photointeractivehtml5page.html,https://biomanbio.com/HTML5GamesandLabs/PhotoRespgames/photointeractivehtml5page.html,external,,,external (not checked live),n/a — external,,
Cycle 05,Cycle 05 — Photosynthesis (Unit 1),▶ LIVE — Cycle 05 — Photosynthesis — with Concept Bank.pptx,31,Activity and resource links,endParaRPr+printed+run,https://biomanbio.com/HTML5GamesandLabs/PhotoRespgames/photoresphtml5page.html,https://biomanbio.com/HTML5GamesandLabs/PhotoRespgames/photoresphtml5page.html,external,,,external (not checked live),n/a — external,,
Cycle 05,Cycle 05 — Photosynthesis (Unit 1),▶ LIVE — Cycle 05 — Photosynthesis — with Concept Bank.pptx,31,Activity and resource links,run,Teacher — Photosynthesis Activity Guide,https://drive.google.com/file/d/16h6JnRixT42yC63HWGw37xBFIxyhS6tk/view,drivefile/view,16h6JnRixT42yC63HWGw37xBFIxyhS6tk,33,OK — file found,kvd@answerableteaching.com : My Drive/BIOLOGY (Shared)/Cycle 05 — Photosynthesis (Unit 1)/My Class only (print),,
Cycle 05,Cycle 05 — Photosynthesis (Unit 1),▶ LIVE — Cycle 05 — Photosynthesis — with Concept Bank.pptx,31,Activity and resource links,run,Photosynthesis Leaf-Disk Lab,https://drive.google.com/file/d/1QlALR7naF23AqsE4j7Jr-B6HvLTdxfru/view,drivefile/view,1QlALR7naF23AqsE4j7Jr-B6HvLTdxfru,33,OK — file found,kvd@answerableteaching.com : My Drive/BIOLOGY (Shared)/Cycle 05 — Photosynthesis (Unit 1)/My Class only (print),,
Cycle 05,Cycle 05 — Photosynthesis (Unit 1),▶ LIVE — Cycle 05 — Photosynthesis — with Concept Bank.pptx,31,Activity and resource links,run,Where Does a Tree's Mass Come From — Van Helmont,https://drive.google.com/file/d/1Vybu8iVyXmx1BHKk10E0Vc8ozOx6NdUu/view,drivefile/view,1Vybu8iVyXmx1BHKk10E0Vc8ozOx6NdUu,33,OK — file found,kvd@answerableteaching.com : My Drive/BIOLOGY (Shared)/Cycle 05 — Photosynthesis (Unit 1),,
Cycle 05,Cycle 05 — Photosynthesis (Unit 1),▶ LIVE — Cycle 05 — Photosynthesis — with Concept Bank.pptx,31,Activity and resource links,printed+run,https://flexbooks.ck12.org/cbook/ck-12-biology-flexbook-2.0/section/2.23/primary/lesson/photosynthesis-summary-bio/,https://flexbooks.ck12.org/cbook/ck-12-biology-flexbook-2.0/section/2.23/primary/lesson/photosynthesis-summary-bio/,external,,,external (not checked live),n/a — external,,
Cycle 05,Cycle 05 — Photosynthesis (Unit 1),▶ LIVE — Cycle 05 — Photosynthesis — with Concept Bank.pptx,31,Activity and resource links,printed+run,https://phet.colorado.edu/en/simulations/build-a-molecule,https://phet.colorado.edu/en/simulations/build-a-molecule,external,,,external (not checked live),n/a — external,,
Cycle 05,Cycle 05 — Photosynthesis (Unit 1),▶ LIVE — Cycle 05 — Photosynthesis — with Concept Bank.pptx,31,Activity and resource links,printed+run,https://www.khanacademy.org/science/high-school-biology/hs-energy-and-transport/hs-photosynthesis,https://www.khanacademy.org/science/high-school-biology/hs-energy-and-transport/hs-photosynthesis,external,,,external (not checked live),n/a — external,,
Cycle 05,Cycle 05 — Photosynthesis (Unit 1),▶ LIVE — Cycle 05 — Photosynthesis — with Concept Bank.pptx,31,Activity and resource links,printed+run,https://www.sciencebuddies.org/science-fair-projects/project-ideas/PlantBio_p053/plant-biology/photosynthesis-leaf-disk-assay,https://www.sciencebuddies.org/science-fair-projects/project-ideas/PlantBio_p053/plant-biology/photosynthesis-leaf-disk-assay,external,,,external (not checked live),n/a — external,,
Cycle 05,Cycle 05 — Photosynthesis (Unit 1),▶ LIVE — Cycle 05 — Photosynthesis — with Concept Bank.pptx,32,Image credits,printed,"Icons: Twemoji by X/Twitter, CC BY 4.0 — https://github.com/jdecked/twemoji",https://github.com/jdecked/twemoji,external,,,external (not checked live),n/a — external,,
Cycle 05,Cycle 05 — Photosynthesis (Unit 1),▶ LIVE — Cycle 05 — Photosynthesis.pptx,1,TEACHER REFERENCE — not projected to students,run,Van Helmont — where a tree's mass comes from,https://drive.google.com/file/d/1Spjx6KJAo1ka2Ms-LfCnsHQmOOCbIZcx/view,drivefile/view,1Spjx6KJAo1ka2Ms-LfCnsHQmOOCbIZcx,33,"STALE ID — material IS present, link points at a superseded copy","SHARED tree, Cycle 05 :: (BOTH) Cycle 05 — Where Does a Tree_s Mass Come From — Van Helmont.docx",https://drive.google.com/file/d/1Vybu8iVyXmx1BHKk10E0Vc8ozOx6NdUu/view,name match 0.60 in the deck's own cycle; target = SHARED tree; WARNING 2 differently-named candidates tie ((BOTH) Cycle 05 — Where Does a Tree_s Mass Come From — Van Helmont; Cycle 05 — Where Does a Tree_s Mass Come From — Van ) — verify by hand
Cycle 05,Cycle 05 — Photosynthesis (Unit 1),▶ LIVE — Cycle 05 — Photosynthesis.pptx,1,TEACHER REFERENCE — not projected to students,run,Photosynthesis Leaf-Disk Lab,https://drive.google.com/file/d/1oiLh3D3NMCeQcehS7U3n7B0SCQNsBPZq/view,drivefile/view,1oiLh3D3NMCeQcehS7U3n7B0SCQNsBPZq,33,"STALE ID — material IS present, link points at a superseded copy","SHARED tree, Cycle 05 / My Class only (print) :: Cycle 05 — Photosynthesis Leaf-Disk Lab.docx",https://drive.google.com/file/d/1QlALR7naF23AqsE4j7Jr-B6HvLTdxfru/view,name match 0.80 in the deck's own cycle; target = SHARED tree (print subfolder); the same file exists as 3 copies (AGENDA+PUBLIC+SHARED) — SHARED chosen because 71/71 working links point there
Cycle 05,Cycle 05 — Photosynthesis (Unit 1),▶ LIVE — Cycle 05 — Photosynthesis.pptx,1,TEACHER REFERENCE — not projected to students,printed,Gizmo: Photosynthesis Lab (ExploreLearning — subscription) — https://gizmos.explorelearning.com/find-gizmos/lesson-info?resourceId=395,https://gizmos.explorelearning.com/find-gizmos/lesson-info?resourceId=395,external,,,external (not checked live),n/a — external,,
Cycle 05,Cycle 05 — Photosynthesis (Unit 1),▶ LIVE — Cycle 05 — Photosynthesis.pptx,1,TEACHER REFERENCE — not projected to students,printed,HHMI BioInteractive — Photosynthesis animation series — https://www.biointeractive.org/classroom-resources/photosynthesis,https://www.biointeractive.org/classroom-resources/photosynthesis,external,,,external (not checked live),n/a — external,,
Cycle 05,Cycle 05 — Photosynthesis (Unit 1),▶ LIVE — Cycle 05 — Photosynthesis.pptx,1,TEACHER REFERENCE — not projected to students,printed,Science Learning Hub — Photosynthesis and respiration — https://www.sciencelearn.org.nz/resources/83-photosynthesis-and-respiration,https://www.sciencelearn.org.nz/resources/83-photosynthesis-and-respiration,external,,,external (not checked live),n/a — external,,
Cycle 05,Cycle 05 — Photosynthesis (Unit 1),▶ LIVE — Cycle 05 — Photosynthesis.pptx,1,TEACHER REFERENCE — not projected to students,printed,Amoeba Sisters — Photosynthesis (Updated) — https://www.youtube.com/watch?v=CMiPYHNNg28,https://www.youtube.com/watch?v=CMiPYHNNg28,external,,,external (not checked live),n/a — external,,
Cycle 05,Cycle 05 — Photosynthesis (Unit 1),▶ LIVE — Cycle 05 — Photosynthesis.pptx,4,Bellringer,run,"Play through one round. Notice what has to go IN for the plant to make food, and what comes OUT.",https://biomanbio.com/HTML5GamesandLabs/PhotoRespgames/photointeractivehtml5page.html,external,,,external (not checked live),n/a — external,,
Cycle 05,Cycle 05 — Photosynthesis (Unit 1),▶ LIVE — Cycle 05 — Photosynthesis.pptx,4,Bellringer,run,CK-12 Biology — Photosynthesis Summary (2.23),https://flexbooks.ck12.org/cbook/ck-12-biology-flexbook-2.0/section/2.23/primary/lesson/photosynthesis-summary-bio/,external,,,external (not checked live),n/a — external,,
Cycle 05,Cycle 05 — Photosynthesis (Unit 1),▶ LIVE — Cycle 05 — Photosynthesis.pptx,4,Bellringer,run,Khan Academy — Photosynthesis,https://www.khanacademy.org/science/high-school-biology/hs-energy-and-transport/hs-photosynthesis,external,,,external (not checked live),n/a — external,,
Cycle 05,Cycle 05 — Photosynthesis (Unit 1),▶ LIVE — Cycle 05 — Photosynthesis.pptx,9,Explore — the Photosynthesis Rate Model,printed+run,https://answerable-biology-models.netlify.app/photosynthesis.html,https://answerable-biology-models.netlify.app/photosynthesis.html,external,,,external (not checked live),n/a — external,,
Cycle 05,Cycle 05 — Photosynthesis (Unit 1),▶ LIVE — Cycle 05 — Photosynthesis.pptx,16,Day 1 activity · Critical Aspect 1,run,Open: Photosynthesis Leaf-Disk Lab (in this cycle's folder),https://drive.google.com/file/d/1QlALR7naF23AqsE4j7Jr-B6HvLTdxfru/view,drivefile/view,1QlALR7naF23AqsE4j7Jr-B6HvLTdxfru,33,OK — file found,kvd@answerableteaching.com : My Drive/BIOLOGY (Shared)/Cycle 05 — Photosynthesis (Unit 1)/My Class only (print),,
Cycle 05,Cycle 05 — Photosynthesis (Unit 1),▶ LIVE — Cycle 05 — Photosynthesis.pptx,16,Day 1 activity · Critical Aspect 1,run,Open: Science Buddies — Floating Leaf Disks to Study Photosynthesis,https://www.sciencebuddies.org/science-fair-projects/project-ideas/PlantBio_p053/plant-biology/photosynthesis-leaf-disk-assay,external,,,external (not checked live),n/a — external,,
Cycle 05,Cycle 05 — Photosynthesis (Unit 1),▶ LIVE — Cycle 05 — Photosynthesis.pptx,24,Day 2 activity · Critical Aspect 2,run,Open: PhET — Build a Molecule (model the atoms in the equation),https://phet.colorado.edu/en/simulations/build-a-molecule,external,,,external (not checked live),n/a — external,,
Cycle 05,Cycle 05 — Photosynthesis (Unit 1),▶ LIVE — Cycle 05 — Photosynthesis.pptx,25,What if?  /  Critical aspect: Light energy becomes chemical energy in glucose,run,Play next: BioMan — Photosynthesis & Respiration game,https://biomanbio.com/HTML5GamesandLabs/PhotoRespgames/photoresphtml5page.html,external,,,external (not checked live),n/a — external,,
Cycle 05,Cycle 05 — Photosynthesis (Unit 1),▶ LIVE — Cycle 05 — Photosynthesis.pptx,26,Optional challenge,run,Need the evidence again? Open: Where Does a Tree's Mass Come From — Van Helmont,https://drive.google.com/file/d/1Vybu8iVyXmx1BHKk10E0Vc8ozOx6NdUu/view,drivefile/view,1Vybu8iVyXmx1BHKk10E0Vc8ozOx6NdUu,33,OK — file found,kvd@answerableteaching.com : My Drive/BIOLOGY (Shared)/Cycle 05 — Photosynthesis (Unit 1),,
Cycle 05,Cycle 05 — Photosynthesis (Unit 1),▶ LIVE — Cycle 05 — Photosynthesis.pptx,26,Optional challenge,run,Model the atoms: PhET — Build a Molecule,https://phet.colorado.edu/en/simulations/build-a-molecule,external,,,external (not checked live),n/a — external,,
Cycle 05,Cycle 05 — Photosynthesis (Unit 1),▶ LIVE — Cycle 05 — Photosynthesis.pptx,30,Activity and resource links,printed+run,https://answerable-biology-models.netlify.app/photosynthesis.html,https://answerable-biology-models.netlify.app/photosynthesis.html,external,,,external (not checked live),n/a — external,,
Cycle 05,Cycle 05 — Photosynthesis (Unit 1),▶ LIVE — Cycle 05 — Photosynthesis.pptx,30,Activity and resource links,printed+run,https://biomanbio.com/HTML5GamesandLabs/PhotoRespgames/photointeractivehtml5page.html,https://biomanbio.com/HTML5GamesandLabs/PhotoRespgames/photointeractivehtml5page.html,external,,,external (not checked live),n/a — external,,
Cycle 05,Cycle 05 — Photosynthesis (Unit 1),▶ LIVE — Cycle 05 — Photosynthesis.pptx,30,Activity and resource links,endParaRPr+printed+run,https://biomanbio.com/HTML5GamesandLabs/PhotoRespgames/photoresphtml5page.html,https://biomanbio.com/HTML5GamesandLabs/PhotoRespgames/photoresphtml5page.html,external,,,external (not checked live),n/a — external,,
Cycle 05,Cycle 05 — Photosynthesis (Unit 1),▶ LIVE — Cycle 05 — Photosynthesis.pptx,30,Activity and resource links,run,Teacher — Photosynthesis Activity Guide,https://drive.google.com/file/d/16h6JnRixT42yC63HWGw37xBFIxyhS6tk/view,drivefile/view,16h6JnRixT42yC63HWGw37xBFIxyhS6tk,33,OK — file found,kvd@answerableteaching.com : My Drive/BIOLOGY (Shared)/Cycle 05 — Photosynthesis (Unit 1)/My Class only (print),,
Cycle 05,Cycle 05 — Photosynthesis (Unit 1),▶ LIVE — Cycle 05 — Photosynthesis.pptx,30,Activity and resource links,run,Photosynthesis Leaf-Disk Lab,https://drive.google.com/file/d/1QlALR7naF23AqsE4j7Jr-B6HvLTdxfru/view,drivefile/view,1QlALR7naF23AqsE4j7Jr-B6HvLTdxfru,33,OK — file found,kvd@answerableteaching.com : My Drive/BIOLOGY (Shared)/Cycle 05 — Photosynthesis (Unit 1)/My Class only (print),,
Cycle 05,Cycle 05 — Photosynthesis (Unit 1),▶ LIVE — Cycle 05 — Photosynthesis.pptx,30,Activity and resource links,run,Where Does a Tree's Mass Come From — Van Helmont,https://drive.google.com/file/d/1Vybu8iVyXmx1BHKk10E0Vc8ozOx6NdUu/view,drivefile/view,1Vybu8iVyXmx1BHKk10E0Vc8ozOx6NdUu,33,OK — file found,kvd@answerableteaching.com : My Drive/BIOLOGY (Shared)/Cycle 05 — Photosynthesis (Unit 1),,
Cycle 05,Cycle 05 — Photosynthesis (Unit 1),▶ LIVE — Cycle 05 — Photosynthesis.pptx,30,Activity and resource links,printed+run,https://flexbooks.ck12.org/cbook/ck-12-biology-flexbook-2.0/section/2.23/primary/lesson/photosynthesis-summary-bio/,https://flexbooks.ck12.org/cbook/ck-12-biology-flexbook-2.0/section/2.23/primary/lesson/photosynthesis-summary-bio/,external,,,external (not checked live),n/a — external,,
Cycle 05,Cycle 05 — Photosynthesis (Unit 1),▶ LIVE — Cycle 05 — Photosynthesis.pptx,30,Activity and resource links,printed+run,https://phet.colorado.edu/en/simulations/build-a-molecule,https://phet.colorado.edu/en/simulations/build-a-molecule,external,,,external (not checked live),n/a — external,,
Cycle 05,Cycle 05 — Photosynthesis (Unit 1),▶ LIVE — Cycle 05 — Photosynthesis.pptx,30,Activity and resource links,printed+run,https://www.khanacademy.org/science/high-school-biology/hs-energy-and-transport/hs-photosynthesis,https://www.khanacademy.org/science/high-school-biology/hs-energy-and-transport/hs-photosynthesis,external,,,external (not checked live),n/a — external,,
Cycle 05,Cycle 05 — Photosynthesis (Unit 1),▶ LIVE — Cycle 05 — Photosynthesis.pptx,30,Activity and resource links,printed+run,https://www.sciencebuddies.org/science-fair-projects/project-ideas/PlantBio_p053/plant-biology/photosynthesis-leaf-disk-assay,https://www.sciencebuddies.org/science-fair-projects/project-ideas/PlantBio_p053/plant-biology/photosynthesis-leaf-disk-assay,external,,,external (not checked live),n/a — external,,
Cycle 05,Cycle 05 — Photosynthesis (Unit 1),▶ LIVE — Cycle 05 — Photosynthesis.pptx,31,Image credits,printed,"Icons: Twemoji by X/Twitter, CC BY 4.0 — https://github.com/jdecked/twemoji",https://github.com/jdecked/twemoji,external,,,external (not checked live),n/a — external,,
Cycle 06,Cycle 06 — Cellular Respiration & Fermentation (Unit 1),▶ LIVE — Cycle 06 — Cellular Respiration & Fermentation — with Concept Bank.pptx,1,TEACHER REFERENCE — not projected to students,run,Fermentation Guide,https://docs.google.com/document/d/10J3Ixd3fyWUTLAQXfhwynAe0yvFzWbQx/edit?usp=sharing&ouid=112216964722103758648&rtpof=true&sd=true,gdoc/edit,10J3Ixd3fyWUTLAQXfhwynAe0yvFzWbQx,33,OK — file found,kvd@answerableteaching.com : My Drive/BIOLOGY (Shared)/Cycle 06 — Cellular Respiration & Fermentation (Unit 1),,
Cycle 06,Cycle 06 — Cellular Respiration & Fermentation (Unit 1),▶ LIVE — Cycle 06 — Cellular Respiration & Fermentation — with Concept Bank.pptx,1,TEACHER REFERENCE — not projected to students,run,Challenge,https://docs.google.com/document/d/1Bnl1wo6NIttXtnBleBkmAK3GxobTLFbj/edit?usp=sharing&ouid=112216964722103758648&rtpof=true&sd=true,gdoc/edit,1Bnl1wo6NIttXtnBleBkmAK3GxobTLFbj,33,OK — file found,kvd@answerableteaching.com : My Drive/BIOLOGY (Shared)/Cycle 06 — Cellular Respiration & Fermentation (Unit 1),,
Cycle 06,Cycle 06 — Cellular Respiration & Fermentation (Unit 1),▶ LIVE — Cycle 06 — Cellular Respiration & Fermentation — with Concept Bank.pptx,1,TEACHER REFERENCE — not projected to students,run,Cellular Respiration — CA1 worksheet,https://docs.google.com/document/d/1wBLxic3jHtPKsO8eHRWXuZ5C1FbmBrvY/edit?usp=sharing&ouid=112216964722103758648&rtpof=true&sd=true,gdoc/edit,1wBLxic3jHtPKsO8eHRWXuZ5C1FbmBrvY,33,OK — file found,kvd@answerableteaching.com : My Drive/BIOLOGY (Shared)/Cycle 06 — Cellular Respiration & Fermentation (Unit 1),,
Cycle 06,Cycle 06 — Cellular Respiration & Fermentation (Unit 1),▶ LIVE — Cycle 06 — Cellular Respiration & Fermentation — with Concept Bank.pptx,1,TEACHER REFERENCE — not projected to students,run,Cellular Respiration — CA2 worksheet · 1 per student,https://docs.google.com/document/d/1xBXmBuMX2Q24zgI4ZX9bzmEoR6d5emzK/edit?usp=sharing&ouid=112216964722103758648&rtpof=true&sd=true,gdoc/edit,1xBXmBuMX2Q24zgI4ZX9bzmEoR6d5emzK,33,OK — file found,kvd@answerableteaching.com : My Drive/BIOLOGY (Shared)/Cycle 06 — Cellular Respiration & Fermentation (Unit 1),,
Cycle 06,Cycle 06 — Cellular Respiration & Fermentation (Unit 1),▶ LIVE — Cycle 06 — Cellular Respiration & Fermentation — with Concept Bank.pptx,1,TEACHER REFERENCE — not projected to students,printed+run,Gizmo: Cell Energy Cycle (ExploreLearning subscription) https://gizmos.explorelearning.com/find-gizmos/lesson-info?resourceId=455,https://gizmos.explorelearning.com/find-gizmos/lesson-info?resourceId=455,external,,,external (not checked live),n/a — external,,
Cycle 06,Cycle 06 — Cellular Respiration & Fermentation (Unit 1),▶ LIVE — Cycle 06 — Cellular Respiration & Fermentation — with Concept Bank.pptx,1,TEACHER REFERENCE — not projected to students,printed+run,HHMI BioInteractive — Citric Acid Cycle (extra challenge) https://www.biointeractive.org/classroom-resources/citric-acid-cycle,https://www.biointeractive.org/classroom-resources/citric-acid-cycle,external,,,external (not checked live),n/a — external,,
Cycle 06,Cycle 06 — Cellular Respiration & Fermentation (Unit 1),▶ LIVE — Cycle 06 — Cellular Respiration & Fermentation — with Concept Bank.pptx,1,TEACHER REFERENCE — not projected to students,printed+run,Amoeba Sisters — Fermentation — https://www.youtube.com/watch?v=YbdkbCU20_M,https://www.youtube.com/watch?v=YbdkbCU20_M,external,,,external (not checked live),n/a — external,,
Cycle 06,Cycle 06 — Cellular Respiration & Fermentation (Unit 1),▶ LIVE — Cycle 06 — Cellular Respiration & Fermentation — with Concept Bank.pptx,1,TEACHER REFERENCE — not projected to students,printed+run,Amoeba Sisters — Cellular Respiration (Updated) — https://www.youtube.com/watch?v=eJ9Zjc-jdys,https://www.youtube.com/watch?v=eJ9Zjc-jdys,external,,,external (not checked live),n/a — external,,
Cycle 06,Cycle 06 — Cellular Respiration & Fermentation (Unit 1),▶ LIVE — Cycle 06 — Cellular Respiration & Fermentation — with Concept Bank.pptx,6,Bellringer,run,CK-12 Biology — Cellular Respiration (2.26),https://flexbooks.ck12.org/cbook/ck-12-biology-flexbook-2.0/section/2.26/primary/lesson/cellular-respiration-bio/,external,,,external (not checked live),n/a — external,,
Cycle 06,Cycle 06 — Cellular Respiration & Fermentation (Unit 1),▶ LIVE — Cycle 06 — Cellular Respiration & Fermentation — with Concept Bank.pptx,6,Bellringer,run,"Watch sugar get broken down inside a cell, one small step at a time.",https://www.biomanbio.com/HTML5GamesandLabs/PhotoRespgames/respiration-interactive-page.html,external,,,external (not checked live),n/a — external,,
Cycle 06,Cycle 06 — Cellular Respiration & Fermentation (Unit 1),▶ LIVE — Cycle 06 — Cellular Respiration & Fermentation — with Concept Bank.pptx,6,Bellringer,run,Khan Academy — Cellular respiration,https://www.khanacademy.org/science/high-school-biology/hs-energy-and-transport/hs-cellular-respiration,external,,,external (not checked live),n/a — external,,
Cycle 06,Cycle 06 — Cellular Respiration & Fermentation (Unit 1),▶ LIVE — Cycle 06 — Cellular Respiration & Fermentation — with Concept Bank.pptx,8,Respiration runs photosynthesis in reverse,run,Cellular Respiration — CA2 worksheet,https://docs.google.com/document/d/1xBXmBuMX2Q24zgI4ZX9bzmEoR6d5emzK/edit?usp=sharing&ouid=112216964722103758648&rtpof=true&sd=true,gdoc/edit,1xBXmBuMX2Q24zgI4ZX9bzmEoR6d5emzK,33,OK — file found,kvd@answerableteaching.com : My Drive/BIOLOGY (Shared)/Cycle 06 — Cellular Respiration & Fermentation (Unit 1),,
Cycle 06,Cycle 06 — Cellular Respiration & Fermentation (Unit 1),▶ LIVE — Cycle 06 — Cellular Respiration & Fermentation — with Concept Bank.pptx,11,Explore — the Respiration ATP Model,printed+run,https://answerable-biology-models.netlify.app/respiration.html,https://answerable-biology-models.netlify.app/respiration.html,external,,,external (not checked live),n/a — external,,
Cycle 06,Cycle 06 — Cellular Respiration & Fermentation (Unit 1),▶ LIVE — Cycle 06 — Cellular Respiration & Fermentation — with Concept Bank.pptx,18,Day 1 activity · Critical Aspect 1,run,Open: Cellular Respiration — CA1 Worksheet (in this cycle's folder),https://docs.google.com/document/d/1wBLxic3jHtPKsO8eHRWXuZ5C1FbmBrvY/edit?usp=sharing&ouid=112216964722103758648&rtpof=true&sd=true,gdoc/edit,1wBLxic3jHtPKsO8eHRWXuZ5C1FbmBrvY,33,OK — file found,kvd@answerableteaching.com : My Drive/BIOLOGY (Shared)/Cycle 06 — Cellular Respiration & Fermentation (Unit 1),,
Cycle 06,Cycle 06 — Cellular Respiration & Fermentation (Unit 1),▶ LIVE — Cycle 06 — Cellular Respiration & Fermentation — with Concept Bank.pptx,26,Day 2 activity · Critical Aspect 2,run,Open: Science World — Yeast-Inflated Balloons,https://docs.google.com/document/d/10J3Ixd3fyWUTLAQXfhwynAe0yvFzWbQx/edit?usp=sharing&ouid=112216964722103758648&rtpof=true&sd=true,gdoc/edit,10J3Ixd3fyWUTLAQXfhwynAe0yvFzWbQx,33,OK — file found,kvd@answerableteaching.com : My Drive/BIOLOGY (Shared)/Cycle 06 — Cellular Respiration & Fermentation (Unit 1),,
Cycle 06,Cycle 06 — Cellular Respiration & Fermentation (Unit 1),▶ LIVE — Cycle 06 — Cellular Respiration & Fermentation — with Concept Bank.pptx,28,Optional challenge,run,Need the ATP tally again? Open: BioMan — Respiration Interactive,https://www.biomanbio.com/HTML5GamesandLabs/PhotoRespgames/respiration-interactive-page.html,external,,,external (not checked live),n/a — external,,
Cycle 06,Cycle 06 — Cellular Respiration & Fermentation (Unit 1),▶ LIVE — Cycle 06 — Cellular Respiration & Fermentation — with Concept Bank.pptx,30,CONCEPT BANK,run,CK-12 Biology — Cellular Respiration (2.26),https://flexbooks.ck12.org/cbook/ck-12-biology-flexbook-2.0/section/2.26/primary/lesson/cellular-respiration-bio/,external,,,external (not checked live),n/a — external,,
Cycle 06,Cycle 06 — Cellular Respiration & Fermentation (Unit 1),▶ LIVE — Cycle 06 — Cellular Respiration & Fermentation — with Concept Bank.pptx,30,CONCEPT BANK,run,Khan Academy — Cellular respiration,https://www.khanacademy.org/science/high-school-biology/hs-energy-and-transport/hs-cellular-respiration,external,,,external (not checked live),n/a — external,,
Cycle 06,Cycle 06 — Cellular Respiration & Fermentation (Unit 1),▶ LIVE — Cycle 06 — Cellular Respiration & Fermentation — with Concept Bank.pptx,32,Activity and resource links,printed+run,https://answerable-biology-models.netlify.app/respiration.html,https://answerable-biology-models.netlify.app/respiration.html,external,,,external (not checked live),n/a — external,,
Cycle 06,Cycle 06 — Cellular Respiration & Fermentation (Unit 1),▶ LIVE — Cycle 06 — Cellular Respiration & Fermentation — with Concept Bank.pptx,32,Activity and resource links,run,Teacher — Fermentation Activity Guide,https://drive.google.com/file/d/10J3Ixd3fyWUTLAQXfhwynAe0yvFzWbQx/view,drivefile/view,10J3Ixd3fyWUTLAQXfhwynAe0yvFzWbQx,33,OK — file found,kvd@answerableteaching.com : My Drive/BIOLOGY (Shared)/Cycle 06 — Cellular Respiration & Fermentation (Unit 1),,
Cycle 06,Cycle 06 — Cellular Respiration & Fermentation (Unit 1),▶ LIVE — Cycle 06 — Cellular Respiration & Fermentation — with Concept Bank.pptx,32,Activity and resource links,run,Cellular Respiration — simple worksheet,https://drive.google.com/file/d/1Bnl1wo6NIttXtnBleBkmAK3GxobTLFbj/view,drivefile/view,1Bnl1wo6NIttXtnBleBkmAK3GxobTLFbj,33,OK — file found,kvd@answerableteaching.com : My Drive/BIOLOGY (Shared)/Cycle 06 — Cellular Respiration & Fermentation (Unit 1),,
Cycle 06,Cycle 06 — Cellular Respiration & Fermentation (Unit 1),▶ LIVE — Cycle 06 — Cellular Respiration & Fermentation — with Concept Bank.pptx,32,Activity and resource links,run,https://drive.google.com/file/d/1wBLxic3jHtPKsO8eHRWXuZ5C1FbmBrvY/view,https://drive.google.com/file/d/1SK3ONY4nwLKp1X_E3-2XyqCcuS59vSWr/view,drivefile/view,1SK3ONY4nwLKp1X_E3-2XyqCcuS59vSWr,33,BROKEN — hyperlink disagrees with the URL printed beside it,"SHARED tree, Cycle 06 :: Cycle 06 — Cellular Respiration — CA1 Worksheet.docx",https://drive.google.com/file/d/1wBLxic3jHtPKsO8eHRWXuZ5C1FbmBrvY/view,the slide PRINTS 1wBLxic3... and that id resolves; the live hyperlink goes to 1SK3ONY4... which resolves nowhere. Fix = make the link match its own printed URL. Two independent signals agree.
Cycle 06,Cycle 06 — Cellular Respiration & Fermentation (Unit 1),▶ LIVE — Cycle 06 — Cellular Respiration & Fermentation — with Concept Bank.pptx,32,Activity and resource links,printed+run,https://drive.google.com/file/d/1wBLxic3jHtPKsO8eHRWXuZ5C1FbmBrvY/view,https://drive.google.com/file/d/1wBLxic3jHtPKsO8eHRWXuZ5C1FbmBrvY/view,drivefile/view,1wBLxic3jHtPKsO8eHRWXuZ5C1FbmBrvY,33,OK — file found,kvd@answerableteaching.com : My Drive/BIOLOGY (Shared)/Cycle 06 — Cellular Respiration & Fermentation (Unit 1),,
Cycle 06,Cycle 06 — Cellular Respiration & Fermentation (Unit 1),▶ LIVE — Cycle 06 — Cellular Respiration & Fermentation — with Concept Bank.pptx,32,Activity and resource links,run,Cellular Respiration — CA2 worksheet,https://drive.google.com/file/d/1xBXmBuMX2Q24zgI4ZX9bzmEoR6d5emzK/view,drivefile/view,1xBXmBuMX2Q24zgI4ZX9bzmEoR6d5emzK,33,OK — file found,kvd@answerableteaching.com : My Drive/BIOLOGY (Shared)/Cycle 06 — Cellular Respiration & Fermentation (Unit 1),,
Cycle 06,Cycle 06 — Cellular Respiration & Fermentation (Unit 1),▶ LIVE — Cycle 06 — Cellular Respiration & Fermentation — with Concept Bank.pptx,32,Activity and resource links,printed+run,https://flexbooks.ck12.org/cbook/ck-12-biology-flexbook-2.0/section/2.26/primary/lesson/cellular-respiration-bio/,https://flexbooks.ck12.org/cbook/ck-12-biology-flexbook-2.0/section/2.26/primary/lesson/cellular-respiration-bio/,external,,,external (not checked live),n/a — external,,
Cycle 06,Cycle 06 — Cellular Respiration & Fermentation (Unit 1),▶ LIVE — Cycle 06 — Cellular Respiration & Fermentation — with Concept Bank.pptx,32,Activity and resource links,endParaRPr+run,https://www.biomanbio.com/HTML5GamesandLabs/PhotoRespgames/respiration-interactive-page.html,https://www.biomanbio.com,external,,,external (not checked live),n/a — external,,
Cycle 06,Cycle 06 — Cellular Respiration & Fermentation (Unit 1),▶ LIVE — Cycle 06 — Cellular Respiration & Fermentation — with Concept Bank.pptx,32,Activity and resource links,printed+run,https://www.biomanbio.com/HTML5GamesandLabs/PhotoRespgames/respiration-interactive-page.html,https://www.biomanbio.com/HTML5GamesandLabs/PhotoRespgames/respiration-interactive-page.html,external,,,external (not checked live),n/a — external,,
Cycle 06,Cycle 06 — Cellular Respiration & Fermentation (Unit 1),▶ LIVE — Cycle 06 — Cellular Respiration & Fermentation — with Concept Bank.pptx,32,Activity and resource links,printed+run,https://www.khanacademy.org/science/high-school-biology/hs-energy-and-transport/hs-cellular-respiration,https://www.khanacademy.org/science/high-school-biology/hs-energy-and-transport/hs-cellular-respiration,external,,,external (not checked live),n/a — external,,
Cycle 06,Cycle 06 — Cellular Respiration & Fermentation (Unit 1),▶ LIVE — Cycle 06 — Cellular Respiration & Fermentation — with Concept Bank.pptx,32,Activity and resource links,printed+run,https://www.scienceworld.ca/resource/yeast-inflated-balloons/,https://www.scienceworld.ca/resource/yeast-inflated-balloons/,external,,,external (not checked live),n/a — external,,
Cycle 06,Cycle 06 — Cellular Respiration & Fermentation (Unit 1),▶ LIVE — Cycle 06 — Cellular Respiration & Fermentation — with Concept Bank.pptx,33,Image credits,printed,"“Hand Holdng Fire Toasted Marshmallow” — Pink Sherbet Photography (D. Sharon Pruitt), CC BY 2.0 — https://commons.wikimedia.org/wiki/File:Hand_Holdng_Fire_Toasted_Marshmallow_(3310040440).jpg",https://commons.wikimedia.org/wiki/File:Hand_Holdng_Fire_Toasted_Marshmallow_(3310040440,external,,,external (not checked live),n/a — external,,
Cycle 06,Cycle 06 — Cellular Respiration & Fermentation (Unit 1),▶ LIVE — Cycle 06 — Cellular Respiration & Fermentation — with Concept Bank.pptx,33,Image credits,printed,"“Human cheek cells from science class” — Kyreb, CC0 — https://commons.wikimedia.org/wiki/File:Human_cheek_cells_from_science_class.jpg",https://commons.wikimedia.org/wiki/File:Human_cheek_cells_from_science_class.jpg,external,,,external (not checked live),n/a — external,,
Cycle 06,Cycle 06 — Cellular Respiration & Fermentation (Unit 1),▶ LIVE — Cycle 06 — Cellular Respiration & Fermentation — with Concept Bank.pptx,33,Image credits,printed,"“Mitochondria, mammalian lung - TEM” — Louisa Howard, Public domain — https://commons.wikimedia.org/wiki/File:Mitochondria,_mammalian_lung_-_TEM.jpg","https://commons.wikimedia.org/wiki/File:Mitochondria,_mammalian_lung_-_TEM.jpg",external,,,external (not checked live),n/a — external,,
Cycle 06,Cycle 06 — Cellular Respiration & Fermentation (Unit 1),▶ LIVE — Cycle 06 — Cellular Respiration & Fermentation — with Concept Bank.pptx,33,Image credits,printed,"“S cerevisiae under DIC microscopy” — Masur, Public domain — https://commons.wikimedia.org/wiki/File:S_cerevisiae_under_DIC_microscopy.jpg",https://commons.wikimedia.org/wiki/File:S_cerevisiae_under_DIC_microscopy.jpg,external,,,external (not checked live),n/a — external,,
Cycle 06,Cycle 06 — Cellular Respiration & Fermentation (Unit 1),▶ LIVE — Cycle 06 — Cellular Respiration & Fermentation — with Concept Bank.pptx,33,Image credits,printed,"Icons: Twemoji by X/Twitter, CC BY 4.0 — https://github.com/jdecked/twemoji",https://github.com/jdecked/twemoji,external,,,external (not checked live),n/a — external,,
Cycle 06,Cycle 06 — Cellular Respiration & Fermentation (Unit 1),▶ LIVE — Cycle 06 — Cellular Respiration & Fermentation.pptx,1,TEACHER REFERENCE — not projected to students,run,Fermentation Guide,https://docs.google.com/document/d/10J3Ixd3fyWUTLAQXfhwynAe0yvFzWbQx/edit?usp=sharing&ouid=112216964722103758648&rtpof=true&sd=true,gdoc/edit,10J3Ixd3fyWUTLAQXfhwynAe0yvFzWbQx,33,OK — file found,kvd@answerableteaching.com : My Drive/BIOLOGY (Shared)/Cycle 06 — Cellular Respiration & Fermentation (Unit 1),,
Cycle 06,Cycle 06 — Cellular Respiration & Fermentation (Unit 1),▶ LIVE — Cycle 06 — Cellular Respiration & Fermentation.pptx,1,TEACHER REFERENCE — not projected to students,run,Challenge,https://docs.google.com/document/d/1Bnl1wo6NIttXtnBleBkmAK3GxobTLFbj/edit?usp=sharing&ouid=112216964722103758648&rtpof=true&sd=true,gdoc/edit,1Bnl1wo6NIttXtnBleBkmAK3GxobTLFbj,33,OK — file found,kvd@answerableteaching.com : My Drive/BIOLOGY (Shared)/Cycle 06 — Cellular Respiration & Fermentation (Unit 1),,
Cycle 06,Cycle 06 — Cellular Respiration & Fermentation (Unit 1),▶ LIVE — Cycle 06 — Cellular Respiration & Fermentation.pptx,1,TEACHER REFERENCE — not projected to students,run,Cellular Respiration — CA1 worksheet,https://docs.google.com/document/d/1wBLxic3jHtPKsO8eHRWXuZ5C1FbmBrvY/edit?usp=sharing&ouid=112216964722103758648&rtpof=true&sd=true,gdoc/edit,1wBLxic3jHtPKsO8eHRWXuZ5C1FbmBrvY,33,OK — file found,kvd@answerableteaching.com : My Drive/BIOLOGY (Shared)/Cycle 06 — Cellular Respiration & Fermentation (Unit 1),,
Cycle 06,Cycle 06 — Cellular Respiration & Fermentation (Unit 1),▶ LIVE — Cycle 06 — Cellular Respiration & Fermentation.pptx,1,TEACHER REFERENCE — not projected to students,run,Cellular Respiration — CA2 worksheet · 1 per student,https://docs.google.com/document/d/1xBXmBuMX2Q24zgI4ZX9bzmEoR6d5emzK/edit?usp=sharing&ouid=112216964722103758648&rtpof=true&sd=true,gdoc/edit,1xBXmBuMX2Q24zgI4ZX9bzmEoR6d5emzK,33,OK — file found,kvd@answerableteaching.com : My Drive/BIOLOGY (Shared)/Cycle 06 — Cellular Respiration & Fermentation (Unit 1),,
Cycle 06,Cycle 06 — Cellular Respiration & Fermentation (Unit 1),▶ LIVE — Cycle 06 — Cellular Respiration & Fermentation.pptx,1,TEACHER REFERENCE — not projected to students,printed+run,Gizmo: Cell Energy Cycle (ExploreLearning subscription) https://gizmos.explorelearning.com/find-gizmos/lesson-info?resourceId=455,https://gizmos.explorelearning.com/find-gizmos/lesson-info?resourceId=455,external,,,external (not checked live),n/a — external,,
Cycle 06,Cycle 06 — Cellular Respiration & Fermentation (Unit 1),▶ LIVE — Cycle 06 — Cellular Respiration & Fermentation.pptx,1,TEACHER REFERENCE — not projected to students,printed+run,HHMI BioInteractive — Citric Acid Cycle (extra challenge) https://www.biointeractive.org/classroom-resources/citric-acid-cycle,https://www.biointeractive.org/classroom-resources/citric-acid-cycle,external,,,external (not checked live),n/a — external,,
Cycle 06,Cycle 06 — Cellular Respiration & Fermentation (Unit 1),▶ LIVE — Cycle 06 — Cellular Respiration & Fermentation.pptx,1,TEACHER REFERENCE — not projected to students,printed+run,Amoeba Sisters — Fermentation — https://www.youtube.com/watch?v=YbdkbCU20_M,https://www.youtube.com/watch?v=YbdkbCU20_M,external,,,external (not checked live),n/a — external,,
Cycle 06,Cycle 06 — Cellular Respiration & Fermentation (Unit 1),▶ LIVE — Cycle 06 — Cellular Respiration & Fermentation.pptx,1,TEACHER REFERENCE — not projected to students,printed+run,Amoeba Sisters — Cellular Respiration (Updated) — https://www.youtube.com/watch?v=eJ9Zjc-jdys,https://www.youtube.com/watch?v=eJ9Zjc-jdys,external,,,external (not checked live),n/a — external,,
Cycle 06,Cycle 06 — Cellular Respiration & Fermentation (Unit 1),▶ LIVE — Cycle 06 — Cellular Respiration & Fermentation.pptx,6,Bellringer,run,CK-12 Biology — Cellular Respiration (2.26),https://flexbooks.ck12.org/cbook/ck-12-biology-flexbook-2.0/section/2.26/primary/lesson/cellular-respiration-bio/,external,,,external (not checked live),n/a — external,,
Cycle 06,Cycle 06 — Cellular Respiration & Fermentation (Unit 1),▶ LIVE — Cycle 06 — Cellular Respiration & Fermentation.pptx,6,Bellringer,run,"Watch sugar get broken down inside a cell, one small step at a time.",https://www.biomanbio.com/HTML5GamesandLabs/PhotoRespgames/respiration-interactive-page.html,external,,,external (not checked live),n/a — external,,
Cycle 06,Cycle 06 — Cellular Respiration & Fermentation (Unit 1),▶ LIVE — Cycle 06 — Cellular Respiration & Fermentation.pptx,6,Bellringer,run,Khan Academy — Cellular respiration,https://www.khanacademy.org/science/high-school-biology/hs-energy-and-transport/hs-cellular-respiration,external,,,external (not checked live),n/a — external,,
Cycle 06,Cycle 06 — Cellular Respiration & Fermentation (Unit 1),▶ LIVE — Cycle 06 — Cellular Respiration & Fermentation.pptx,8,Respiration runs photosynthesis in reverse,run,Cellular Respiration — CA2 worksheet,https://docs.google.com/document/d/1xBXmBuMX2Q24zgI4ZX9bzmEoR6d5emzK/edit?usp=sharing&ouid=112216964722103758648&rtpof=true&sd=true,gdoc/edit,1xBXmBuMX2Q24zgI4ZX9bzmEoR6d5emzK,33,OK — file found,kvd@answerableteaching.com : My Drive/BIOLOGY (Shared)/Cycle 06 — Cellular Respiration & Fermentation (Unit 1),,
Cycle 06,Cycle 06 — Cellular Respiration & Fermentation (Unit 1),▶ LIVE — Cycle 06 — Cellular Respiration & Fermentation.pptx,11,Explore — the Respiration ATP Model,printed+run,https://answerable-biology-models.netlify.app/respiration.html,https://answerable-biology-models.netlify.app/respiration.html,external,,,external (not checked live),n/a — external,,
Cycle 06,Cycle 06 — Cellular Respiration & Fermentation (Unit 1),▶ LIVE — Cycle 06 — Cellular Respiration & Fermentation.pptx,18,Day 1 activity · Critical Aspect 1,run,Open: Cellular Respiration — CA1 Worksheet (in this cycle's folder),https://docs.google.com/document/d/1wBLxic3jHtPKsO8eHRWXuZ5C1FbmBrvY/edit?usp=sharing&ouid=112216964722103758648&rtpof=true&sd=true,gdoc/edit,1wBLxic3jHtPKsO8eHRWXuZ5C1FbmBrvY,33,OK — file found,kvd@answerableteaching.com : My Drive/BIOLOGY (Shared)/Cycle 06 — Cellular Respiration & Fermentation (Unit 1),,
Cycle 06,Cycle 06 — Cellular Respiration & Fermentation (Unit 1),▶ LIVE — Cycle 06 — Cellular Respiration & Fermentation.pptx,26,Day 2 activity · Critical Aspect 2,run,Open: Science World — Yeast-Inflated Balloons,https://docs.google.com/document/d/10J3Ixd3fyWUTLAQXfhwynAe0yvFzWbQx/edit?usp=sharing&ouid=112216964722103758648&rtpof=true&sd=true,gdoc/edit,10J3Ixd3fyWUTLAQXfhwynAe0yvFzWbQx,33,OK — file found,kvd@answerableteaching.com : My Drive/BIOLOGY (Shared)/Cycle 06 — Cellular Respiration & Fermentation (Unit 1),,
Cycle 06,Cycle 06 — Cellular Respiration & Fermentation (Unit 1),▶ LIVE — Cycle 06 — Cellular Respiration & Fermentation.pptx,28,Optional challenge,run,Need the ATP tally again? Open: BioMan — Respiration Interactive,https://www.biomanbio.com/HTML5GamesandLabs/PhotoRespgames/respiration-interactive-page.html,external,,,external (not checked live),n/a — external,,
Cycle 06,Cycle 06 — Cellular Respiration & Fermentation (Unit 1),▶ LIVE — Cycle 06 — Cellular Respiration & Fermentation.pptx,31,Activity and resource links,printed+run,https://answerable-biology-models.netlify.app/respiration.html,https://answerable-biology-models.netlify.app/respiration.html,external,,,external (not checked live),n/a — external,,
Cycle 06,Cycle 06 — Cellular Respiration & Fermentation (Unit 1),▶ LIVE — Cycle 06 — Cellular Respiration & Fermentation.pptx,31,Activity and resource links,run,Teacher — Fermentation Activity Guide,https://drive.google.com/file/d/10J3Ixd3fyWUTLAQXfhwynAe0yvFzWbQx/view,drivefile/view,10J3Ixd3fyWUTLAQXfhwynAe0yvFzWbQx,33,OK — file found,kvd@answerableteaching.com : My Drive/BIOLOGY (Shared)/Cycle 06 — Cellular Respiration & Fermentation (Unit 1),,
Cycle 06,Cycle 06 — Cellular Respiration & Fermentation (Unit 1),▶ LIVE — Cycle 06 — Cellular Respiration & Fermentation.pptx,31,Activity and resource links,run,Cellular Respiration — simple worksheet,https://drive.google.com/file/d/1Bnl1wo6NIttXtnBleBkmAK3GxobTLFbj/view,drivefile/view,1Bnl1wo6NIttXtnBleBkmAK3GxobTLFbj,33,OK — file found,kvd@answerableteaching.com : My Drive/BIOLOGY (Shared)/Cycle 06 — Cellular Respiration & Fermentation (Unit 1),,
Cycle 06,Cycle 06 — Cellular Respiration & Fermentation (Unit 1),▶ LIVE — Cycle 06 — Cellular Respiration & Fermentation.pptx,31,Activity and resource links,run,https://drive.google.com/file/d/1wBLxic3jHtPKsO8eHRWXuZ5C1FbmBrvY/view,https://drive.google.com/file/d/1SK3ONY4nwLKp1X_E3-2XyqCcuS59vSWr/view,drivefile/view,1SK3ONY4nwLKp1X_E3-2XyqCcuS59vSWr,33,BROKEN — hyperlink disagrees with the URL printed beside it,"SHARED tree, Cycle 06 :: Cycle 06 — Cellular Respiration — CA1 Worksheet.docx",https://drive.google.com/file/d/1wBLxic3jHtPKsO8eHRWXuZ5C1FbmBrvY/view,the slide PRINTS 1wBLxic3... and that id resolves; the live hyperlink goes to 1SK3ONY4... which resolves nowhere. Fix = make the link match its own printed URL. Two independent signals agree.
Cycle 06,Cycle 06 — Cellular Respiration & Fermentation (Unit 1),▶ LIVE — Cycle 06 — Cellular Respiration & Fermentation.pptx,31,Activity and resource links,printed+run,https://drive.google.com/file/d/1wBLxic3jHtPKsO8eHRWXuZ5C1FbmBrvY/view,https://drive.google.com/file/d/1wBLxic3jHtPKsO8eHRWXuZ5C1FbmBrvY/view,drivefile/view,1wBLxic3jHtPKsO8eHRWXuZ5C1FbmBrvY,33,OK — file found,kvd@answerableteaching.com : My Drive/BIOLOGY (Shared)/Cycle 06 — Cellular Respiration & Fermentation (Unit 1),,
Cycle 06,Cycle 06 — Cellular Respiration & Fermentation (Unit 1),▶ LIVE — Cycle 06 — Cellular Respiration & Fermentation.pptx,31,Activity and resource links,run,Cellular Respiration — CA2 worksheet,https://drive.google.com/file/d/1xBXmBuMX2Q24zgI4ZX9bzmEoR6d5emzK/view,drivefile/view,1xBXmBuMX2Q24zgI4ZX9bzmEoR6d5emzK,33,OK — file found,kvd@answerableteaching.com : My Drive/BIOLOGY (Shared)/Cycle 06 — Cellular Respiration & Fermentation (Unit 1),,
Cycle 06,Cycle 06 — Cellular Respiration & Fermentation (Unit 1),▶ LIVE — Cycle 06 — Cellular Respiration & Fermentation.pptx,31,Activity and resource links,printed+run,https://flexbooks.ck12.org/cbook/ck-12-biology-flexbook-2.0/section/2.26/primary/lesson/cellular-respiration-bio/,https://flexbooks.ck12.org/cbook/ck-12-biology-flexbook-2.0/section/2.26/primary/lesson/cellular-respiration-bio/,external,,,external (not checked live),n/a — external,,
Cycle 06,Cycle 06 — Cellular Respiration & Fermentation (Unit 1),▶ LIVE — Cycle 06 — Cellular Respiration & Fermentation.pptx,31,Activity and resource links,endParaRPr+run,https://www.biomanbio.com/HTML5GamesandLabs/PhotoRespgames/respiration-interactive-page.html,https://www.biomanbio.com,external,,,external (not checked live),n/a — external,,
Cycle 06,Cycle 06 — Cellular Respiration & Fermentation (Unit 1),▶ LIVE — Cycle 06 — Cellular Respiration & Fermentation.pptx,31,Activity and resource links,printed+run,https://www.biomanbio.com/HTML5GamesandLabs/PhotoRespgames/respiration-interactive-page.html,https://www.biomanbio.com/HTML5GamesandLabs/PhotoRespgames/respiration-interactive-page.html,external,,,external (not checked live),n/a — external,,
Cycle 06,Cycle 06 — Cellular Respiration & Fermentation (Unit 1),▶ LIVE — Cycle 06 — Cellular Respiration & Fermentation.pptx,31,Activity and resource links,printed+run,https://www.khanacademy.org/science/high-school-biology/hs-energy-and-transport/hs-cellular-respiration,https://www.khanacademy.org/science/high-school-biology/hs-energy-and-transport/hs-cellular-respiration,external,,,external (not checked live),n/a — external,,
Cycle 06,Cycle 06 — Cellular Respiration & Fermentation (Unit 1),▶ LIVE — Cycle 06 — Cellular Respiration & Fermentation.pptx,31,Activity and resource links,printed+run,https://www.scienceworld.ca/resource/yeast-inflated-balloons/,https://www.scienceworld.ca/resource/yeast-inflated-balloons/,external,,,external (not checked live),n/a — external,,
Cycle 06,Cycle 06 — Cellular Respiration & Fermentation (Unit 1),▶ LIVE — Cycle 06 — Cellular Respiration & Fermentation.pptx,32,Image credits,printed,"“Hand Holdng Fire Toasted Marshmallow” — Pink Sherbet Photography (D. Sharon Pruitt), CC BY 2.0 — https://commons.wikimedia.org/wiki/File:Hand_Holdng_Fire_Toasted_Marshmallow_(3310040440).jpg",https://commons.wikimedia.org/wiki/File:Hand_Holdng_Fire_Toasted_Marshmallow_(3310040440,external,,,external (not checked live),n/a — external,,
Cycle 06,Cycle 06 — Cellular Respiration & Fermentation (Unit 1),▶ LIVE — Cycle 06 — Cellular Respiration & Fermentation.pptx,32,Image credits,printed,"“Human cheek cells from science class” — Kyreb, CC0 — https://commons.wikimedia.org/wiki/File:Human_cheek_cells_from_science_class.jpg",https://commons.wikimedia.org/wiki/File:Human_cheek_cells_from_science_class.jpg,external,,,external (not checked live),n/a — external,,
Cycle 06,Cycle 06 — Cellular Respiration & Fermentation (Unit 1),▶ LIVE — Cycle 06 — Cellular Respiration & Fermentation.pptx,32,Image credits,printed,"“Mitochondria, mammalian lung - TEM” — Louisa Howard, Public domain — https://commons.wikimedia.org/wiki/File:Mitochondria,_mammalian_lung_-_TEM.jpg","https://commons.wikimedia.org/wiki/File:Mitochondria,_mammalian_lung_-_TEM.jpg",external,,,external (not checked live),n/a — external,,
Cycle 06,Cycle 06 — Cellular Respiration & Fermentation (Unit 1),▶ LIVE — Cycle 06 — Cellular Respiration & Fermentation.pptx,32,Image credits,printed,"“S cerevisiae under DIC microscopy” — Masur, Public domain — https://commons.wikimedia.org/wiki/File:S_cerevisiae_under_DIC_microscopy.jpg",https://commons.wikimedia.org/wiki/File:S_cerevisiae_under_DIC_microscopy.jpg,external,,,external (not checked live),n/a — external,,
Cycle 06,Cycle 06 — Cellular Respiration & Fermentation (Unit 1),▶ LIVE — Cycle 06 — Cellular Respiration & Fermentation.pptx,32,Image credits,printed,"Icons: Twemoji by X/Twitter, CC BY 4.0 — https://github.com/jdecked/twemoji",https://github.com/jdecked/twemoji,external,,,external (not checked live),n/a — external,,
Cycle 07,Cycle 07 — Ecosystem Dynamics_ Populations & Succession (Unit 1),▶ LIVE — Cycle 07a — Population Ecology — with Concept Bank.pptx,1,TEACHER REFERENCE — not projected to students,printed,BioMan — Ecology games hub (Feed the Dingo and more) — https://biomanbio.com/HTML5GamesandLabs/EcoGames/ecology.html,https://biomanbio.com/HTML5GamesandLabs/EcoGames/ecology.html,external,,,external (not checked live),n/a — external,,
Cycle 07,Cycle 07 — Ecosystem Dynamics_ Populations & Succession (Unit 1),▶ LIVE — Cycle 07a — Population Ecology — with Concept Bank.pptx,1,TEACHER REFERENCE — not projected to students,printed,Gizmo: Rabbit Population by Season (ExploreLearning — subscription) — https://gizmos.explorelearning.com/find-gizmos/lesson-info?resourceId=380,https://gizmos.explorelearning.com/find-gizmos/lesson-info?resourceId=380,external,,,external (not checked live),n/a — external,,
Cycle 07,Cycle 07 — Ecosystem Dynamics_ Populations & Succession (Unit 1),▶ LIVE — Cycle 07a — Population Ecology — with Concept Bank.pptx,1,TEACHER REFERENCE — not projected to students,printed,PhET — Natural Selection (population under limited food) — https://phet.colorado.edu/en/simulations/natural-selection,https://phet.colorado.edu/en/simulations/natural-selection,external,,,external (not checked live),n/a — external,,
Cycle 07,Cycle 07 — Ecosystem Dynamics_ Populations & Succession (Unit 1),▶ LIVE — Cycle 07a — Population Ecology — with Concept Bank.pptx,1,TEACHER REFERENCE — not projected to students,printed,Crash Course Ecology — Population Ecology: The Texas Mosquito Mystery — https://www.youtube.com/watch?v=RBOsqmBQBQk,https://www.youtube.com/watch?v=RBOsqmBQBQk,external,,,external (not checked live),n/a — external,,
Cycle 07,Cycle 07 — Ecosystem Dynamics_ Populations & Succession (Unit 1),▶ LIVE — Cycle 07a — Population Ecology — with Concept Bank.pptx,4,Bellringer,run,Population Tank Model — tighten the resources and watch a J bend into an S.,https://answerable-biology-models.netlify.app/population.html,external,,,external (not checked live),n/a — external,,
Cycle 07,Cycle 07 — Ecosystem Dynamics_ Populations & Succession (Unit 1),▶ LIVE — Cycle 07a — Population Ecology — with Concept Bank.pptx,4,Bellringer,run,CK-12 Biology — Population Growth Patterns (6.20),https://flexbooks.ck12.org/cbook/ck-12-biology-flexbook-2.0/section/6.20/primary/lesson/population-growth-patterns-bio/,external,,,external (not checked live),n/a — external,,
Cycle 07,Cycle 07 — Ecosystem Dynamics_ Populations & Succession (Unit 1),▶ LIVE — Cycle 07a — Population Ecology — with Concept Bank.pptx,4,Bellringer,run,Khan Academy — Population ecology,https://www.khanacademy.org/science/high-school-biology/hs-ecology/hs-population-ecology,external,,,external (not checked live),n/a — external,,
Cycle 07,Cycle 07 — Ecosystem Dynamics_ Populations & Succession (Unit 1),▶ LIVE — Cycle 07a — Population Ecology — with Concept Bank.pptx,9,Explore — the Population Tank Model,printed+run,▶  Tap to open and drag the sliders — set a carrying capacity and watch the J bend into an S,https://answerable-biology-models.netlify.app/population.html,external,,,external (not checked live),n/a — external,,
Cycle 07,Cycle 07 — Ecosystem Dynamics_ Populations & Succession (Unit 1),▶ LIVE — Cycle 07a — Population Ecology — with Concept Bank.pptx,16,Day 1 activity · Critical Aspect 1,run,Open: Population Tank Model — check your two graphs against the model,https://answerable-biology-models.netlify.app/population.html,external,,,external (not checked live),n/a — external,,
Cycle 07,Cycle 07 — Ecosystem Dynamics_ Populations & Succession (Unit 1),▶ LIVE — Cycle 07a — Population Ecology — with Concept Bank.pptx,24,Day 2 activity · Critical Aspect 2,run,Open: Population Tank Model — set a ceiling and compare it to your herd,https://answerable-biology-models.netlify.app/population.html,external,,,external (not checked live),n/a — external,,
Cycle 07,Cycle 07 — Ecosystem Dynamics_ Populations & Succession (Unit 1),▶ LIVE — Cycle 07a — Population Ecology — with Concept Bank.pptx,25,Day 2 activity · Critical Aspect 2,run,Open: Population Tank Model — watch a ceiling hold a population down,https://answerable-biology-models.netlify.app/population.html,external,,,external (not checked live),n/a — external,,
Cycle 07,Cycle 07 — Ecosystem Dynamics_ Populations & Succession (Unit 1),▶ LIVE — Cycle 07a — Population Ecology — with Concept Bank.pptx,27,Optional challenge,run,Need the curves again? Open: Population Tank Model,https://answerable-biology-models.netlify.app/population.html,external,,,external (not checked live),n/a — external,,
Cycle 07,Cycle 07 — Ecosystem Dynamics_ Populations & Succession (Unit 1),▶ LIVE — Cycle 07a — Population Ecology — with Concept Bank.pptx,29,CONCEPT BANK,run,CK-12 Biology — Population Growth Patterns (6.20),https://flexbooks.ck12.org/cbook/ck-12-biology-flexbook-2.0/section/6.20/primary/lesson/population-growth-patterns-bio/,external,,,external (not checked live),n/a — external,,
Cycle 07,Cycle 07 — Ecosystem Dynamics_ Populations & Succession (Unit 1),▶ LIVE — Cycle 07a — Population Ecology — with Concept Bank.pptx,29,CONCEPT BANK,run,Khan Academy — Population ecology,https://www.khanacademy.org/science/high-school-biology/hs-ecology/hs-population-ecology,external,,,external (not checked live),n/a — external,,
Cycle 07,Cycle 07 — Ecosystem Dynamics_ Populations & Succession (Unit 1),▶ LIVE — Cycle 07a — Population Ecology — with Concept Bank.pptx,32,Activity and resource links,printed+run,"Population Tank Model (interactive) — bellringer explore, both activities, and the challenge",https://answerable-biology-models.netlify.app/population.html,external,,,external (not checked live),n/a — external,,
Cycle 07,Cycle 07 — Ecosystem Dynamics_ Populations & Succession (Unit 1),▶ LIVE — Cycle 07a — Population Ecology — with Concept Bank.pptx,32,Activity and resource links,run,Teacher — Ecological Succession Activity Guide,https://drive.google.com/file/d/1Wn8U95Q0gMggiFEie8_Fwz6V2JX7qKZD/view,drivefile/view,1Wn8U95Q0gMggiFEie8_Fwz6V2JX7qKZD,33,OK — file found,kvd@answerableteaching.com : My Drive/BIOLOGY (Shared)/Cycle 07 — Ecosystem Dynamics_ Populations & Succession (Unit 1),,
Cycle 07,Cycle 07 — Ecosystem Dynamics_ Populations & Succession (Unit 1),▶ LIVE — Cycle 07a — Population Ecology — with Concept Bank.pptx,32,Activity and resource links,printed+run,https://flexbooks.ck12.org/cbook/ck-12-biology-flexbook-2.0/section/6.20/primary/lesson/population-growth-patterns-bio/,https://flexbooks.ck12.org/cbook/ck-12-biology-flexbook-2.0/section/6.20/primary/lesson/population-growth-patterns-bio/,external,,,external (not checked live),n/a — external,,
Cycle 07,Cycle 07 — Ecosystem Dynamics_ Populations & Succession (Unit 1),▶ LIVE — Cycle 07a — Population Ecology — with Concept Bank.pptx,32,Activity and resource links,printed+run,https://www.khanacademy.org/science/high-school-biology/hs-ecology/hs-population-ecology,https://www.khanacademy.org/science/high-school-biology/hs-ecology/hs-population-ecology,external,,,external (not checked live),n/a — external,,
Cycle 07,Cycle 07 — Ecosystem Dynamics_ Populations & Succession (Unit 1),▶ LIVE — Cycle 07a — Population Ecology — with Concept Bank.pptx,33,Image credits,printed,"Icons: Twemoji by X/Twitter, CC BY 4.0 — https://github.com/jdecked/twemoji",https://github.com/jdecked/twemoji,external,,,external (not checked live),n/a — external,,
Cycle 07,Cycle 07 — Ecosystem Dynamics_ Populations & Succession (Unit 1),▶ LIVE — Cycle 07a — Population Ecology.pptx,1,TEACHER REFERENCE — not projected to students,printed,BioMan — Ecology games hub (Feed the Dingo and more) — https://biomanbio.com/HTML5GamesandLabs/EcoGames/ecology.html,https://biomanbio.com/HTML5GamesandLabs/EcoGames/ecology.html,external,,,external (not checked live),n/a — external,,
Cycle 07,Cycle 07 — Ecosystem Dynamics_ Populations & Succession (Unit 1),▶ LIVE — Cycle 07a — Population Ecology.pptx,1,TEACHER REFERENCE — not projected to students,printed,Gizmo: Rabbit Population by Season (ExploreLearning — subscription) — https://gizmos.explorelearning.com/find-gizmos/lesson-info?resourceId=380,https://gizmos.explorelearning.com/find-gizmos/lesson-info?resourceId=380,external,,,external (not checked live),n/a — external,,
Cycle 07,Cycle 07 — Ecosystem Dynamics_ Populations & Succession (Unit 1),▶ LIVE — Cycle 07a — Population Ecology.pptx,1,TEACHER REFERENCE — not projected to students,printed,PhET — Natural Selection (population under limited food) — https://phet.colorado.edu/en/simulations/natural-selection,https://phet.colorado.edu/en/simulations/natural-selection,external,,,external (not checked live),n/a — external,,
Cycle 07,Cycle 07 — Ecosystem Dynamics_ Populations & Succession (Unit 1),▶ LIVE — Cycle 07a — Population Ecology.pptx,1,TEACHER REFERENCE — not projected to students,printed,Crash Course Ecology — Population Ecology: The Texas Mosquito Mystery — https://www.youtube.com/watch?v=RBOsqmBQBQk,https://www.youtube.com/watch?v=RBOsqmBQBQk,external,,,external (not checked live),n/a — external,,
Cycle 07,Cycle 07 — Ecosystem Dynamics_ Populations & Succession (Unit 1),▶ LIVE — Cycle 07a — Population Ecology.pptx,4,Bellringer,run,Population Tank Model — tighten the resources and watch a J bend into an S.,https://answerable-biology-models.netlify.app/population.html,external,,,external (not checked live),n/a — external,,
Cycle 07,Cycle 07 — Ecosystem Dynamics_ Populations & Succession (Unit 1),▶ LIVE — Cycle 07a — Population Ecology.pptx,4,Bellringer,run,CK-12 Biology — Population Growth Patterns (6.20),https://flexbooks.ck12.org/cbook/ck-12-biology-flexbook-2.0/section/6.20/primary/lesson/population-growth-patterns-bio/,external,,,external (not checked live),n/a — external,,
Cycle 07,Cycle 07 — Ecosystem Dynamics_ Populations & Succession (Unit 1),▶ LIVE — Cycle 07a — Population Ecology.pptx,4,Bellringer,run,Khan Academy — Population ecology,https://www.khanacademy.org/science/high-school-biology/hs-ecology/hs-population-ecology,external,,,external (not checked live),n/a — external,,
Cycle 07,Cycle 07 — Ecosystem Dynamics_ Populations & Succession (Unit 1),▶ LIVE — Cycle 07a — Population Ecology.pptx,9,Explore — the Population Tank Model,printed+run,▶  Tap to open and drag the sliders — set a carrying capacity and watch the J bend into an S,https://answerable-biology-models.netlify.app/population.html,external,,,external (not checked live),n/a — external,,
Cycle 07,Cycle 07 — Ecosystem Dynamics_ Populations & Succession (Unit 1),▶ LIVE — Cycle 07a — Population Ecology.pptx,16,Day 1 activity · Critical Aspect 1,run,Open: Population Tank Model — check your two graphs against the model,https://answerable-biology-models.netlify.app/population.html,external,,,external (not checked live),n/a — external,,
Cycle 07,Cycle 07 — Ecosystem Dynamics_ Populations & Succession (Unit 1),▶ LIVE — Cycle 07a — Population Ecology.pptx,24,Day 2 activity · Critical Aspect 2,run,Open: Population Tank Model — set a ceiling and compare it to your herd,https://answerable-biology-models.netlify.app/population.html,external,,,external (not checked live),n/a — external,,
Cycle 07,Cycle 07 — Ecosystem Dynamics_ Populations & Succession (Unit 1),▶ LIVE — Cycle 07a — Population Ecology.pptx,25,Day 2 activity · Critical Aspect 2,run,Open: Population Tank Model — watch a ceiling hold a population down,https://answerable-biology-models.netlify.app/population.html,external,,,external (not checked live),n/a — external,,
Cycle 07,Cycle 07 — Ecosystem Dynamics_ Populations & Succession (Unit 1),▶ LIVE — Cycle 07a — Population Ecology.pptx,27,Optional challenge,run,Need the curves again? Open: Population Tank Model,https://answerable-biology-models.netlify.app/population.html,external,,,external (not checked live),n/a — external,,
Cycle 07,Cycle 07 — Ecosystem Dynamics_ Populations & Succession (Unit 1),▶ LIVE — Cycle 07a — Population Ecology.pptx,31,Activity and resource links,printed+run,"Population Tank Model (interactive) — bellringer explore, both activities, and the challenge",https://answerable-biology-models.netlify.app/population.html,external,,,external (not checked live),n/a — external,,
Cycle 07,Cycle 07 — Ecosystem Dynamics_ Populations & Succession (Unit 1),▶ LIVE — Cycle 07a — Population Ecology.pptx,31,Activity and resource links,run,Teacher — Ecological Succession Activity Guide,https://drive.google.com/file/d/1Wn8U95Q0gMggiFEie8_Fwz6V2JX7qKZD/view,drivefile/view,1Wn8U95Q0gMggiFEie8_Fwz6V2JX7qKZD,33,OK — file found,kvd@answerableteaching.com : My Drive/BIOLOGY (Shared)/Cycle 07 — Ecosystem Dynamics_ Populations & Succession (Unit 1),,
Cycle 07,Cycle 07 — Ecosystem Dynamics_ Populations & Succession (Unit 1),▶ LIVE — Cycle 07a — Population Ecology.pptx,31,Activity and resource links,printed+run,https://flexbooks.ck12.org/cbook/ck-12-biology-flexbook-2.0/section/6.20/primary/lesson/population-growth-patterns-bio/,https://flexbooks.ck12.org/cbook/ck-12-biology-flexbook-2.0/section/6.20/primary/lesson/population-growth-patterns-bio/,external,,,external (not checked live),n/a — external,,
Cycle 07,Cycle 07 — Ecosystem Dynamics_ Populations & Succession (Unit 1),▶ LIVE — Cycle 07a — Population Ecology.pptx,31,Activity and resource links,printed+run,https://www.khanacademy.org/science/high-school-biology/hs-ecology/hs-population-ecology,https://www.khanacademy.org/science/high-school-biology/hs-ecology/hs-population-ecology,external,,,external (not checked live),n/a — external,,
Cycle 07,Cycle 07 — Ecosystem Dynamics_ Populations & Succession (Unit 1),▶ LIVE — Cycle 07a — Population Ecology.pptx,32,Image credits,printed,"Icons: Twemoji by X/Twitter, CC BY 4.0 — https://github.com/jdecked/twemoji",https://github.com/jdecked/twemoji,external,,,external (not checked live),n/a — external,,
Cycle 07,Cycle 07 — Ecosystem Dynamics_ Populations & Succession (Unit 1),▶ LIVE — Cycle 07b — Populations & Succession — with Concept Bank.pptx,1,TEACHER REFERENCE — not projected to students,printed+run,Nat Geo Education — Environmental Turnaround (ecosystem recovery) — https://education.nationalgeographic.org/resource/environmental-turnaround/,https://education.nationalgeographic.org/resource/environmental-turnaround/,external,,,external (not checked live),n/a — external,,
Cycle 07,Cycle 07 — Ecosystem Dynamics_ Populations & Succession (Unit 1),▶ LIVE — Cycle 07b — Populations & Succession — with Concept Bank.pptx,1,TEACHER REFERENCE — not projected to students,printed+run,Gizmo: Forest Ecosystem (ExploreLearning — subscription) — https://gizmos.explorelearning.com/find-gizmos/lesson-info?resourceId=639,https://gizmos.explorelearning.com/find-gizmos/lesson-info?resourceId=639,external,,,external (not checked live),n/a — external,,
Cycle 07,Cycle 07 — Ecosystem Dynamics_ Populations & Succession (Unit 1),▶ LIVE — Cycle 07b — Populations & Succession — with Concept Bank.pptx,1,TEACHER REFERENCE — not projected to students,printed+run,Crash Course Ecology — Ecological Succession: Change is Good — https://www.youtube.com/watch?v=jZKIHe2LDP8,https://www.youtube.com/watch?v=jZKIHe2LDP8,external,,,external (not checked live),n/a — external,,
Cycle 07,Cycle 07 — Ecosystem Dynamics_ Populations & Succession (Unit 1),▶ LIVE — Cycle 07b — Populations & Succession — with Concept Bank.pptx,1,TEACHER REFERENCE — not projected to students,printed+run,Amoeba Sisters — Ecological Succession: Nature's Great Grit — https://www.youtube.com/watch?v=uqEUzgVAF6g,https://www.youtube.com/watch?v=uqEUzgVAF6g,external,,,external (not checked live),n/a — external,,
Cycle 07,Cycle 07 — Ecosystem Dynamics_ Populations & Succession (Unit 1),▶ LIVE — Cycle 07b — Populations & Succession — with Concept Bank.pptx,4,Bellringer,run,Succession sim — watch a bare area fill in over time.,https://bit.ly/3rUvCLo,external,,,external (not checked live),n/a — external,,
Cycle 07,Cycle 07 — Ecosystem Dynamics_ Populations & Succession (Unit 1),▶ LIVE — Cycle 07b — Populations & Succession — with Concept Bank.pptx,4,Bellringer,run,CK-12 Biology — Succession (6.16),https://flexbooks.ck12.org/cbook/ck-12-biology-flexbook-2.0/section/6.16/primary/lesson/succession-bio/,external,,,external (not checked live),n/a — external,,
Cycle 07,Cycle 07 — Ecosystem Dynamics_ Populations & Succession (Unit 1),▶ LIVE — Cycle 07b — Populations & Succession — with Concept Bank.pptx,4,Bellringer,run,Khan Academy — Ecological succession,https://www.khanacademy.org/science/biology/ecology/community-structure-and-diversity,external,,,external (not checked live),n/a — external,,
Cycle 07,Cycle 07 — Ecosystem Dynamics_ Populations & Succession (Unit 1),▶ LIVE — Cycle 07b — Populations & Succession — with Concept Bank.pptx,9,Explore — the Population Tank Model,printed+run,"▶  Tap to open and drag the sliders — a population fills and drains like a tank, and levels off at its ceiling",https://answerable-biology-models.netlify.app/population.html,external,,,external (not checked live),n/a — external,,
Cycle 07,Cycle 07 — Ecosystem Dynamics_ Populations & Succession (Unit 1),▶ LIVE — Cycle 07b — Populations & Succession — with Concept Bank.pptx,11,Critical aspect: Where succession is headed,run,Read about Succession,https://docs.google.com/document/d/1GP-zJpuoKEMkh3kFOd7uWyE6b_vK3pGYlyjc6mgDmKE/edit?usp=sharing,gdoc/edit,1GP-zJpuoKEMkh3kFOd7uWyE6b_vK3pGYlyjc6mgDmKE,44,"MISSING — no file of this name in this cycle, in any tree",NOT FOUND,,"44-char native Google Doc id. Every native Google file in her three My Drives leaves a stub on disk; this one leaves none, so it is not in any of her My Drives. Most likely a Shared-with-me doc (those do not sync) or deleted. Cannot be resolved offline and must not be guessed — Cycle 07 has an 'Ecological Succession Activity Guide', but a guide is not a reading."
Cycle 07,Cycle 07 — Ecosystem Dynamics_ Populations & Succession (Unit 1),▶ LIVE — Cycle 07b — Populations & Succession — with Concept Bank.pptx,16,Day 1 activity · Critical Aspect 1,run,Open: Mount St. Helens recovery — the real data behind this order,https://knowledge.carolina.com/discipline/earth-environmental/succession-on-mount-st-helens/,external,,,external (not checked live),n/a — external,,
Cycle 07,Cycle 07 — Ecosystem Dynamics_ Populations & Succession (Unit 1),▶ LIVE — Cycle 07b — Populations & Succession — with Concept Bank.pptx,24,Day 2 activity · Critical Aspect 2,run,Open: Background — how lichens weather rock into soil,https://en.wikipedia.org/wiki/Xerosere,external,,,external (not checked live),n/a — external,,
Cycle 07,Cycle 07 — Ecosystem Dynamics_ Populations & Succession (Unit 1),▶ LIVE — Cycle 07b — Populations & Succession — with Concept Bank.pptx,26,Optional challenge,run,"Watch first: Succession interactive sim — run primary, then secondary",https://bit.ly/3rUvCLo,external,,,external (not checked live),n/a — external,,
Cycle 07,Cycle 07 — Ecosystem Dynamics_ Populations & Succession (Unit 1),▶ LIVE — Cycle 07b — Populations & Succession — with Concept Bank.pptx,28,CONCEPT BANK,run,CK-12 Biology — Succession (6.16),https://flexbooks.ck12.org/cbook/ck-12-biology-flexbook-2.0/section/6.16/primary/lesson/succession-bio/,external,,,external (not checked live),n/a — external,,
Cycle 07,Cycle 07 — Ecosystem Dynamics_ Populations & Succession (Unit 1),▶ LIVE — Cycle 07b — Populations & Succession — with Concept Bank.pptx,28,CONCEPT BANK,run,Khan Academy — Ecological succession,https://www.khanacademy.org/science/biology/ecology/community-structure-and-diversity,external,,,external (not checked live),n/a — external,,
Cycle 07,Cycle 07 — Ecosystem Dynamics_ Populations & Succession (Unit 1),▶ LIVE — Cycle 07b — Populations & Succession — with Concept Bank.pptx,30,Activity and resource links,printed+run,https://answerable-biology-models.netlify.app/population.html,https://answerable-biology-models.netlify.app/population.html,external,,,external (not checked live),n/a — external,,
Cycle 07,Cycle 07 — Ecosystem Dynamics_ Populations & Succession (Unit 1),▶ LIVE — Cycle 07b — Populations & Succession — with Concept Bank.pptx,30,Activity and resource links,printed+run,Bellringer sim — watch a bare area fill in over time,https://bit.ly/3rUvCLo,external,,,external (not checked live),n/a — external,,
Cycle 07,Cycle 07 — Ecosystem Dynamics_ Populations & Succession (Unit 1),▶ LIVE — Cycle 07b — Populations & Succession — with Concept Bank.pptx,30,Activity and resource links,run,Teacher — Ecological Succession Activity Guide,https://drive.google.com/file/d/1Wn8U95Q0gMggiFEie8_Fwz6V2JX7qKZD/view,drivefile/view,1Wn8U95Q0gMggiFEie8_Fwz6V2JX7qKZD,33,OK — file found,kvd@answerableteaching.com : My Drive/BIOLOGY (Shared)/Cycle 07 — Ecosystem Dynamics_ Populations & Succession (Unit 1),,
Cycle 07,Cycle 07 — Ecosystem Dynamics_ Populations & Succession (Unit 1),▶ LIVE — Cycle 07b — Populations & Succession — with Concept Bank.pptx,30,Activity and resource links,endParaRPr+printed+run,https://en.wikipedia.org/wiki/Xerosere,https://en.wikipedia.org/wiki/Xerosere,external,,,external (not checked live),n/a — external,,
Cycle 07,Cycle 07 — Ecosystem Dynamics_ Populations & Succession (Unit 1),▶ LIVE — Cycle 07b — Populations & Succession — with Concept Bank.pptx,30,Activity and resource links,printed+run,https://flexbooks.ck12.org/cbook/ck-12-biology-flexbook-2.0/section/6.16/primary/lesson/succession-bio/,https://flexbooks.ck12.org/cbook/ck-12-biology-flexbook-2.0/section/6.16/primary/lesson/succession-bio/,external,,,external (not checked live),n/a — external,,
Cycle 07,Cycle 07 — Ecosystem Dynamics_ Populations & Succession (Unit 1),▶ LIVE — Cycle 07b — Populations & Succession — with Concept Bank.pptx,30,Activity and resource links,printed+run,https://knowledge.carolina.com/discipline/earth-environmental/succession-on-mount-st-helens/,https://knowledge.carolina.com/discipline/earth-environmental/succession-on-mount-st-helens/,external,,,external (not checked live),n/a — external,,
Cycle 07,Cycle 07 — Ecosystem Dynamics_ Populations & Succession (Unit 1),▶ LIVE — Cycle 07b — Populations & Succession — with Concept Bank.pptx,30,Activity and resource links,printed+run,https://www.khanacademy.org/science/biology/ecology/community-structure-and-diversity,https://www.khanacademy.org/science/biology/ecology/community-structure-and-diversity,external,,,external (not checked live),n/a — external,,
Cycle 07,Cycle 07 — Ecosystem Dynamics_ Populations & Succession (Unit 1),▶ LIVE — Cycle 07b — Populations & Succession — with Concept Bank.pptx,31,Image credits,printed,"Icons: Twemoji by X/Twitter, CC BY 4.0 — https://github.com/jdecked/twemoji",https://github.com/jdecked/twemoji,external,,,external (not checked live),n/a — external,,
Cycle 07,Cycle 07 — Ecosystem Dynamics_ Populations & Succession (Unit 1),▶ LIVE — Cycle 07b — Populations & Succession.pptx,1,TEACHER REFERENCE — not projected to students,printed+run,Nat Geo Education — Environmental Turnaround (ecosystem recovery) — https://education.nationalgeographic.org/resource/environmental-turnaround/,https://education.nationalgeographic.org/resource/environmental-turnaround/,external,,,external (not checked live),n/a — external,,
Cycle 07,Cycle 07 — Ecosystem Dynamics_ Populations & Succession (Unit 1),▶ LIVE — Cycle 07b — Populations & Succession.pptx,1,TEACHER REFERENCE — not projected to students,printed+run,Gizmo: Forest Ecosystem (ExploreLearning — subscription) — https://gizmos.explorelearning.com/find-gizmos/lesson-info?resourceId=639,https://gizmos.explorelearning.com/find-gizmos/lesson-info?resourceId=639,external,,,external (not checked live),n/a — external,,
Cycle 07,Cycle 07 — Ecosystem Dynamics_ Populations & Succession (Unit 1),▶ LIVE — Cycle 07b — Populations & Succession.pptx,1,TEACHER REFERENCE — not projected to students,printed+run,Crash Course Ecology — Ecological Succession: Change is Good — https://www.youtube.com/watch?v=jZKIHe2LDP8,https://www.youtube.com/watch?v=jZKIHe2LDP8,external,,,external (not checked live),n/a — external,,
Cycle 07,Cycle 07 — Ecosystem Dynamics_ Populations & Succession (Unit 1),▶ LIVE — Cycle 07b — Populations & Succession.pptx,1,TEACHER REFERENCE — not projected to students,printed+run,Amoeba Sisters — Ecological Succession: Nature's Great Grit — https://www.youtube.com/watch?v=uqEUzgVAF6g,https://www.youtube.com/watch?v=uqEUzgVAF6g,external,,,external (not checked live),n/a — external,,
Cycle 07,Cycle 07 — Ecosystem Dynamics_ Populations & Succession (Unit 1),▶ LIVE — Cycle 07b — Populations & Succession.pptx,4,Bellringer,run,Succession sim — watch a bare area fill in over time.,https://bit.ly/3rUvCLo,external,,,external (not checked live),n/a — external,,
Cycle 07,Cycle 07 — Ecosystem Dynamics_ Populations & Succession (Unit 1),▶ LIVE — Cycle 07b — Populations & Succession.pptx,4,Bellringer,run,CK-12 Biology — Succession (6.16),https://flexbooks.ck12.org/cbook/ck-12-biology-flexbook-2.0/section/6.16/primary/lesson/succession-bio/,external,,,external (not checked live),n/a — external,,
Cycle 07,Cycle 07 — Ecosystem Dynamics_ Populations & Succession (Unit 1),▶ LIVE — Cycle 07b — Populations & Succession.pptx,4,Bellringer,run,Khan Academy — Ecological succession,https://www.khanacademy.org/science/biology/ecology/community-structure-and-diversity,external,,,external (not checked live),n/a — external,,
Cycle 07,Cycle 07 — Ecosystem Dynamics_ Populations & Succession (Unit 1),▶ LIVE — Cycle 07b — Populations & Succession.pptx,9,Explore — the Population Tank Model,printed+run,"▶  Tap to open and drag the sliders — a population fills and drains like a tank, and levels off at its ceiling",https://answerable-biology-models.netlify.app/population.html,external,,,external (not checked live),n/a — external,,
Cycle 07,Cycle 07 — Ecosystem Dynamics_ Populations & Succession (Unit 1),▶ LIVE — Cycle 07b — Populations & Succession.pptx,11,Critical aspect: Where succession is headed,run,Read about Succession,https://docs.google.com/document/d/1GP-zJpuoKEMkh3kFOd7uWyE6b_vK3pGYlyjc6mgDmKE/edit?usp=sharing,gdoc/edit,1GP-zJpuoKEMkh3kFOd7uWyE6b_vK3pGYlyjc6mgDmKE,44,"MISSING — no file of this name in this cycle, in any tree",NOT FOUND,,"44-char native Google Doc id. Every native Google file in her three My Drives leaves a stub on disk; this one leaves none, so it is not in any of her My Drives. Most likely a Shared-with-me doc (those do not sync) or deleted. Cannot be resolved offline and must not be guessed — Cycle 07 has an 'Ecological Succession Activity Guide', but a guide is not a reading."
Cycle 07,Cycle 07 — Ecosystem Dynamics_ Populations & Succession (Unit 1),▶ LIVE — Cycle 07b — Populations & Succession.pptx,16,Day 1 activity · Critical Aspect 1,run,Open: Mount St. Helens recovery — the real data behind this order,https://knowledge.carolina.com/discipline/earth-environmental/succession-on-mount-st-helens/,external,,,external (not checked live),n/a — external,,
Cycle 07,Cycle 07 — Ecosystem Dynamics_ Populations & Succession (Unit 1),▶ LIVE — Cycle 07b — Populations & Succession.pptx,24,Day 2 activity · Critical Aspect 2,run,Open: Background — how lichens weather rock into soil,https://en.wikipedia.org/wiki/Xerosere,external,,,external (not checked live),n/a — external,,
Cycle 07,Cycle 07 — Ecosystem Dynamics_ Populations & Succession (Unit 1),▶ LIVE — Cycle 07b — Populations & Succession.pptx,26,Optional challenge,run,"Watch first: Succession interactive sim — run primary, then secondary",https://bit.ly/3rUvCLo,external,,,external (not checked live),n/a — external,,
Cycle 07,Cycle 07 — Ecosystem Dynamics_ Populations & Succession (Unit 1),▶ LIVE — Cycle 07b — Populations & Succession.pptx,29,Activity and resource links,printed+run,https://answerable-biology-models.netlify.app/population.html,https://answerable-biology-models.netlify.app/population.html,external,,,external (not checked live),n/a — external,,
Cycle 07,Cycle 07 — Ecosystem Dynamics_ Populations & Succession (Unit 1),▶ LIVE — Cycle 07b — Populations & Succession.pptx,29,Activity and resource links,printed+run,Bellringer sim — watch a bare area fill in over time,https://bit.ly/3rUvCLo,external,,,external (not checked live),n/a — external,,
Cycle 07,Cycle 07 — Ecosystem Dynamics_ Populations & Succession (Unit 1),▶ LIVE — Cycle 07b — Populations & Succession.pptx,29,Activity and resource links,run,Teacher — Ecological Succession Activity Guide,https://drive.google.com/file/d/1Wn8U95Q0gMggiFEie8_Fwz6V2JX7qKZD/view,drivefile/view,1Wn8U95Q0gMggiFEie8_Fwz6V2JX7qKZD,33,OK — file found,kvd@answerableteaching.com : My Drive/BIOLOGY (Shared)/Cycle 07 — Ecosystem Dynamics_ Populations & Succession (Unit 1),,
Cycle 07,Cycle 07 — Ecosystem Dynamics_ Populations & Succession (Unit 1),▶ LIVE — Cycle 07b — Populations & Succession.pptx,29,Activity and resource links,endParaRPr+printed+run,https://en.wikipedia.org/wiki/Xerosere,https://en.wikipedia.org/wiki/Xerosere,external,,,external (not checked live),n/a — external,,
Cycle 07,Cycle 07 — Ecosystem Dynamics_ Populations & Succession (Unit 1),▶ LIVE — Cycle 07b — Populations & Succession.pptx,29,Activity and resource links,printed+run,https://flexbooks.ck12.org/cbook/ck-12-biology-flexbook-2.0/section/6.16/primary/lesson/succession-bio/,https://flexbooks.ck12.org/cbook/ck-12-biology-flexbook-2.0/section/6.16/primary/lesson/succession-bio/,external,,,external (not checked live),n/a — external,,
Cycle 07,Cycle 07 — Ecosystem Dynamics_ Populations & Succession (Unit 1),▶ LIVE — Cycle 07b — Populations & Succession.pptx,29,Activity and resource links,printed+run,https://knowledge.carolina.com/discipline/earth-environmental/succession-on-mount-st-helens/,https://knowledge.carolina.com/discipline/earth-environmental/succession-on-mount-st-helens/,external,,,external (not checked live),n/a — external,,
Cycle 07,Cycle 07 — Ecosystem Dynamics_ Populations & Succession (Unit 1),▶ LIVE — Cycle 07b — Populations & Succession.pptx,29,Activity and resource links,printed+run,https://www.khanacademy.org/science/biology/ecology/community-structure-and-diversity,https://www.khanacademy.org/science/biology/ecology/community-structure-and-diversity,external,,,external (not checked live),n/a — external,,
Cycle 07,Cycle 07 — Ecosystem Dynamics_ Populations & Succession (Unit 1),▶ LIVE — Cycle 07b — Populations & Succession.pptx,30,Image credits,printed,"Icons: Twemoji by X/Twitter, CC BY 4.0 — https://github.com/jdecked/twemoji",https://github.com/jdecked/twemoji,external,,,external (not checked live),n/a — external,,
Cycle 08,Cycle 08 — Cells & Organelles (Unit 2),▶ LIVE — Cycle 08 — Cells & Organelles — with Concept Bank.pptx,1,TEACHER REFERENCE — not projected to students,run,Cell Organelles Activity Guide,https://drive.google.com/file/d/1Z93aLwdJ7JgKuvPtQw-tlB_aRKbnK152/view,drivefile/view,1Z93aLwdJ7JgKuvPtQw-tlB_aRKbnK152,33,"STALE ID — material IS present, link points at a superseded copy","SHARED tree, Cycle 08 / My Class only (print) :: Cycle 08 — Cell Organelles Activity Guide.docx",https://drive.google.com/file/d/1rvKft2koiEEGdO7HC-7lhAVMm8jLs3kk/view,name match 0.80 in the deck's own cycle; target = SHARED tree (print subfolder); the same file exists as 3 copies (AGENDA+PUBLIC+SHARED) — SHARED chosen because 71/71 working links point there
Cycle 08,Cycle 08 — Cells & Organelles (Unit 2),▶ LIVE — Cycle 08 — Cells & Organelles — with Concept Bank.pptx,1,TEACHER REFERENCE — not projected to students,printed,Gizmo: Cell Structure (ExploreLearning — subscription) — https://gizmos.explorelearning.com/find-gizmos/lesson-info?resourceId=450,https://gizmos.explorelearning.com/find-gizmos/lesson-info?resourceId=450,external,,,external (not checked live),n/a — external,,
Cycle 08,Cycle 08 — Cells & Organelles (Unit 2),▶ LIVE — Cycle 08 — Cells & Organelles — with Concept Bank.pptx,1,TEACHER REFERENCE — not projected to students,printed,Learn.Genetics (Utah) — Cell Size and Scale — https://learn.genetics.utah.edu/content/cells/scale/,https://learn.genetics.utah.edu/content/cells/scale/,external,,,external (not checked live),n/a — external,,
Cycle 08,Cycle 08 — Cells & Organelles (Unit 2),▶ LIVE — Cycle 08 — Cells & Organelles — with Concept Bank.pptx,1,TEACHER REFERENCE — not projected to students,printed,Amoeba Sisters — Cell Organelles and Structures Review — https://www.youtube.com/watch?v=6mgkoqcm6Sg,https://www.youtube.com/watch?v=6mgkoqcm6Sg,external,,,external (not checked live),n/a — external,,
Cycle 08,Cycle 08 — Cells & Organelles (Unit 2),▶ LIVE — Cycle 08 — Cells & Organelles — with Concept Bank.pptx,1,TEACHER REFERENCE — not projected to students,printed,Amoeba Sisters — Prokaryotic vs. Eukaryotic Cells (Updated) — https://www.youtube.com/watch?v=Pxujitlv8wc,https://www.youtube.com/watch?v=Pxujitlv8wc,external,,,external (not checked live),n/a — external,,
Cycle 08,Cycle 08 — Cells & Organelles (Unit 2),▶ LIVE — Cycle 08 — Cells & Organelles — with Concept Bank.pptx,4,Bellringer,run,Bioman Cells,https://biomanbio.com/HTML5GamesandLabs/Cellgames/cellexplorerpagehtml5.html,external,,,external (not checked live),n/a — external,,
Cycle 08,Cycle 08 — Cells & Organelles (Unit 2),▶ LIVE — Cycle 08 — Cells & Organelles — with Concept Bank.pptx,4,Bellringer,run,CK-12 Biology — Cell Structure (2.8),https://flexbooks.ck12.org/cbook/ck-12-biology-flexbook-2.0/section/2.8/primary/lesson/other-cell-organelles-bio/,external,,,external (not checked live),n/a — external,,
Cycle 08,Cycle 08 — Cells & Organelles (Unit 2),▶ LIVE — Cycle 08 — Cells & Organelles — with Concept Bank.pptx,4,Bellringer,run,Khan Academy — Cells (unit),https://www.khanacademy.org/science/high-school-biology/hs-cells,external,,,external (not checked live),n/a — external,,
Cycle 08,Cycle 08 — Cells & Organelles (Unit 2),▶ LIVE — Cycle 08 — Cells & Organelles — with Concept Bank.pptx,8,Organelles: tiny organs with jobs,run,"Inside a Cell (Learn.Genetics, University of Utah)",https://learn.genetics.utah.edu/content/cells/insideacell/,external,,,external (not checked live),n/a — external,,
Cycle 08,Cycle 08 — Cells & Organelles (Unit 2),▶ LIVE — Cycle 08 — Cells & Organelles — with Concept Bank.pptx,10,Critical aspect: Structure fits function,run,Make a Plant and Animal Cell,https://sepup.lawrencehallofscience.org/cells-unit-modeling-cell-structure-and-function/,external,,,external (not checked live),n/a — external,,
Cycle 08,Cycle 08 — Cells & Organelles (Unit 2),▶ LIVE — Cycle 08 — Cells & Organelles — with Concept Bank.pptx,15,Day 1 activity · Critical Aspect 1,run,Cell parts to review: Inside a Cell (Learn.Genetics),https://learn.genetics.utah.edu/content/cells/insideacell/,external,,,external (not checked live),n/a — external,,
Cycle 08,Cycle 08 — Cells & Organelles (Unit 2),▶ LIVE — Cycle 08 — Cells & Organelles — with Concept Bank.pptx,23,Day 2 activity · Critical Aspect 2,run,Open: Animal Cell Coloring (Biology Corner) — the plant version is linked on that page,https://www.biologycorner.com/worksheets/cellcolor.html,external,,,external (not checked live),n/a — external,,
Cycle 08,Cycle 08 — Cells & Organelles (Unit 2),▶ LIVE — Cycle 08 — Cells & Organelles — with Concept Bank.pptx,24,Day 2 stations · Plant cell vs animal cell,run,Print: Cycle 08 — Organelle Station Cards (print),https://drive.google.com/file/d/1Izga8ng22K93B2dRJTDs0QZgXMAPeK62/view,drivefile/view,1Izga8ng22K93B2dRJTDs0QZgXMAPeK62,33,OK — file found,kvd@answerableteaching.com : My Drive/BIOLOGY (Shared)/Cycle 08 — Cells & Organelles (Unit 2),,
Cycle 08,Cycle 08 — Cells & Organelles (Unit 2),▶ LIVE — Cycle 08 — Cells & Organelles — with Concept Bank.pptx,25,What if?  /  Critical aspect: Structure fits function,run,Look again first: Inside a Cell (Learn.Genetics),https://learn.genetics.utah.edu/content/cells/insideacell/,external,,,external (not checked live),n/a — external,,
Cycle 08,Cycle 08 — Cells & Organelles (Unit 2),▶ LIVE — Cycle 08 — Cells & Organelles — with Concept Bank.pptx,26,Optional challenge,run,Need the organelles again? Open: Inside a Cell (Learn.Genetics),https://learn.genetics.utah.edu/content/cells/insideacell/,external,,,external (not checked live),n/a — external,,
Cycle 08,Cycle 08 — Cells & Organelles (Unit 2),▶ LIVE — Cycle 08 — Cells & Organelles — with Concept Bank.pptx,28,CONCEPT BANK,run,CK-12 Biology — Cell Structure (2.8),https://flexbooks.ck12.org/cbook/ck-12-biology-flexbook-2.0/section/2.8/primary/lesson/other-cell-organelles-bio/,external,,,external (not checked live),n/a — external,,
Cycle 08,Cycle 08 — Cells & Organelles (Unit 2),▶ LIVE — Cycle 08 — Cells & Organelles — with Concept Bank.pptx,28,CONCEPT BANK,run,Khan Academy — Cells (unit),https://www.khanacademy.org/science/high-school-biology/hs-cells,external,,,external (not checked live),n/a — external,,
Cycle 08,Cycle 08 — Cells & Organelles (Unit 2),▶ LIVE — Cycle 08 — Cells & Organelles — with Concept Bank.pptx,30,Activity and resource links,run,Teacher — Intro to Cells Activity Guide,https://drive.google.com/file/d/19ekkUXcT70_z1zVENetnsyFIj-k7S-IU/view,drivefile/view,19ekkUXcT70_z1zVENetnsyFIj-k7S-IU,33,OK — file found,kvd@answerableteaching.com : My Drive/BIOLOGY (Shared)/Cycle 08 — Cells & Organelles (Unit 2)/My Class only (print),,
Cycle 08,Cycle 08 — Cells & Organelles (Unit 2),▶ LIVE — Cycle 08 — Cells & Organelles — with Concept Bank.pptx,30,Activity and resource links,printed+run,"Organelle Station Cards (print) — Day 2 stations, in ""My Class only (print)""",https://drive.google.com/file/d/1Izga8ng22K93B2dRJTDs0QZgXMAPeK62/view,drivefile/view,1Izga8ng22K93B2dRJTDs0QZgXMAPeK62,33,OK — file found,kvd@answerableteaching.com : My Drive/BIOLOGY (Shared)/Cycle 08 — Cells & Organelles (Unit 2),,
Cycle 08,Cycle 08 — Cells & Organelles (Unit 2),▶ LIVE — Cycle 08 — Cells & Organelles — with Concept Bank.pptx,30,Activity and resource links,run,Teacher — Cell Organelles Activity Guide,https://drive.google.com/file/d/1rvKft2koiEEGdO7HC-7lhAVMm8jLs3kk/view,drivefile/view,1rvKft2koiEEGdO7HC-7lhAVMm8jLs3kk,33,OK — file found,kvd@answerableteaching.com : My Drive/BIOLOGY (Shared)/Cycle 08 — Cells & Organelles (Unit 2)/My Class only (print),,
Cycle 08,Cycle 08 — Cells & Organelles (Unit 2),▶ LIVE — Cycle 08 — Cells & Organelles — with Concept Bank.pptx,30,Activity and resource links,printed+run,https://flexbooks.ck12.org/cbook/ck-12-biology-flexbook-2.0/section/2.8/primary/lesson/other-cell-organelles-bio/,https://flexbooks.ck12.org/cbook/ck-12-biology-flexbook-2.0/section/2.8/primary/lesson/other-cell-organelles-bio/,external,,,external (not checked live),n/a — external,,
Cycle 08,Cycle 08 — Cells & Organelles (Unit 2),▶ LIVE — Cycle 08 — Cells & Organelles — with Concept Bank.pptx,30,Activity and resource links,printed+run,https://learn.genetics.utah.edu/content/cells/insideacell/,https://learn.genetics.utah.edu/content/cells/insideacell/,external,,,external (not checked live),n/a — external,,
Cycle 08,Cycle 08 — Cells & Organelles (Unit 2),▶ LIVE — Cycle 08 — Cells & Organelles — with Concept Bank.pptx,30,Activity and resource links,endParaRPr+printed+run,Animal Cell Coloring (Biology Corner) — printable; plant cell version linked on the page,https://www.biologycorner.com/worksheets/cellcolor.html,external,,,external (not checked live),n/a — external,,
Cycle 08,Cycle 08 — Cells & Organelles (Unit 2),▶ LIVE — Cycle 08 — Cells & Organelles — with Concept Bank.pptx,30,Activity and resource links,printed+run,https://www.khanacademy.org/science/high-school-biology/hs-cells,https://www.khanacademy.org/science/high-school-biology/hs-cells,external,,,external (not checked live),n/a — external,,
Cycle 08,Cycle 08 — Cells & Organelles (Unit 2),▶ LIVE — Cycle 08 — Cells & Organelles — with Concept Bank.pptx,31,Image credits,printed,"Icons: Twemoji by X/Twitter, CC BY 4.0 — https://github.com/jdecked/twemoji",https://github.com/jdecked/twemoji,external,,,external (not checked live),n/a — external,,
Cycle 08,Cycle 08 — Cells & Organelles (Unit 2),▶ LIVE — Cycle 08 — Cells & Organelles.pptx,1,TEACHER REFERENCE — not projected to students,run,Cell Organelles Activity Guide,https://drive.google.com/file/d/1Z93aLwdJ7JgKuvPtQw-tlB_aRKbnK152/view,drivefile/view,1Z93aLwdJ7JgKuvPtQw-tlB_aRKbnK152,33,"STALE ID — material IS present, link points at a superseded copy","SHARED tree, Cycle 08 / My Class only (print) :: Cycle 08 — Cell Organelles Activity Guide.docx",https://drive.google.com/file/d/1rvKft2koiEEGdO7HC-7lhAVMm8jLs3kk/view,name match 0.80 in the deck's own cycle; target = SHARED tree (print subfolder); the same file exists as 3 copies (AGENDA+PUBLIC+SHARED) — SHARED chosen because 71/71 working links point there
Cycle 08,Cycle 08 — Cells & Organelles (Unit 2),▶ LIVE — Cycle 08 — Cells & Organelles.pptx,1,TEACHER REFERENCE — not projected to students,printed,Gizmo: Cell Structure (ExploreLearning — subscription) — https://gizmos.explorelearning.com/find-gizmos/lesson-info?resourceId=450,https://gizmos.explorelearning.com/find-gizmos/lesson-info?resourceId=450,external,,,external (not checked live),n/a — external,,
Cycle 08,Cycle 08 — Cells & Organelles (Unit 2),▶ LIVE — Cycle 08 — Cells & Organelles.pptx,1,TEACHER REFERENCE — not projected to students,printed,Learn.Genetics (Utah) — Cell Size and Scale — https://learn.genetics.utah.edu/content/cells/scale/,https://learn.genetics.utah.edu/content/cells/scale/,external,,,external (not checked live),n/a — external,,
Cycle 08,Cycle 08 — Cells & Organelles (Unit 2),▶ LIVE — Cycle 08 — Cells & Organelles.pptx,1,TEACHER REFERENCE — not projected to students,printed,Amoeba Sisters — Cell Organelles and Structures Review — https://www.youtube.com/watch?v=6mgkoqcm6Sg,https://www.youtube.com/watch?v=6mgkoqcm6Sg,external,,,external (not checked live),n/a — external,,
Cycle 08,Cycle 08 — Cells & Organelles (Unit 2),▶ LIVE — Cycle 08 — Cells & Organelles.pptx,1,TEACHER REFERENCE — not projected to students,printed,Amoeba Sisters — Prokaryotic vs. Eukaryotic Cells (Updated) — https://www.youtube.com/watch?v=Pxujitlv8wc,https://www.youtube.com/watch?v=Pxujitlv8wc,external,,,external (not checked live),n/a — external,,
Cycle 08,Cycle 08 — Cells & Organelles (Unit 2),▶ LIVE — Cycle 08 — Cells & Organelles.pptx,4,Bellringer,run,Bioman Cells,https://biomanbio.com/HTML5GamesandLabs/Cellgames/cellexplorerpagehtml5.html,external,,,external (not checked live),n/a — external,,
Cycle 08,Cycle 08 — Cells & Organelles (Unit 2),▶ LIVE — Cycle 08 — Cells & Organelles.pptx,4,Bellringer,run,CK-12 Biology — Cell Structure (2.8),https://flexbooks.ck12.org/cbook/ck-12-biology-flexbook-2.0/section/2.8/primary/lesson/other-cell-organelles-bio/,external,,,external (not checked live),n/a — external,,
Cycle 08,Cycle 08 — Cells & Organelles (Unit 2),▶ LIVE — Cycle 08 — Cells & Organelles.pptx,4,Bellringer,run,Khan Academy — Cells (unit),https://www.khanacademy.org/science/high-school-biology/hs-cells,external,,,external (not checked live),n/a — external,,
Cycle 08,Cycle 08 — Cells & Organelles (Unit 2),▶ LIVE — Cycle 08 — Cells & Organelles.pptx,8,Organelles: tiny organs with jobs,run,"Inside a Cell (Learn.Genetics, University of Utah)",https://learn.genetics.utah.edu/content/cells/insideacell/,external,,,external (not checked live),n/a — external,,
Cycle 08,Cycle 08 — Cells & Organelles (Unit 2),▶ LIVE — Cycle 08 — Cells & Organelles.pptx,10,Critical aspect: Structure fits function,run,Make a Plant and Animal Cell,https://sepup.lawrencehallofscience.org/cells-unit-modeling-cell-structure-and-function/,external,,,external (not checked live),n/a — external,,
Cycle 08,Cycle 08 — Cells & Organelles (Unit 2),▶ LIVE — Cycle 08 — Cells & Organelles.pptx,15,Day 1 activity · Critical Aspect 1,run,Cell parts to review: Inside a Cell (Learn.Genetics),https://learn.genetics.utah.edu/content/cells/insideacell/,external,,,external (not checked live),n/a — external,,
Cycle 08,Cycle 08 — Cells & Organelles (Unit 2),▶ LIVE — Cycle 08 — Cells & Organelles.pptx,23,Day 2 activity · Critical Aspect 2,run,Open: Animal Cell Coloring (Biology Corner) — the plant version is linked on that page,https://www.biologycorner.com/worksheets/cellcolor.html,external,,,external (not checked live),n/a — external,,
Cycle 08,Cycle 08 — Cells & Organelles (Unit 2),▶ LIVE — Cycle 08 — Cells & Organelles.pptx,24,Day 2 stations · Plant cell vs animal cell,run,Print: Cycle 08 — Organelle Station Cards (print),https://drive.google.com/file/d/1Izga8ng22K93B2dRJTDs0QZgXMAPeK62/view,drivefile/view,1Izga8ng22K93B2dRJTDs0QZgXMAPeK62,33,OK — file found,kvd@answerableteaching.com : My Drive/BIOLOGY (Shared)/Cycle 08 — Cells & Organelles (Unit 2),,
Cycle 08,Cycle 08 — Cells & Organelles (Unit 2),▶ LIVE — Cycle 08 — Cells & Organelles.pptx,25,What if?  /  Critical aspect: Structure fits function,run,Look again first: Inside a Cell (Learn.Genetics),https://learn.genetics.utah.edu/content/cells/insideacell/,external,,,external (not checked live),n/a — external,,
Cycle 08,Cycle 08 — Cells & Organelles (Unit 2),▶ LIVE — Cycle 08 — Cells & Organelles.pptx,26,Optional challenge,run,Need the organelles again? Open: Inside a Cell (Learn.Genetics),https://learn.genetics.utah.edu/content/cells/insideacell/,external,,,external (not checked live),n/a — external,,
Cycle 08,Cycle 08 — Cells & Organelles (Unit 2),▶ LIVE — Cycle 08 — Cells & Organelles.pptx,29,Activity and resource links,run,Teacher — Intro to Cells Activity Guide,https://drive.google.com/file/d/19ekkUXcT70_z1zVENetnsyFIj-k7S-IU/view,drivefile/view,19ekkUXcT70_z1zVENetnsyFIj-k7S-IU,33,OK — file found,kvd@answerableteaching.com : My Drive/BIOLOGY (Shared)/Cycle 08 — Cells & Organelles (Unit 2)/My Class only (print),,
Cycle 08,Cycle 08 — Cells & Organelles (Unit 2),▶ LIVE — Cycle 08 — Cells & Organelles.pptx,29,Activity and resource links,printed+run,"Organelle Station Cards (print) — Day 2 stations, in ""My Class only (print)""",https://drive.google.com/file/d/1Izga8ng22K93B2dRJTDs0QZgXMAPeK62/view,drivefile/view,1Izga8ng22K93B2dRJTDs0QZgXMAPeK62,33,OK — file found,kvd@answerableteaching.com : My Drive/BIOLOGY (Shared)/Cycle 08 — Cells & Organelles (Unit 2),,
Cycle 08,Cycle 08 — Cells & Organelles (Unit 2),▶ LIVE — Cycle 08 — Cells & Organelles.pptx,29,Activity and resource links,run,Teacher — Cell Organelles Activity Guide,https://drive.google.com/file/d/1rvKft2koiEEGdO7HC-7lhAVMm8jLs3kk/view,drivefile/view,1rvKft2koiEEGdO7HC-7lhAVMm8jLs3kk,33,OK — file found,kvd@answerableteaching.com : My Drive/BIOLOGY (Shared)/Cycle 08 — Cells & Organelles (Unit 2)/My Class only (print),,
Cycle 08,Cycle 08 — Cells & Organelles (Unit 2),▶ LIVE — Cycle 08 — Cells & Organelles.pptx,29,Activity and resource links,printed+run,https://flexbooks.ck12.org/cbook/ck-12-biology-flexbook-2.0/section/2.8/primary/lesson/other-cell-organelles-bio/,https://flexbooks.ck12.org/cbook/ck-12-biology-flexbook-2.0/section/2.8/primary/lesson/other-cell-organelles-bio/,external,,,external (not checked live),n/a — external,,
Cycle 08,Cycle 08 — Cells & Organelles (Unit 2),▶ LIVE — Cycle 08 — Cells & Organelles.pptx,29,Activity and resource links,printed+run,https://learn.genetics.utah.edu/content/cells/insideacell/,https://learn.genetics.utah.edu/content/cells/insideacell/,external,,,external (not checked live),n/a — external,,
Cycle 08,Cycle 08 — Cells & Organelles (Unit 2),▶ LIVE — Cycle 08 — Cells & Organelles.pptx,29,Activity and resource links,endParaRPr+printed+run,Animal Cell Coloring (Biology Corner) — printable; plant cell version linked on the page,https://www.biologycorner.com/worksheets/cellcolor.html,external,,,external (not checked live),n/a — external,,
Cycle 08,Cycle 08 — Cells & Organelles (Unit 2),▶ LIVE — Cycle 08 — Cells & Organelles.pptx,29,Activity and resource links,printed+run,https://www.khanacademy.org/science/high-school-biology/hs-cells,https://www.khanacademy.org/science/high-school-biology/hs-cells,external,,,external (not checked live),n/a — external,,
Cycle 08,Cycle 08 — Cells & Organelles (Unit 2),▶ LIVE — Cycle 08 — Cells & Organelles.pptx,30,Image credits,printed,"Icons: Twemoji by X/Twitter, CC BY 4.0 — https://github.com/jdecked/twemoji",https://github.com/jdecked/twemoji,external,,,external (not checked live),n/a — external,,
Cycle 09,Cycle 09 — Cell Membrane & Transport (Unit 2),▶ LIVE — Cycle 09 (review) — Cell Membrane & Transport — with Concept Bank.pptx,1,TEACHER REFERENCE — not projected to students,printed+run,Gizmo: Osmosis (ExploreLearning — subscription) — https://gizmos.explorelearning.com/find-gizmos/lesson-info?resourceId=418,https://gizmos.explorelearning.com/find-gizmos/lesson-info?resourceId=418,external,,,external (not checked live),n/a — external,,
Cycle 09,Cycle 09 — Cell Membrane & Transport (Unit 2),▶ LIVE — Cycle 09 (review) — Cell Membrane & Transport — with Concept Bank.pptx,1,TEACHER REFERENCE — not projected to students,printed+run,PhET — Diffusion (extra challenge sim) — https://phet.colorado.edu/en/simulations/diffusion,https://phet.colorado.edu/en/simulations/diffusion,external,,,external (not checked live),n/a — external,,
Cycle 09,Cycle 09 — Cell Membrane & Transport (Unit 2),▶ LIVE — Cycle 09 (review) — Cell Membrane & Transport — with Concept Bank.pptx,1,TEACHER REFERENCE — not projected to students,printed+run,Amoeba Sisters — Osmosis and Water Potential (Updated) — https://www.youtube.com/watch?v=L-osEc07vMs,https://www.youtube.com/watch?v=L-osEc07vMs,external,,,external (not checked live),n/a — external,,
Cycle 09,Cycle 09 — Cell Membrane & Transport (Unit 2),▶ LIVE — Cycle 09 (review) — Cell Membrane & Transport — with Concept Bank.pptx,1,TEACHER REFERENCE — not projected to students,printed+run,Amoeba Sisters — Cell Transport — https://www.youtube.com/watch?v=Ptmlvtei8hw,https://www.youtube.com/watch?v=Ptmlvtei8hw,external,,,external (not checked live),n/a — external,,
Cycle 09,Cycle 09 — Cell Membrane & Transport (Unit 2),▶ LIVE — Cycle 09 (review) — Cell Membrane & Transport — with Concept Bank.pptx,4,Bellringer,run,Play 1–2 rounds of Cell Defense — stop invaders at the membrane.,https://biomanbio.com/HTML5GamesandLabs/Cellgames/celldefensehtml5page.html,external,,,external (not checked live),n/a — external,,
Cycle 09,Cycle 09 — Cell Membrane & Transport (Unit 2),▶ LIVE — Cycle 09 (review) — Cell Membrane & Transport — with Concept Bank.pptx,4,Bellringer,run,CK-12 Biology — Phospholipid Bilayers (the cell membrane),https://flexbooks.ck12.org/cbook/ck-12-biology-flexbook-2.0/section/2.3/primary/lesson/phospholipid-bilayers-bio/,external,,,external (not checked live),n/a — external,,
Cycle 09,Cycle 09 — Cell Membrane & Transport (Unit 2),▶ LIVE — Cycle 09 (review) — Cell Membrane & Transport — with Concept Bank.pptx,4,Bellringer,run,Khan Academy — Passive and Active Transport,https://www.khanacademy.org/science/high-school-biology/hs-energy-and-transport/hs-passive-and-active-transport,external,,,external (not checked live),n/a — external,,
Cycle 09,Cycle 09 — Cell Membrane & Transport (Unit 2),▶ LIVE — Cycle 09 (review) — Cell Membrane & Transport — with Concept Bank.pptx,7,What lines up at the membrane,run,Look at how membranes transport substances - hint there are four different ways.,https://phet.colorado.edu/sims/html/membrane-transport/latest/membrane-transport_all.html,external,,,external (not checked live),n/a — external,,
Cycle 09,Cycle 09 — Cell Membrane & Transport (Unit 2),▶ LIVE — Cycle 09 (review) — Cell Membrane & Transport — with Concept Bank.pptx,9,Explore — the Membrane / Osmosis Model,printed+run,▶  Tap to open the interactive model and drag the sliders,https://answerable-biology-models.netlify.app/osmosis,external,,,external (not checked live),n/a — external,,
Cycle 09,Cycle 09 — Cell Membrane & Transport (Unit 2),▶ LIVE — Cycle 09 (review) — Cell Membrane & Transport — with Concept Bank.pptx,29,Watch: the bubble film in action,run,Open: Cell Membrane Bubble Lab video (Point Source Science),https://www.youtube.com/watch?v=masD8IuzN0M,external,,,external (not checked live),n/a — external,,
Cycle 09,Cycle 09 — Cell Membrane & Transport (Unit 2),▶ LIVE — Cycle 09 (review) — Cell Membrane & Transport — with Concept Bank.pptx,30,"Oil, Water & the Bilayer",run,Open the sim: PhET — Membrane Channels,https://phet.colorado.edu/en/simulations/membrane-channels,external,,,external (not checked live),n/a — external,,
Cycle 09,Cycle 09 — Cell Membrane & Transport (Unit 2),▶ LIVE — Cycle 09 (review) — Cell Membrane & Transport — with Concept Bank.pptx,31,Recall,run,Look it up here: PhET — Membrane Channels,https://phet.colorado.edu/en/simulations/membrane-channels,external,,,external (not checked live),n/a — external,,
Cycle 09,Cycle 09 — Cell Membrane & Transport (Unit 2),▶ LIVE — Cycle 09 (review) — Cell Membrane & Transport — with Concept Bank.pptx,35,CONCEPT BANK,run,CK-12 Biology — Phospholipid Bilayers (the cell membrane),https://flexbooks.ck12.org/cbook/ck-12-biology-flexbook-2.0/section/2.3/primary/lesson/phospholipid-bilayers-bio/,external,,,external (not checked live),n/a — external,,
Cycle 09,Cycle 09 — Cell Membrane & Transport (Unit 2),▶ LIVE — Cycle 09 (review) — Cell Membrane & Transport — with Concept Bank.pptx,35,CONCEPT BANK,run,Khan Academy — Passive and Active Transport,https://www.khanacademy.org/science/high-school-biology/hs-energy-and-transport/hs-passive-and-active-transport,external,,,external (not checked live),n/a — external,,
Cycle 09,Cycle 09 — Cell Membrane & Transport (Unit 2),▶ LIVE — Cycle 09 (review) — Cell Membrane & Transport — with Concept Bank.pptx,37,Activity and resource links,printed+run,Membrane / Osmosis Model (interactive) — Day 1 explore,https://answerable-biology-models.netlify.app/osmosis,external,,,external (not checked live),n/a — external,,
Cycle 09,Cycle 09 — Cell Membrane & Transport (Unit 2),▶ LIVE — Cycle 09 (review) — Cell Membrane & Transport — with Concept Bank.pptx,37,Activity and resource links,printed+run,https://biomanbio.com/HTML5GamesandLabs/Cellgames/celldefensehtml5page.html,https://biomanbio.com/HTML5GamesandLabs/Cellgames/celldefensehtml5page.html,external,,,external (not checked live),n/a — external,,
Cycle 09,Cycle 09 — Cell Membrane & Transport (Unit 2),▶ LIVE — Cycle 09 (review) — Cell Membrane & Transport — with Concept Bank.pptx,37,Activity and resource links,printed+run,https://flexbooks.ck12.org/cbook/ck-12-biology-flexbook-2.0/section/2.3/primary/lesson/phospholipid-bilayers-bio/,https://flexbooks.ck12.org/cbook/ck-12-biology-flexbook-2.0/section/2.3/primary/lesson/phospholipid-bilayers-bio/,external,,,external (not checked live),n/a — external,,
Cycle 09,Cycle 09 — Cell Membrane & Transport (Unit 2),▶ LIVE — Cycle 09 (review) — Cell Membrane & Transport — with Concept Bank.pptx,37,Activity and resource links,endParaRPr+printed+run,https://phet.colorado.edu/en/simulations/membrane-channels,https://phet.colorado.edu/en/simulations/membrane-channels,external,,,external (not checked live),n/a — external,,
Cycle 09,Cycle 09 — Cell Membrane & Transport (Unit 2),▶ LIVE — Cycle 09 (review) — Cell Membrane & Transport — with Concept Bank.pptx,37,Activity and resource links,printed+run,https://www.khanacademy.org/science/high-school-biology/hs-energy-and-transport/hs-passive-and-active-transport,https://www.khanacademy.org/science/high-school-biology/hs-energy-and-transport/hs-passive-and-active-transport,external,,,external (not checked live),n/a — external,,
Cycle 09,Cycle 09 — Cell Membrane & Transport (Unit 2),▶ LIVE — Cycle 09 (review) — Cell Membrane & Transport — with Concept Bank.pptx,37,Activity and resource links,printed+run,Cell Membrane Bubble Lab video (Point Source Science) — Bubble Lab station,https://www.youtube.com/watch?v=masD8IuzN0M,external,,,external (not checked live),n/a — external,,
Cycle 09,Cycle 09 — Cell Membrane & Transport (Unit 2),▶ LIVE — Cycle 09 (review) — Cell Membrane & Transport — with Concept Bank.pptx,38,Image credits,printed,"“Casting Net 3 Simsang Siju Oct24 A7CR 04145” — Timothy A. Gonsalves, CC BY-SA 4.0 — https://commons.wikimedia.org/wiki/File:Casting_Net_3_Simsang_Siju_Oct24_A7CR_04145.jpg",https://commons.wikimedia.org/wiki/File:Casting_Net_3_Simsang_Siju_Oct24_A7CR_04145.jpg,external,,,external (not checked live),n/a — external,,
Cycle 09,Cycle 09 — Cell Membrane & Transport (Unit 2),▶ LIVE — Cycle 09 (review) — Cell Membrane & Transport — with Concept Bank.pptx,38,Image credits,printed,"“HK Mong Kok aquarium shop Tung Choi Street plastic bag golden fish Sept-2012” — Kamscharmog, CC BY-SA 3.0 — https://commons.wikimedia.org/wiki/File:HK_Mong_Kok_aquarium_shop_Tung_Choi_Street_plastic_",https://commons.wikimedia.org/wiki/File:HK_Mong_Kok_aquarium_shop_Tung_Choi_Street_plastic_bag_golden_fish_Sept-2012.JPG,external,,,external (not checked live),n/a — external,,
Cycle 09,Cycle 09 — Cell Membrane & Transport (Unit 2),▶ LIVE — Cycle 09 (review) — Cell Membrane & Transport — with Concept Bank.pptx,38,Image credits,printed,"“Oil and water” — neekoh.fi, CC BY 2.0 — https://commons.wikimedia.org/wiki/File:Oil_and_water.jpg",https://commons.wikimedia.org/wiki/File:Oil_and_water.jpg,external,,,external (not checked live),n/a — external,,
Cycle 09,Cycle 09 — Cell Membrane & Transport (Unit 2),▶ LIVE — Cycle 09 (review) — Cell Membrane & Transport — with Concept Bank.pptx,38,Image credits,printed,"“Salt Crystals1” — Donald Olszewski, CC BY 4.0 — https://commons.wikimedia.org/wiki/File:Salt_Crystals1.jpg",https://commons.wikimedia.org/wiki/File:Salt_Crystals1.jpg,external,,,external (not checked live),n/a — external,,
Cycle 09,Cycle 09 — Cell Membrane & Transport (Unit 2),▶ LIVE — Cycle 09 (review) — Cell Membrane & Transport — with Concept Bank.pptx,38,Image credits,printed,"Icons: Twemoji by X/Twitter, CC BY 4.0 — https://github.com/jdecked/twemoji",https://github.com/jdecked/twemoji,external,,,external (not checked live),n/a — external,,
Cycle 09,Cycle 09 — Cell Membrane & Transport (Unit 2),▶ LIVE — Cycle 09 (review) — Cell Membrane & Transport.pptx,1,TEACHER REFERENCE — not projected to students,printed+run,Gizmo: Osmosis (ExploreLearning — subscription) — https://gizmos.explorelearning.com/find-gizmos/lesson-info?resourceId=418,https://gizmos.explorelearning.com/find-gizmos/lesson-info?resourceId=418,external,,,external (not checked live),n/a — external,,
Cycle 09,Cycle 09 — Cell Membrane & Transport (Unit 2),▶ LIVE — Cycle 09 (review) — Cell Membrane & Transport.pptx,1,TEACHER REFERENCE — not projected to students,printed+run,PhET — Diffusion (extra challenge sim) — https://phet.colorado.edu/en/simulations/diffusion,https://phet.colorado.edu/en/simulations/diffusion,external,,,external (not checked live),n/a — external,,
Cycle 09,Cycle 09 — Cell Membrane & Transport (Unit 2),▶ LIVE — Cycle 09 (review) — Cell Membrane & Transport.pptx,1,TEACHER REFERENCE — not projected to students,printed+run,Amoeba Sisters — Osmosis and Water Potential (Updated) — https://www.youtube.com/watch?v=L-osEc07vMs,https://www.youtube.com/watch?v=L-osEc07vMs,external,,,external (not checked live),n/a — external,,
Cycle 09,Cycle 09 — Cell Membrane & Transport (Unit 2),▶ LIVE — Cycle 09 (review) — Cell Membrane & Transport.pptx,1,TEACHER REFERENCE — not projected to students,printed+run,Amoeba Sisters — Cell Transport — https://www.youtube.com/watch?v=Ptmlvtei8hw,https://www.youtube.com/watch?v=Ptmlvtei8hw,external,,,external (not checked live),n/a — external,,
Cycle 09,Cycle 09 — Cell Membrane & Transport (Unit 2),▶ LIVE — Cycle 09 (review) — Cell Membrane & Transport.pptx,4,Bellringer,run,Play 1–2 rounds of Cell Defense — stop invaders at the membrane.,https://biomanbio.com/HTML5GamesandLabs/Cellgames/celldefensehtml5page.html,external,,,external (not checked live),n/a — external,,
Cycle 09,Cycle 09 — Cell Membrane & Transport (Unit 2),▶ LIVE — Cycle 09 (review) — Cell Membrane & Transport.pptx,4,Bellringer,run,CK-12 Biology — Phospholipid Bilayers (the cell membrane),https://flexbooks.ck12.org/cbook/ck-12-biology-flexbook-2.0/section/2.3/primary/lesson/phospholipid-bilayers-bio/,external,,,external (not checked live),n/a — external,,
Cycle 09,Cycle 09 — Cell Membrane & Transport (Unit 2),▶ LIVE — Cycle 09 (review) — Cell Membrane & Transport.pptx,4,Bellringer,run,Khan Academy — Passive and Active Transport,https://www.khanacademy.org/science/high-school-biology/hs-energy-and-transport/hs-passive-and-active-transport,external,,,external (not checked live),n/a — external,,
Cycle 09,Cycle 09 — Cell Membrane & Transport (Unit 2),▶ LIVE — Cycle 09 (review) — Cell Membrane & Transport.pptx,7,What lines up at the membrane,run,Look at how membranes transport substances - hint there are four different ways.,https://phet.colorado.edu/sims/html/membrane-transport/latest/membrane-transport_all.html,external,,,external (not checked live),n/a — external,,
Cycle 09,Cycle 09 — Cell Membrane & Transport (Unit 2),▶ LIVE — Cycle 09 (review) — Cell Membrane & Transport.pptx,9,Explore — the Membrane / Osmosis Model,printed+run,▶  Tap to open the interactive model and drag the sliders,https://answerable-biology-models.netlify.app/osmosis,external,,,external (not checked live),n/a — external,,
Cycle 09,Cycle 09 — Cell Membrane & Transport (Unit 2),▶ LIVE — Cycle 09 (review) — Cell Membrane & Transport.pptx,29,Watch: the bubble film in action,run,Open: Cell Membrane Bubble Lab video (Point Source Science),https://www.youtube.com/watch?v=masD8IuzN0M,external,,,external (not checked live),n/a — external,,
Cycle 09,Cycle 09 — Cell Membrane & Transport (Unit 2),▶ LIVE — Cycle 09 (review) — Cell Membrane & Transport.pptx,30,"Oil, Water & the Bilayer",run,Open the sim: PhET — Membrane Channels,https://phet.colorado.edu/en/simulations/membrane-channels,external,,,external (not checked live),n/a — external,,
Cycle 09,Cycle 09 — Cell Membrane & Transport (Unit 2),▶ LIVE — Cycle 09 (review) — Cell Membrane & Transport.pptx,31,Recall,run,Look it up here: PhET — Membrane Channels,https://phet.colorado.edu/en/simulations/membrane-channels,external,,,external (not checked live),n/a — external,,
Cycle 09,Cycle 09 — Cell Membrane & Transport (Unit 2),▶ LIVE — Cycle 09 (review) — Cell Membrane & Transport.pptx,36,Activity and resource links,printed+run,Membrane / Osmosis Model (interactive) — Day 1 explore,https://answerable-biology-models.netlify.app/osmosis,external,,,external (not checked live),n/a — external,,
Cycle 09,Cycle 09 — Cell Membrane & Transport (Unit 2),▶ LIVE — Cycle 09 (review) — Cell Membrane & Transport.pptx,36,Activity and resource links,printed+run,https://biomanbio.com/HTML5GamesandLabs/Cellgames/celldefensehtml5page.html,https://biomanbio.com/HTML5GamesandLabs/Cellgames/celldefensehtml5page.html,external,,,external (not checked live),n/a — external,,
Cycle 09,Cycle 09 — Cell Membrane & Transport (Unit 2),▶ LIVE — Cycle 09 (review) — Cell Membrane & Transport.pptx,36,Activity and resource links,printed+run,https://flexbooks.ck12.org/cbook/ck-12-biology-flexbook-2.0/section/2.3/primary/lesson/phospholipid-bilayers-bio/,https://flexbooks.ck12.org/cbook/ck-12-biology-flexbook-2.0/section/2.3/primary/lesson/phospholipid-bilayers-bio/,external,,,external (not checked live),n/a — external,,
Cycle 09,Cycle 09 — Cell Membrane & Transport (Unit 2),▶ LIVE — Cycle 09 (review) — Cell Membrane & Transport.pptx,36,Activity and resource links,endParaRPr+printed+run,https://phet.colorado.edu/en/simulations/membrane-channels,https://phet.colorado.edu/en/simulations/membrane-channels,external,,,external (not checked live),n/a — external,,
Cycle 09,Cycle 09 — Cell Membrane & Transport (Unit 2),▶ LIVE — Cycle 09 (review) — Cell Membrane & Transport.pptx,36,Activity and resource links,printed+run,https://www.khanacademy.org/science/high-school-biology/hs-energy-and-transport/hs-passive-and-active-transport,https://www.khanacademy.org/science/high-school-biology/hs-energy-and-transport/hs-passive-and-active-transport,external,,,external (not checked live),n/a — external,,
Cycle 09,Cycle 09 — Cell Membrane & Transport (Unit 2),▶ LIVE — Cycle 09 (review) — Cell Membrane & Transport.pptx,36,Activity and resource links,printed+run,Cell Membrane Bubble Lab video (Point Source Science) — Bubble Lab station,https://www.youtube.com/watch?v=masD8IuzN0M,external,,,external (not checked live),n/a — external,,
Cycle 09,Cycle 09 — Cell Membrane & Transport (Unit 2),▶ LIVE — Cycle 09 (review) — Cell Membrane & Transport.pptx,37,Image credits,printed,"“Casting Net 3 Simsang Siju Oct24 A7CR 04145” — Timothy A. Gonsalves, CC BY-SA 4.0 — https://commons.wikimedia.org/wiki/File:Casting_Net_3_Simsang_Siju_Oct24_A7CR_04145.jpg",https://commons.wikimedia.org/wiki/File:Casting_Net_3_Simsang_Siju_Oct24_A7CR_04145.jpg,external,,,external (not checked live),n/a — external,,
Cycle 09,Cycle 09 — Cell Membrane & Transport (Unit 2),▶ LIVE — Cycle 09 (review) — Cell Membrane & Transport.pptx,37,Image credits,printed,"“HK Mong Kok aquarium shop Tung Choi Street plastic bag golden fish Sept-2012” — Kamscharmog, CC BY-SA 3.0 — https://commons.wikimedia.org/wiki/File:HK_Mong_Kok_aquarium_shop_Tung_Choi_Street_plastic_",https://commons.wikimedia.org/wiki/File:HK_Mong_Kok_aquarium_shop_Tung_Choi_Street_plastic_bag_golden_fish_Sept-2012.JPG,external,,,external (not checked live),n/a — external,,
Cycle 09,Cycle 09 — Cell Membrane & Transport (Unit 2),▶ LIVE — Cycle 09 (review) — Cell Membrane & Transport.pptx,37,Image credits,printed,"“Oil and water” — neekoh.fi, CC BY 2.0 — https://commons.wikimedia.org/wiki/File:Oil_and_water.jpg",https://commons.wikimedia.org/wiki/File:Oil_and_water.jpg,external,,,external (not checked live),n/a — external,,
Cycle 09,Cycle 09 — Cell Membrane & Transport (Unit 2),▶ LIVE — Cycle 09 (review) — Cell Membrane & Transport.pptx,37,Image credits,printed,"“Salt Crystals1” — Donald Olszewski, CC BY 4.0 — https://commons.wikimedia.org/wiki/File:Salt_Crystals1.jpg",https://commons.wikimedia.org/wiki/File:Salt_Crystals1.jpg,external,,,external (not checked live),n/a — external,,
Cycle 09,Cycle 09 — Cell Membrane & Transport (Unit 2),▶ LIVE — Cycle 09 (review) — Cell Membrane & Transport.pptx,37,Image credits,printed,"Icons: Twemoji by X/Twitter, CC BY 4.0 — https://github.com/jdecked/twemoji",https://github.com/jdecked/twemoji,external,,,external (not checked live),n/a — external,,
Cycle 10,Cycle 10 — Enzymes (Unit 2),▶ LIVE — Cycle 10 — Enzymes — with Concept Bank.pptx,1,TEACHER REFERENCE — not projected to students,printed,Gizmo: Enzymes (ExploreLearning — subscription) — https://gizmos.explorelearning.com/find-gizmos/lesson-info?resourceId=3034,https://gizmos.explorelearning.com/find-gizmos/lesson-info?resourceId=3034,external,,,external (not checked live),n/a — external,,
Cycle 10,Cycle 10 — Enzymes (Unit 2),▶ LIVE — Cycle 10 — Enzymes — with Concept Bank.pptx,1,TEACHER REFERENCE — not projected to students,printed,"PhET — Reactions & Rates (activation energy, extra sim) — https://phet.colorado.edu/en/simulations/reactions-and-rates",https://phet.colorado.edu/en/simulations/reactions-and-rates,external,,,external (not checked live),n/a — external,,
Cycle 10,Cycle 10 — Enzymes (Unit 2),▶ LIVE — Cycle 10 — Enzymes — with Concept Bank.pptx,1,TEACHER REFERENCE — not projected to students,printed,Bozeman Science — Activation Energy — https://www.youtube.com/watch?v=YacsIU97OFc,https://www.youtube.com/watch?v=YacsIU97OFc,external,,,external (not checked live),n/a — external,,
Cycle 10,Cycle 10 — Enzymes (Unit 2),▶ LIVE — Cycle 10 — Enzymes — with Concept Bank.pptx,1,TEACHER REFERENCE — not projected to students,printed,Bozeman Science — Enzymes — https://www.youtube.com/watch?v=ok9esggzN18,https://www.youtube.com/watch?v=ok9esggzN18,external,,,external (not checked live),n/a — external,,
Cycle 10,Cycle 10 — Enzymes (Unit 2),▶ LIVE — Cycle 10 — Enzymes — with Concept Bank.pptx,4,Bellringer,run,Play with an enzyme and its substrate — watch the reaction speed up.,https://biomanbio.com/HTML5GamesandLabs/LifeChemgames/enzymatichtml5page.html,external,,,external (not checked live),n/a — external,,
Cycle 10,Cycle 10 — Enzymes (Unit 2),▶ LIVE — Cycle 10 — Enzymes — with Concept Bank.pptx,4,Bellringer,run,CK-12 Biology — Enzymes,https://flexbooks.ck12.org/cbook/ck-12-biology-flexbook-2.0/section/1.17/primary/lesson/enzymes-bio/,external,,,external (not checked live),n/a — external,,
Cycle 10,Cycle 10 — Enzymes (Unit 2),▶ LIVE — Cycle 10 — Enzymes — with Concept Bank.pptx,4,Bellringer,run,Khan Academy — Enzymes,https://www.khanacademy.org/science/high-school-biology/hs-energy-and-transport/hs-enzymes,external,,,external (not checked live),n/a — external,,
Cycle 10,Cycle 10 — Enzymes (Unit 2),▶ LIVE — Cycle 10 — Enzymes — with Concept Bank.pptx,4,Bellringer,run,"Then watch: Enzymes explained (Amoeba Sisters), about 3 minutes.",https://www.youtube.com/watch?v=qgVFkRn8f10,external,,,external (not checked live),n/a — external,,
Cycle 10,Cycle 10 — Enzymes (Unit 2),▶ LIVE — Cycle 10 — Enzymes — with Concept Bank.pptx,9,Explore — the Enzyme Rate Model,printed+run,▶  Tap to open the interactive model and drag the sliders,https://answerable-biology-models.netlify.app/enzyme,external,,,external (not checked live),n/a — external,,
Cycle 10,Cycle 10 — Enzymes (Unit 2),▶ LIVE — Cycle 10 — Enzymes — with Concept Bank.pptx,16,Day 1 activity · Critical Aspect 1,run,Watch: Enzymes lower the hill (Amoeba Sisters),https://www.youtube.com/watch?v=qgVFkRn8f10,external,,,external (not checked live),n/a — external,,
Cycle 10,Cycle 10 — Enzymes (Unit 2),▶ LIVE — Cycle 10 — Enzymes — with Concept Bank.pptx,25,Day 2 activity · Critical Aspect 2,run,Potato catalase lab,https://www.sciencebuddies.org/science-fair-projects/project-ideas/BioChem_p011/biotechnology-techniques/enzyme-catalyzed-reactions-what-affects-their-rates,external,,,external (not checked live),n/a — external,,
Cycle 10,Cycle 10 — Enzymes (Unit 2),▶ LIVE — Cycle 10 — Enzymes — with Concept Bank.pptx,26,Day 2 activity · Critical Aspect 2,run,Potato catalase lab,https://www.sciencebuddies.org/science-fair-projects/project-ideas/BioChem_p011/biotechnology-techniques/enzyme-catalyzed-reactions-what-affects-their-rates,external,,,external (not checked live),n/a — external,,
Cycle 10,Cycle 10 — Enzymes (Unit 2),▶ LIVE — Cycle 10 — Enzymes — with Concept Bank.pptx,26,Day 2 activity · Critical Aspect 2,run,Lab guide: Measuring Enzyme Activity — Yeast Catalase (Science Buddies),https://www.sciencebuddies.org/science-fair-projects/project-ideas/Chem_p040/chemistry/measuring-enzyme-activity-yeast-catalase,external,,,external (not checked live),n/a — external,,
Cycle 10,Cycle 10 — Enzymes (Unit 2),▶ LIVE — Cycle 10 — Enzymes — with Concept Bank.pptx,27,Day 2 activity · Critical Aspect 2,printed+run,https://www.sciencebuddies.org/science-fair-projects/project-ideas/BioChem_p011/biotechnology-techniques/enzyme-catalyzed-reactions-what-affects-their-rates,https://www.sciencebuddies.org/science-fair-projects/project-ideas/BioChem_p011/biotechnology-techniques/enzyme-catalyzed-reactions-what-affects-their-rates,external,,,external (not checked live),n/a — external,,
Cycle 10,Cycle 10 — Enzymes (Unit 2),▶ LIVE — Cycle 10 — Enzymes — with Concept Bank.pptx,29,Liver-Catalase Lab,run,Extension lab: Measuring Enzyme Activity — Yeast Catalase (Science Buddies),https://www.sciencebuddies.org/science-fair-projects/project-ideas/Chem_p040/chemistry/measuring-enzyme-activity-yeast-catalase,external,,,external (not checked live),n/a — external,,
Cycle 10,Cycle 10 — Enzymes (Unit 2),▶ LIVE — Cycle 10 — Enzymes — with Concept Bank.pptx,31,CONCEPT BANK,run,CK-12 Biology — Enzymes,https://flexbooks.ck12.org/cbook/ck-12-biology-flexbook-2.0/section/1.17/primary/lesson/enzymes-bio/,external,,,external (not checked live),n/a — external,,
Cycle 10,Cycle 10 — Enzymes (Unit 2),▶ LIVE — Cycle 10 — Enzymes — with Concept Bank.pptx,31,CONCEPT BANK,run,Khan Academy — Enzymes,https://www.khanacademy.org/science/high-school-biology/hs-energy-and-transport/hs-enzymes,external,,,external (not checked live),n/a — external,,
Cycle 10,Cycle 10 — Enzymes (Unit 2),▶ LIVE — Cycle 10 — Enzymes — with Concept Bank.pptx,34,Activity and resource links,printed+run,https://answerable-biology-models.netlify.app/enzyme,https://answerable-biology-models.netlify.app/enzyme,external,,,external (not checked live),n/a — external,,
Cycle 10,Cycle 10 — Enzymes (Unit 2),▶ LIVE — Cycle 10 — Enzymes — with Concept Bank.pptx,34,Activity and resource links,printed+run,https://biomanbio.com/HTML5GamesandLabs/LifeChemgames/enzymatichtml5page.html,https://biomanbio.com/HTML5GamesandLabs/LifeChemgames/enzymatichtml5page.html,external,,,external (not checked live),n/a — external,,
Cycle 10,Cycle 10 — Enzymes (Unit 2),▶ LIVE — Cycle 10 — Enzymes — with Concept Bank.pptx,34,Activity and resource links,printed+run,https://flexbooks.ck12.org/cbook/ck-12-biology-flexbook-2.0/section/1.17/primary/lesson/enzymes-bio/,https://flexbooks.ck12.org/cbook/ck-12-biology-flexbook-2.0/section/1.17/primary/lesson/enzymes-bio/,external,,,external (not checked live),n/a — external,,
Cycle 10,Cycle 10 — Enzymes (Unit 2),▶ LIVE — Cycle 10 — Enzymes — with Concept Bank.pptx,34,Activity and resource links,printed+run,https://www.khanacademy.org/science/high-school-biology/hs-energy-and-transport/hs-enzymes,https://www.khanacademy.org/science/high-school-biology/hs-energy-and-transport/hs-enzymes,external,,,external (not checked live),n/a — external,,
Cycle 10,Cycle 10 — Enzymes (Unit 2),▶ LIVE — Cycle 10 — Enzymes — with Concept Bank.pptx,34,Activity and resource links,printed+run,https://www.sciencebuddies.org/science-fair-projects/project-ideas/BioChem_p011/biotechnology-techniques/enzyme-catalyzed-reactions-what-affects-their-rates,https://www.sciencebuddies.org/science-fair-projects/project-ideas/BioChem_p011/biotechnology-techniques/enzyme-catalyzed-reactions-what-affects-their-rates,external,,,external (not checked live),n/a — external,,
Cycle 10,Cycle 10 — Enzymes (Unit 2),▶ LIVE — Cycle 10 — Enzymes — with Concept Bank.pptx,34,Activity and resource links,printed+run,https://www.sciencebuddies.org/science-fair-projects/project-ideas/Chem_p040/chemistry/measuring-enzyme-activity-yeast-catalase,https://www.sciencebuddies.org/science-fair-projects/project-ideas/Chem_p040/chemistry/measuring-enzyme-activity-yeast-catalase,external,,,external (not checked live),n/a — external,,
Cycle 10,Cycle 10 — Enzymes (Unit 2),▶ LIVE — Cycle 10 — Enzymes — with Concept Bank.pptx,34,Activity and resource links,printed+run,Enzymes explained (Amoeba Sisters) — bellringer video and Day 1 activity,https://www.youtube.com/watch?v=qgVFkRn8f10,external,,,external (not checked live),n/a — external,,
Cycle 10,Cycle 10 — Enzymes (Unit 2),▶ LIVE — Cycle 10 — Enzymes — with Concept Bank.pptx,35,Image credits,printed,"“A key is inserted in a door lock” — Shixart1985, CC BY 2.0 — https://commons.wikimedia.org/wiki/File:A_key_is_inserted_in_a_door_lock.jpg",https://commons.wikimedia.org/wiki/File:A_key_is_inserted_in_a_door_lock.jpg,external,,,external (not checked live),n/a — external,,
Cycle 10,Cycle 10 — Enzymes (Unit 2),▶ LIVE — Cycle 10 — Enzymes — with Concept Bank.pptx,35,Image credits,printed,"“Elephant Toothpaste Denver JDS Labs” — Adam Rakunas (flickr.com/photos/eigenadam), CC BY-SA 2.0 — https://commons.wikimedia.org/wiki/File:Elephant_Toothpaste_Denver_JDS_Labs.jpg",https://commons.wikimedia.org/wiki/File:Elephant_Toothpaste_Denver_JDS_Labs.jpg,external,,,external (not checked live),n/a — external,,
Cycle 10,Cycle 10 — Enzymes (Unit 2),▶ LIVE — Cycle 10 — Enzymes — with Concept Bank.pptx,35,Image credits,printed,"“Hydrogen peroxyde uk” — Alex Khimich, Public domain — https://commons.wikimedia.org/wiki/File:Hydrogen_peroxyde_uk.jpg",https://commons.wikimedia.org/wiki/File:Hydrogen_peroxyde_uk.jpg,external,,,external (not checked live),n/a — external,,
Cycle 10,Cycle 10 — Enzymes (Unit 2),▶ LIVE — Cycle 10 — Enzymes — with Concept Bank.pptx,35,Image credits,printed,"“Jiggler Keys” — Lukkojaska, CC BY-SA 4.0 — https://commons.wikimedia.org/wiki/File:Jiggler_Keys.png",https://commons.wikimedia.org/wiki/File:Jiggler_Keys.png,external,,,external (not checked live),n/a — external,,
Cycle 10,Cycle 10 — Enzymes (Unit 2),▶ LIVE — Cycle 10 — Enzymes — with Concept Bank.pptx,35,Image credits,printed,"Icons: Twemoji by X/Twitter, CC BY 4.0 — https://github.com/jdecked/twemoji",https://github.com/jdecked/twemoji,external,,,external (not checked live),n/a — external,,
Cycle 10,Cycle 10 — Enzymes (Unit 2),▶ LIVE — Cycle 10 — Enzymes.pptx,1,TEACHER REFERENCE — not projected to students,printed,Gizmo: Enzymes (ExploreLearning — subscription) — https://gizmos.explorelearning.com/find-gizmos/lesson-info?resourceId=3034,https://gizmos.explorelearning.com/find-gizmos/lesson-info?resourceId=3034,external,,,external (not checked live),n/a — external,,
Cycle 10,Cycle 10 — Enzymes (Unit 2),▶ LIVE — Cycle 10 — Enzymes.pptx,1,TEACHER REFERENCE — not projected to students,printed,"PhET — Reactions & Rates (activation energy, extra sim) — https://phet.colorado.edu/en/simulations/reactions-and-rates",https://phet.colorado.edu/en/simulations/reactions-and-rates,external,,,external (not checked live),n/a — external,,
Cycle 10,Cycle 10 — Enzymes (Unit 2),▶ LIVE — Cycle 10 — Enzymes.pptx,1,TEACHER REFERENCE — not projected to students,printed,Bozeman Science — Activation Energy — https://www.youtube.com/watch?v=YacsIU97OFc,https://www.youtube.com/watch?v=YacsIU97OFc,external,,,external (not checked live),n/a — external,,
Cycle 10,Cycle 10 — Enzymes (Unit 2),▶ LIVE — Cycle 10 — Enzymes.pptx,1,TEACHER REFERENCE — not projected to students,printed,Bozeman Science — Enzymes — https://www.youtube.com/watch?v=ok9esggzN18,https://www.youtube.com/watch?v=ok9esggzN18,external,,,external (not checked live),n/a — external,,
Cycle 10,Cycle 10 — Enzymes (Unit 2),▶ LIVE — Cycle 10 — Enzymes.pptx,4,Bellringer,run,Play with an enzyme and its substrate — watch the reaction speed up.,https://biomanbio.com/HTML5GamesandLabs/LifeChemgames/enzymatichtml5page.html,external,,,external (not checked live),n/a — external,,
Cycle 10,Cycle 10 — Enzymes (Unit 2),▶ LIVE — Cycle 10 — Enzymes.pptx,4,Bellringer,run,CK-12 Biology — Enzymes,https://flexbooks.ck12.org/cbook/ck-12-biology-flexbook-2.0/section/1.17/primary/lesson/enzymes-bio/,external,,,external (not checked live),n/a — external,,
Cycle 10,Cycle 10 — Enzymes (Unit 2),▶ LIVE — Cycle 10 — Enzymes.pptx,4,Bellringer,run,Khan Academy — Enzymes,https://www.khanacademy.org/science/high-school-biology/hs-energy-and-transport/hs-enzymes,external,,,external (not checked live),n/a — external,,
Cycle 10,Cycle 10 — Enzymes (Unit 2),▶ LIVE — Cycle 10 — Enzymes.pptx,4,Bellringer,run,"Then watch: Enzymes explained (Amoeba Sisters), about 3 minutes.",https://www.youtube.com/watch?v=qgVFkRn8f10,external,,,external (not checked live),n/a — external,,
Cycle 10,Cycle 10 — Enzymes (Unit 2),▶ LIVE — Cycle 10 — Enzymes.pptx,9,Explore — the Enzyme Rate Model,printed+run,▶  Tap to open the interactive model and drag the sliders,https://answerable-biology-models.netlify.app/enzyme,external,,,external (not checked live),n/a — external,,
Cycle 10,Cycle 10 — Enzymes (Unit 2),▶ LIVE — Cycle 10 — Enzymes.pptx,16,Day 1 activity · Critical Aspect 1,run,Watch: Enzymes lower the hill (Amoeba Sisters),https://www.youtube.com/watch?v=qgVFkRn8f10,external,,,external (not checked live),n/a — external,,
Cycle 10,Cycle 10 — Enzymes (Unit 2),▶ LIVE — Cycle 10 — Enzymes.pptx,25,Day 2 activity · Critical Aspect 2,run,Potato catalase lab,https://www.sciencebuddies.org/science-fair-projects/project-ideas/BioChem_p011/biotechnology-techniques/enzyme-catalyzed-reactions-what-affects-their-rates,external,,,external (not checked live),n/a — external,,
Cycle 10,Cycle 10 — Enzymes (Unit 2),▶ LIVE — Cycle 10 — Enzymes.pptx,26,Day 2 activity · Critical Aspect 2,run,Potato catalase lab,https://www.sciencebuddies.org/science-fair-projects/project-ideas/BioChem_p011/biotechnology-techniques/enzyme-catalyzed-reactions-what-affects-their-rates,external,,,external (not checked live),n/a — external,,
Cycle 10,Cycle 10 — Enzymes (Unit 2),▶ LIVE — Cycle 10 — Enzymes.pptx,26,Day 2 activity · Critical Aspect 2,run,Lab guide: Measuring Enzyme Activity — Yeast Catalase (Science Buddies),https://www.sciencebuddies.org/science-fair-projects/project-ideas/Chem_p040/chemistry/measuring-enzyme-activity-yeast-catalase,external,,,external (not checked live),n/a — external,,
Cycle 10,Cycle 10 — Enzymes (Unit 2),▶ LIVE — Cycle 10 — Enzymes.pptx,27,Day 2 activity · Critical Aspect 2,printed+run,https://www.sciencebuddies.org/science-fair-projects/project-ideas/BioChem_p011/biotechnology-techniques/enzyme-catalyzed-reactions-what-affects-their-rates,https://www.sciencebuddies.org/science-fair-projects/project-ideas/BioChem_p011/biotechnology-techniques/enzyme-catalyzed-reactions-what-affects-their-rates,external,,,external (not checked live),n/a — external,,
Cycle 10,Cycle 10 — Enzymes (Unit 2),▶ LIVE — Cycle 10 — Enzymes.pptx,29,Liver-Catalase Lab,run,Extension lab: Measuring Enzyme Activity — Yeast Catalase (Science Buddies),https://www.sciencebuddies.org/science-fair-projects/project-ideas/Chem_p040/chemistry/measuring-enzyme-activity-yeast-catalase,external,,,external (not checked live),n/a — external,,
Cycle 10,Cycle 10 — Enzymes (Unit 2),▶ LIVE — Cycle 10 — Enzymes.pptx,33,Activity and resource links,printed+run,https://answerable-biology-models.netlify.app/enzyme,https://answerable-biology-models.netlify.app/enzyme,external,,,external (not checked live),n/a — external,,
Cycle 10,Cycle 10 — Enzymes (Unit 2),▶ LIVE — Cycle 10 — Enzymes.pptx,33,Activity and resource links,printed+run,https://biomanbio.com/HTML5GamesandLabs/LifeChemgames/enzymatichtml5page.html,https://biomanbio.com/HTML5GamesandLabs/LifeChemgames/enzymatichtml5page.html,external,,,external (not checked live),n/a — external,,
Cycle 10,Cycle 10 — Enzymes (Unit 2),▶ LIVE — Cycle 10 — Enzymes.pptx,33,Activity and resource links,printed+run,https://flexbooks.ck12.org/cbook/ck-12-biology-flexbook-2.0/section/1.17/primary/lesson/enzymes-bio/,https://flexbooks.ck12.org/cbook/ck-12-biology-flexbook-2.0/section/1.17/primary/lesson/enzymes-bio/,external,,,external (not checked live),n/a — external,,
Cycle 10,Cycle 10 — Enzymes (Unit 2),▶ LIVE — Cycle 10 — Enzymes.pptx,33,Activity and resource links,printed+run,https://www.khanacademy.org/science/high-school-biology/hs-energy-and-transport/hs-enzymes,https://www.khanacademy.org/science/high-school-biology/hs-energy-and-transport/hs-enzymes,external,,,external (not checked live),n/a — external,,
Cycle 10,Cycle 10 — Enzymes (Unit 2),▶ LIVE — Cycle 10 — Enzymes.pptx,33,Activity and resource links,printed+run,https://www.sciencebuddies.org/science-fair-projects/project-ideas/BioChem_p011/biotechnology-techniques/enzyme-catalyzed-reactions-what-affects-their-rates,https://www.sciencebuddies.org/science-fair-projects/project-ideas/BioChem_p011/biotechnology-techniques/enzyme-catalyzed-reactions-what-affects-their-rates,external,,,external (not checked live),n/a — external,,
Cycle 10,Cycle 10 — Enzymes (Unit 2),▶ LIVE — Cycle 10 — Enzymes.pptx,33,Activity and resource links,printed+run,https://www.sciencebuddies.org/science-fair-projects/project-ideas/Chem_p040/chemistry/measuring-enzyme-activity-yeast-catalase,https://www.sciencebuddies.org/science-fair-projects/project-ideas/Chem_p040/chemistry/measuring-enzyme-activity-yeast-catalase,external,,,external (not checked live),n/a — external,,
Cycle 10,Cycle 10 — Enzymes (Unit 2),▶ LIVE — Cycle 10 — Enzymes.pptx,33,Activity and resource links,printed+run,Enzymes explained (Amoeba Sisters) — bellringer video and Day 1 activity,https://www.youtube.com/watch?v=qgVFkRn8f10,external,,,external (not checked live),n/a — external,,
Cycle 10,Cycle 10 — Enzymes (Unit 2),▶ LIVE — Cycle 10 — Enzymes.pptx,34,Image credits,printed,"“A key is inserted in a door lock” — Shixart1985, CC BY 2.0 — https://commons.wikimedia.org/wiki/File:A_key_is_inserted_in_a_door_lock.jpg",https://commons.wikimedia.org/wiki/File:A_key_is_inserted_in_a_door_lock.jpg,external,,,external (not checked live),n/a — external,,
Cycle 10,Cycle 10 — Enzymes (Unit 2),▶ LIVE — Cycle 10 — Enzymes.pptx,34,Image credits,printed,"“Elephant Toothpaste Denver JDS Labs” — Adam Rakunas (flickr.com/photos/eigenadam), CC BY-SA 2.0 — https://commons.wikimedia.org/wiki/File:Elephant_Toothpaste_Denver_JDS_Labs.jpg",https://commons.wikimedia.org/wiki/File:Elephant_Toothpaste_Denver_JDS_Labs.jpg,external,,,external (not checked live),n/a — external,,
Cycle 10,Cycle 10 — Enzymes (Unit 2),▶ LIVE — Cycle 10 — Enzymes.pptx,34,Image credits,printed,"“Hydrogen peroxyde uk” — Alex Khimich, Public domain — https://commons.wikimedia.org/wiki/File:Hydrogen_peroxyde_uk.jpg",https://commons.wikimedia.org/wiki/File:Hydrogen_peroxyde_uk.jpg,external,,,external (not checked live),n/a — external,,
Cycle 10,Cycle 10 — Enzymes (Unit 2),▶ LIVE — Cycle 10 — Enzymes.pptx,34,Image credits,printed,"“Jiggler Keys” — Lukkojaska, CC BY-SA 4.0 — https://commons.wikimedia.org/wiki/File:Jiggler_Keys.png",https://commons.wikimedia.org/wiki/File:Jiggler_Keys.png,external,,,external (not checked live),n/a — external,,
Cycle 10,Cycle 10 — Enzymes (Unit 2),▶ LIVE — Cycle 10 — Enzymes.pptx,34,Image credits,printed,"Icons: Twemoji by X/Twitter, CC BY 4.0 — https://github.com/jdecked/twemoji",https://github.com/jdecked/twemoji,external,,,external (not checked live),n/a — external,,
Cycle 11,Cycle 11 — The Cell Cycle → Cancer (Unit 2),▶ LIVE — Cycle 11 — The Cell Cycle to Cancer — with Concept Bank.pptx,1,TEACHER REFERENCE — not projected to students,run,Cell Cancer Decision Cards — 1 set per group,https://drive.google.com/file/d/1fTJuWg--s8IE6qB92qI3amQdFceyx1KG/view,drivefile/view,1fTJuWg--s8IE6qB92qI3amQdFceyx1KG,33,"MISSING — no file of this name in this cycle, in any tree",NOT FOUND,,"No file named anything like 'Decision Cards' or 'checkpoint cards' exists anywhere in the local mirror — not in Cycle 11 in any of the three trees, not under any other cycle, not in the archives. This material appears never to have been created, or to have been deleted. It is required for the Day 1 'Be the checkpoint' activity."
Cycle 11,Cycle 11 — The Cell Cycle → Cancer (Unit 2),▶ LIVE — Cycle 11 — The Cell Cycle to Cancer — with Concept Bank.pptx,1,TEACHER REFERENCE — not projected to students,printed,Gizmo: Cell Division (ExploreLearning — subscription) — https://gizmos.explorelearning.com/find-gizmos/lesson-info?resourceId=443,https://gizmos.explorelearning.com/find-gizmos/lesson-info?resourceId=443,external,,,external (not checked live),n/a — external,,
Cycle 11,Cycle 11 — The Cell Cycle → Cancer (Unit 2),▶ LIVE — Cycle 11 — The Cell Cycle to Cancer — with Concept Bank.pptx,1,TEACHER REFERENCE — not projected to students,printed,HHMI BioInteractive — Cell Division and Cancer Risk — https://www.biointeractive.org/classroom-resources/cell-division-and-cancer-risk,https://www.biointeractive.org/classroom-resources/cell-division-and-cancer-risk,external,,,external (not checked live),n/a — external,,
Cycle 11,Cycle 11 — The Cell Cycle → Cancer (Unit 2),▶ LIVE — Cycle 11 — The Cell Cycle to Cancer — with Concept Bank.pptx,1,TEACHER REFERENCE — not projected to students,printed,HHMI BioInteractive — The p53 Gene and Cancer — https://www.biointeractive.org/classroom-resources/p53-gene-and-cancer,https://www.biointeractive.org/classroom-resources/p53-gene-and-cancer,external,,,external (not checked live),n/a — external,,
Cycle 11,Cycle 11 — The Cell Cycle → Cancer (Unit 2),▶ LIVE — Cycle 11 — The Cell Cycle to Cancer — with Concept Bank.pptx,1,TEACHER REFERENCE — not projected to students,printed,Amoeba Sisters — The Cell Cycle (and cancer) [Updated] — https://www.youtube.com/watch?v=QVCjdNxJreE,https://www.youtube.com/watch?v=QVCjdNxJreE,external,,,external (not checked live),n/a — external,,
Cycle 11,Cycle 11 — The Cell Cycle → Cancer (Unit 2),▶ LIVE — Cycle 11 — The Cell Cycle to Cancer — with Concept Bank.pptx,2,TEACHER REFERENCE,run,•  Print “Cycle 11 — Cell Cancer Decision Cards (print)” from the My Class only (print) subfolder — 1 set per group.,https://drive.google.com/file/d/1fTJuWg--s8IE6qB92qI3amQdFceyx1KG/view,drivefile/view,1fTJuWg--s8IE6qB92qI3amQdFceyx1KG,33,"MISSING — no file of this name in this cycle, in any tree",NOT FOUND,,"No file named anything like 'Decision Cards' or 'checkpoint cards' exists anywhere in the local mirror — not in Cycle 11 in any of the three trees, not under any other cycle, not in the archives. This material appears never to have been created, or to have been deleted. It is required for the Day 1 'Be the checkpoint' activity."
Cycle 11,Cycle 11 — The Cell Cycle → Cancer (Unit 2),▶ LIVE — Cycle 11 — The Cell Cycle to Cancer — with Concept Bank.pptx,4,Bellringer,run,CK-12 Biology FlexBook 2.0 — 2.32 Cell Cycle,https://flexbooks.ck12.org/cbook/ck-12-biology-flexbook-2.0/section/2.32/primary/lesson/cell-cycle-bio/,external,,,external (not checked live),n/a — external,,
Cycle 11,Cycle 11 — The Cell Cycle → Cancer (Unit 2),▶ LIVE — Cycle 11 — The Cell Cycle to Cancer — with Concept Bank.pptx,4,Bellringer,run,"Click through a cell as it grows, copies its DNA, and splits.",https://www.biointeractive.org/classroom-resources/eukaryotic-cell-cycle-and-cancer,external,,,external (not checked live),n/a — external,,
Cycle 11,Cycle 11 — The Cell Cycle → Cancer (Unit 2),▶ LIVE — Cycle 11 — The Cell Cycle to Cancer — with Concept Bank.pptx,4,Bellringer,run,Khan Academy — The cell cycle and mitosis,https://www.khanacademy.org/science/high-school-biology/hs-reproduction-and-cell-division/hs-the-cell-cycle-and-mitosis,external,,,external (not checked live),n/a — external,,
Cycle 11,Cycle 11 — The Cell Cycle → Cancer (Unit 2),▶ LIVE — Cycle 11 — The Cell Cycle to Cancer — with Concept Bank.pptx,9,Explore — the Cell Cycle Model,printed+run,▶  Tap to open the interactive model and drag the sliders,https://answerable-biology-models.netlify.app/cell-cycle,external,,,external (not checked live),n/a — external,,
Cycle 11,Cycle 11 — The Cell Cycle → Cancer (Unit 2),▶ LIVE — Cycle 11 — The Cell Cycle to Cancer — with Concept Bank.pptx,16,Day 1 activity · Critical Aspect 1,run,"Print: Cycle 11 — Cell Cancer Decision Cards, 1 set per group",https://drive.google.com/file/d/1fTJuWg--s8IE6qB92qI3amQdFceyx1KG/view,drivefile/view,1fTJuWg--s8IE6qB92qI3amQdFceyx1KG,33,"MISSING — no file of this name in this cycle, in any tree",NOT FOUND,,"No file named anything like 'Decision Cards' or 'checkpoint cards' exists anywhere in the local mirror — not in Cycle 11 in any of the three trees, not under any other cycle, not in the archives. This material appears never to have been created, or to have been deleted. It is required for the Day 1 'Be the checkpoint' activity."
Cycle 11,Cycle 11 — The Cell Cycle → Cancer (Unit 2),▶ LIVE — Cycle 11 — The Cell Cycle to Cancer — with Concept Bank.pptx,16,Day 1 activity · Critical Aspect 1,run,Open: HHMI — Eukaryotic Cell Cycle & Cancer (Click & Learn),https://www.biointeractive.org/classroom-resources/eukaryotic-cell-cycle-and-cancer,external,,,external (not checked live),n/a — external,,
Cycle 11,Cycle 11 — The Cell Cycle → Cancer (Unit 2),▶ LIVE — Cycle 11 — The Cell Cycle to Cancer — with Concept Bank.pptx,24,Day 2 activity · Critical Aspect 2,run,Open: HHMI — “Regulators & Cancer” view (how a broken p53 lets damaged cells divide),https://www.biointeractive.org/classroom-resources/eukaryotic-cell-cycle-and-cancer,external,,,external (not checked live),n/a — external,,
Cycle 11,Cycle 11 — The Cell Cycle → Cancer (Unit 2),▶ LIVE — Cycle 11 — The Cell Cycle to Cancer — with Concept Bank.pptx,24,Day 2 activity · Critical Aspect 2,run,Case-study resource: HHMI — The p53 Gene and Cancer (Click & Learn),https://www.biointeractive.org/classroom-resources/p53-gene-and-cancer,external,,,external (not checked live),n/a — external,,
Cycle 11,Cycle 11 — The Cell Cycle → Cancer (Unit 2),▶ LIVE — Cycle 11 — The Cell Cycle to Cancer — with Concept Bank.pptx,25,Day 2 activity · Critical Aspect 2,run,Case-study resource: HHMI — The p53 Gene and Cancer (Click & Learn),https://www.biointeractive.org/classroom-resources/p53-gene-and-cancer,external,,,external (not checked live),n/a — external,,
Cycle 11,Cycle 11 — The Cell Cycle → Cancer (Unit 2),▶ LIVE — Cycle 11 — The Cell Cycle to Cancer — with Concept Bank.pptx,31,CONCEPT BANK,run,CK-12 Biology FlexBook 2.0 — 2.32 Cell Cycle,https://flexbooks.ck12.org/cbook/ck-12-biology-flexbook-2.0/section/2.32/primary/lesson/cell-cycle-bio/,external,,,external (not checked live),n/a — external,,
Cycle 11,Cycle 11 — The Cell Cycle → Cancer (Unit 2),▶ LIVE — Cycle 11 — The Cell Cycle to Cancer — with Concept Bank.pptx,31,CONCEPT BANK,run,Khan Academy — The cell cycle and mitosis,https://www.khanacademy.org/science/high-school-biology/hs-reproduction-and-cell-division/hs-the-cell-cycle-and-mitosis,external,,,external (not checked live),n/a — external,,
Cycle 11,Cycle 11 — The Cell Cycle → Cancer (Unit 2),▶ LIVE — Cycle 11 — The Cell Cycle to Cancer — with Concept Bank.pptx,33,Activity and resource links,printed+run,https://answerable-biology-models.netlify.app/cell-cycle,https://answerable-biology-models.netlify.app/cell-cycle,external,,,external (not checked live),n/a — external,,
Cycle 11,Cycle 11 — The Cell Cycle → Cancer (Unit 2),▶ LIVE — Cycle 11 — The Cell Cycle to Cancer — with Concept Bank.pptx,33,Activity and resource links,printed+run,"Cell Cancer Decision Cards (print) — Day 1 “Be the checkpoint”, in “My Class only (print)”",https://drive.google.com/file/d/1fTJuWg--s8IE6qB92qI3amQdFceyx1KG/view,drivefile/view,1fTJuWg--s8IE6qB92qI3amQdFceyx1KG,33,"MISSING — no file of this name in this cycle, in any tree",NOT FOUND,,"No file named anything like 'Decision Cards' or 'checkpoint cards' exists anywhere in the local mirror — not in Cycle 11 in any of the three trees, not under any other cycle, not in the archives. This material appears never to have been created, or to have been deleted. It is required for the Day 1 'Be the checkpoint' activity."
Cycle 11,Cycle 11 — The Cell Cycle → Cancer (Unit 2),▶ LIVE — Cycle 11 — The Cell Cycle to Cancer — with Concept Bank.pptx,33,Activity and resource links,printed+run,https://flexbooks.ck12.org/cbook/ck-12-biology-flexbook-2.0/section/2.32/primary/lesson/cell-cycle-bio/,https://flexbooks.ck12.org/cbook/ck-12-biology-flexbook-2.0/section/2.32/primary/lesson/cell-cycle-bio/,external,,,external (not checked live),n/a — external,,
Cycle 11,Cycle 11 — The Cell Cycle → Cancer (Unit 2),▶ LIVE — Cycle 11 — The Cell Cycle to Cancer — with Concept Bank.pptx,33,Activity and resource links,printed+run,HHMI — Eukaryotic Cell Cycle & Cancer (Click & Learn) — bellringer sim + Day 1/Day 2 activities,https://www.biointeractive.org/classroom-resources/eukaryotic-cell-cycle-and-cancer,external,,,external (not checked live),n/a — external,,
Cycle 11,Cycle 11 — The Cell Cycle → Cancer (Unit 2),▶ LIVE — Cycle 11 — The Cell Cycle to Cancer — with Concept Bank.pptx,33,Activity and resource links,printed+run,HHMI — The p53 Gene and Cancer (Click & Learn) — Day 2 case-study resource,https://www.biointeractive.org/classroom-resources/p53-gene-and-cancer,external,,,external (not checked live),n/a — external,,
Cycle 11,Cycle 11 — The Cell Cycle → Cancer (Unit 2),▶ LIVE — Cycle 11 — The Cell Cycle to Cancer — with Concept Bank.pptx,33,Activity and resource links,printed+run,https://www.khanacademy.org/science/high-school-biology/hs-reproduction-and-cell-division/hs-the-cell-cycle-and-mitosis,https://www.khanacademy.org/science/high-school-biology/hs-reproduction-and-cell-division/hs-the-cell-cycle-and-mitosis,external,,,external (not checked live),n/a — external,,
Cycle 11,Cycle 11 — The Cell Cycle → Cancer (Unit 2),▶ LIVE — Cycle 11 — The Cell Cycle to Cancer — with Concept Bank.pptx,34,Image credits,printed,"Slide 10, Case B — DNA UV mutation.svg · Mouagip · Public domain · https://commons.wikimedia.org/w/index.php?curid=11367690",https://commons.wikimedia.org/w/index.php?curid=11367690,external,,,external (not checked live),n/a — external,,
Cycle 11,Cycle 11 — The Cell Cycle → Cancer (Unit 2),▶ LIVE — Cycle 11 — The Cell Cycle to Cancer — with Concept Bank.pptx,34,Image credits,printed,"Slide 10, Case A — Mitosis in Onion Root - various stages.jpg · Natalierussell77 · CC BY-SA 4.0 · https://commons.wikimedia.org/w/index.php?curid=136671023",https://commons.wikimedia.org/w/index.php?curid=136671023,external,,,external (not checked live),n/a — external,,
Cycle 11,Cycle 11 — The Cell Cycle → Cancer (Unit 2),▶ LIVE — Cycle 11 — The Cell Cycle to Cancer — with Concept Bank.pptx,34,Image credits,printed,"Slide 19, Case B — Melanoma, brown and red lesion 1.jpg · Larry Meyer (Photographer) · Public domain · https://commons.wikimedia.org/w/index.php?curid=24051834",https://commons.wikimedia.org/w/index.php?curid=24051834,external,,,external (not checked live),n/a — external,,
Cycle 11,Cycle 11 — The Cell Cycle → Cancer (Unit 2),▶ LIVE — Cycle 11 — The Cell Cycle to Cancer — with Concept Bank.pptx,34,Image credits,printed,"Slide 19, Case A — Skin Mole 11.JPG · Делфина · CC BY-SA 4.0 · https://commons.wikimedia.org/w/index.php?curid=45110017",https://commons.wikimedia.org/w/index.php?curid=45110017,external,,,external (not checked live),n/a — external,,
Cycle 11,Cycle 11 — The Cell Cycle → Cancer (Unit 2),▶ LIVE — Cycle 11 — The Cell Cycle to Cancer — with Concept Bank.pptx,34,Image credits,printed,"Icons: Twemoji by X/Twitter, CC BY 4.0 — https://github.com/jdecked/twemoji",https://github.com/jdecked/twemoji,external,,,external (not checked live),n/a — external,,
Cycle 11,Cycle 11 — The Cell Cycle → Cancer (Unit 2),▶ LIVE — Cycle 11 — The Cell Cycle to Cancer — with Concept Bank.pptx,34,Image credits,printed,"Slide 7 — cell cycle wheel: HHMI BioInteractive, “The Eukaryotic Cell Cycle and Cancer” Click & Learn (screenshot) · Courtesy of HHMI BioInteractive · free for classroom display; not redistributed · h",https://www.biointeractive.org/classroom-resources/eukaryotic-cell-cycle-and-cancer,external,,,external (not checked live),n/a — external,,
Cycle 11,Cycle 11 — The Cell Cycle → Cancer (Unit 2),▶ LIVE — Cycle 11 — The Cell Cycle to Cancer.pptx,1,TEACHER REFERENCE — not projected to students,run,Cell Cancer Decision Cards — 1 set per group,https://drive.google.com/file/d/1fTJuWg--s8IE6qB92qI3amQdFceyx1KG/view,drivefile/view,1fTJuWg--s8IE6qB92qI3amQdFceyx1KG,33,"MISSING — no file of this name in this cycle, in any tree",NOT FOUND,,"No file named anything like 'Decision Cards' or 'checkpoint cards' exists anywhere in the local mirror — not in Cycle 11 in any of the three trees, not under any other cycle, not in the archives. This material appears never to have been created, or to have been deleted. It is required for the Day 1 'Be the checkpoint' activity."
Cycle 11,Cycle 11 — The Cell Cycle → Cancer (Unit 2),▶ LIVE — Cycle 11 — The Cell Cycle to Cancer.pptx,1,TEACHER REFERENCE — not projected to students,printed,Gizmo: Cell Division (ExploreLearning — subscription) — https://gizmos.explorelearning.com/find-gizmos/lesson-info?resourceId=443,https://gizmos.explorelearning.com/find-gizmos/lesson-info?resourceId=443,external,,,external (not checked live),n/a — external,,
Cycle 11,Cycle 11 — The Cell Cycle → Cancer (Unit 2),▶ LIVE — Cycle 11 — The Cell Cycle to Cancer.pptx,1,TEACHER REFERENCE — not projected to students,printed,HHMI BioInteractive — Cell Division and Cancer Risk — https://www.biointeractive.org/classroom-resources/cell-division-and-cancer-risk,https://www.biointeractive.org/classroom-resources/cell-division-and-cancer-risk,external,,,external (not checked live),n/a — external,,
Cycle 11,Cycle 11 — The Cell Cycle → Cancer (Unit 2),▶ LIVE — Cycle 11 — The Cell Cycle to Cancer.pptx,1,TEACHER REFERENCE — not projected to students,printed,HHMI BioInteractive — The p53 Gene and Cancer — https://www.biointeractive.org/classroom-resources/p53-gene-and-cancer,https://www.biointeractive.org/classroom-resources/p53-gene-and-cancer,external,,,external (not checked live),n/a — external,,
Cycle 11,Cycle 11 — The Cell Cycle → Cancer (Unit 2),▶ LIVE — Cycle 11 — The Cell Cycle to Cancer.pptx,1,TEACHER REFERENCE — not projected to students,printed,Amoeba Sisters — The Cell Cycle (and cancer) [Updated] — https://www.youtube.com/watch?v=QVCjdNxJreE,https://www.youtube.com/watch?v=QVCjdNxJreE,external,,,external (not checked live),n/a — external,,
Cycle 11,Cycle 11 — The Cell Cycle → Cancer (Unit 2),▶ LIVE — Cycle 11 — The Cell Cycle to Cancer.pptx,2,TEACHER REFERENCE,run,•  Print “Cycle 11 — Cell Cancer Decision Cards (print)” from the My Class only (print) subfolder — 1 set per group.,https://drive.google.com/file/d/1fTJuWg--s8IE6qB92qI3amQdFceyx1KG/view,drivefile/view,1fTJuWg--s8IE6qB92qI3amQdFceyx1KG,33,"MISSING — no file of this name in this cycle, in any tree",NOT FOUND,,"No file named anything like 'Decision Cards' or 'checkpoint cards' exists anywhere in the local mirror — not in Cycle 11 in any of the three trees, not under any other cycle, not in the archives. This material appears never to have been created, or to have been deleted. It is required for the Day 1 'Be the checkpoint' activity."
Cycle 11,Cycle 11 — The Cell Cycle → Cancer (Unit 2),▶ LIVE — Cycle 11 — The Cell Cycle to Cancer.pptx,4,Bellringer,run,CK-12 Biology FlexBook 2.0 — 2.32 Cell Cycle,https://flexbooks.ck12.org/cbook/ck-12-biology-flexbook-2.0/section/2.32/primary/lesson/cell-cycle-bio/,external,,,external (not checked live),n/a — external,,
Cycle 11,Cycle 11 — The Cell Cycle → Cancer (Unit 2),▶ LIVE — Cycle 11 — The Cell Cycle to Cancer.pptx,4,Bellringer,run,"Click through a cell as it grows, copies its DNA, and splits.",https://www.biointeractive.org/classroom-resources/eukaryotic-cell-cycle-and-cancer,external,,,external (not checked live),n/a — external,,
Cycle 11,Cycle 11 — The Cell Cycle → Cancer (Unit 2),▶ LIVE — Cycle 11 — The Cell Cycle to Cancer.pptx,4,Bellringer,run,Khan Academy — The cell cycle and mitosis,https://www.khanacademy.org/science/high-school-biology/hs-reproduction-and-cell-division/hs-the-cell-cycle-and-mitosis,external,,,external (not checked live),n/a — external,,
Cycle 11,Cycle 11 — The Cell Cycle → Cancer (Unit 2),▶ LIVE — Cycle 11 — The Cell Cycle to Cancer.pptx,9,Explore — the Cell Cycle Model,printed+run,▶  Tap to open the interactive model and drag the sliders,https://answerable-biology-models.netlify.app/cell-cycle,external,,,external (not checked live),n/a — external,,
Cycle 11,Cycle 11 — The Cell Cycle → Cancer (Unit 2),▶ LIVE — Cycle 11 — The Cell Cycle to Cancer.pptx,16,Day 1 activity · Critical Aspect 1,run,"Print: Cycle 11 — Cell Cancer Decision Cards, 1 set per group",https://drive.google.com/file/d/1fTJuWg--s8IE6qB92qI3amQdFceyx1KG/view,drivefile/view,1fTJuWg--s8IE6qB92qI3amQdFceyx1KG,33,"MISSING — no file of this name in this cycle, in any tree",NOT FOUND,,"No file named anything like 'Decision Cards' or 'checkpoint cards' exists anywhere in the local mirror — not in Cycle 11 in any of the three trees, not under any other cycle, not in the archives. This material appears never to have been created, or to have been deleted. It is required for the Day 1 'Be the checkpoint' activity."
Cycle 11,Cycle 11 — The Cell Cycle → Cancer (Unit 2),▶ LIVE — Cycle 11 — The Cell Cycle to Cancer.pptx,16,Day 1 activity · Critical Aspect 1,run,Open: HHMI — Eukaryotic Cell Cycle & Cancer (Click & Learn),https://www.biointeractive.org/classroom-resources/eukaryotic-cell-cycle-and-cancer,external,,,external (not checked live),n/a — external,,
Cycle 11,Cycle 11 — The Cell Cycle → Cancer (Unit 2),▶ LIVE — Cycle 11 — The Cell Cycle to Cancer.pptx,24,Day 2 activity · Critical Aspect 2,run,Open: HHMI — “Regulators & Cancer” view (how a broken p53 lets damaged cells divide),https://www.biointeractive.org/classroom-resources/eukaryotic-cell-cycle-and-cancer,external,,,external (not checked live),n/a — external,,
Cycle 11,Cycle 11 — The Cell Cycle → Cancer (Unit 2),▶ LIVE — Cycle 11 — The Cell Cycle to Cancer.pptx,24,Day 2 activity · Critical Aspect 2,run,Case-study resource: HHMI — The p53 Gene and Cancer (Click & Learn),https://www.biointeractive.org/classroom-resources/p53-gene-and-cancer,external,,,external (not checked live),n/a — external,,
Cycle 11,Cycle 11 — The Cell Cycle → Cancer (Unit 2),▶ LIVE — Cycle 11 — The Cell Cycle to Cancer.pptx,25,Day 2 activity · Critical Aspect 2,run,Case-study resource: HHMI — The p53 Gene and Cancer (Click & Learn),https://www.biointeractive.org/classroom-resources/p53-gene-and-cancer,external,,,external (not checked live),n/a — external,,
Cycle 11,Cycle 11 — The Cell Cycle → Cancer (Unit 2),▶ LIVE — Cycle 11 — The Cell Cycle to Cancer.pptx,32,Activity and resource links,printed+run,https://answerable-biology-models.netlify.app/cell-cycle,https://answerable-biology-models.netlify.app/cell-cycle,external,,,external (not checked live),n/a — external,,
Cycle 11,Cycle 11 — The Cell Cycle → Cancer (Unit 2),▶ LIVE — Cycle 11 — The Cell Cycle to Cancer.pptx,32,Activity and resource links,printed+run,"Cell Cancer Decision Cards (print) — Day 1 “Be the checkpoint”, in “My Class only (print)”",https://drive.google.com/file/d/1fTJuWg--s8IE6qB92qI3amQdFceyx1KG/view,drivefile/view,1fTJuWg--s8IE6qB92qI3amQdFceyx1KG,33,"MISSING — no file of this name in this cycle, in any tree",NOT FOUND,,"No file named anything like 'Decision Cards' or 'checkpoint cards' exists anywhere in the local mirror — not in Cycle 11 in any of the three trees, not under any other cycle, not in the archives. This material appears never to have been created, or to have been deleted. It is required for the Day 1 'Be the checkpoint' activity."
Cycle 11,Cycle 11 — The Cell Cycle → Cancer (Unit 2),▶ LIVE — Cycle 11 — The Cell Cycle to Cancer.pptx,32,Activity and resource links,printed+run,https://flexbooks.ck12.org/cbook/ck-12-biology-flexbook-2.0/section/2.32/primary/lesson/cell-cycle-bio/,https://flexbooks.ck12.org/cbook/ck-12-biology-flexbook-2.0/section/2.32/primary/lesson/cell-cycle-bio/,external,,,external (not checked live),n/a — external,,
Cycle 11,Cycle 11 — The Cell Cycle → Cancer (Unit 2),▶ LIVE — Cycle 11 — The Cell Cycle to Cancer.pptx,32,Activity and resource links,printed+run,HHMI — Eukaryotic Cell Cycle & Cancer (Click & Learn) — bellringer sim + Day 1/Day 2 activities,https://www.biointeractive.org/classroom-resources/eukaryotic-cell-cycle-and-cancer,external,,,external (not checked live),n/a — external,,
Cycle 11,Cycle 11 — The Cell Cycle → Cancer (Unit 2),▶ LIVE — Cycle 11 — The Cell Cycle to Cancer.pptx,32,Activity and resource links,printed+run,HHMI — The p53 Gene and Cancer (Click & Learn) — Day 2 case-study resource,https://www.biointeractive.org/classroom-resources/p53-gene-and-cancer,external,,,external (not checked live),n/a — external,,
Cycle 11,Cycle 11 — The Cell Cycle → Cancer (Unit 2),▶ LIVE — Cycle 11 — The Cell Cycle to Cancer.pptx,32,Activity and resource links,printed+run,https://www.khanacademy.org/science/high-school-biology/hs-reproduction-and-cell-division/hs-the-cell-cycle-and-mitosis,https://www.khanacademy.org/science/high-school-biology/hs-reproduction-and-cell-division/hs-the-cell-cycle-and-mitosis,external,,,external (not checked live),n/a — external,,
Cycle 11,Cycle 11 — The Cell Cycle → Cancer (Unit 2),▶ LIVE — Cycle 11 — The Cell Cycle to Cancer.pptx,33,Image credits,printed,"Slide 10, Case B — DNA UV mutation.svg · Mouagip · Public domain · https://commons.wikimedia.org/w/index.php?curid=11367690",https://commons.wikimedia.org/w/index.php?curid=11367690,external,,,external (not checked live),n/a — external,,
Cycle 11,Cycle 11 — The Cell Cycle → Cancer (Unit 2),▶ LIVE — Cycle 11 — The Cell Cycle to Cancer.pptx,33,Image credits,printed,"Slide 10, Case A — Mitosis in Onion Root - various stages.jpg · Natalierussell77 · CC BY-SA 4.0 · https://commons.wikimedia.org/w/index.php?curid=136671023",https://commons.wikimedia.org/w/index.php?curid=136671023,external,,,external (not checked live),n/a — external,,
Cycle 11,Cycle 11 — The Cell Cycle → Cancer (Unit 2),▶ LIVE — Cycle 11 — The Cell Cycle to Cancer.pptx,33,Image credits,printed,"Slide 19, Case B — Melanoma, brown and red lesion 1.jpg · Larry Meyer (Photographer) · Public domain · https://commons.wikimedia.org/w/index.php?curid=24051834",https://commons.wikimedia.org/w/index.php?curid=24051834,external,,,external (not checked live),n/a — external,,
Cycle 11,Cycle 11 — The Cell Cycle → Cancer (Unit 2),▶ LIVE — Cycle 11 — The Cell Cycle to Cancer.pptx,33,Image credits,printed,"Slide 19, Case A — Skin Mole 11.JPG · Делфина · CC BY-SA 4.0 · https://commons.wikimedia.org/w/index.php?curid=45110017",https://commons.wikimedia.org/w/index.php?curid=45110017,external,,,external (not checked live),n/a — external,,
Cycle 11,Cycle 11 — The Cell Cycle → Cancer (Unit 2),▶ LIVE — Cycle 11 — The Cell Cycle to Cancer.pptx,33,Image credits,printed,"Icons: Twemoji by X/Twitter, CC BY 4.0 — https://github.com/jdecked/twemoji",https://github.com/jdecked/twemoji,external,,,external (not checked live),n/a — external,,
Cycle 11,Cycle 11 — The Cell Cycle → Cancer (Unit 2),▶ LIVE — Cycle 11 — The Cell Cycle to Cancer.pptx,33,Image credits,printed,"Slide 7 — cell cycle wheel: HHMI BioInteractive, “The Eukaryotic Cell Cycle and Cancer” Click & Learn (screenshot) · Courtesy of HHMI BioInteractive · free for classroom display; not redistributed · h",https://www.biointeractive.org/classroom-resources/eukaryotic-cell-cycle-and-cancer,external,,,external (not checked live),n/a — external,,
Cycle 12,Cycle 12b — Asexual & Sexual Reproduction (rebuild),Cycle 12b — Asexual & Sexual Reproduction (VT deck).pptx,1,"⚠ NEEDS KATHERINE — the essential claim and the objectives below are drafted, not approved  ·  TEACHER REFERENCE — not p",printed,Cycle 12b — Reproduction Sorting Cards (print) · in My Class only (print) · 1 set per group — https://drive.google.com/file/d/1qVxEB0YEXBVu7PS3Xy_aj7NhXo9RNGt3/view,https://drive.google.com/file/d/1qVxEB0YEXBVu7PS3Xy_aj7NhXo9RNGt3/view,drivefile/view,1qVxEB0YEXBVu7PS3Xy_aj7NhXo9RNGt3,33,OK — file found,kvd@answerableteaching.com : My Drive/BIOLOGY (Shared)/Cycle 12 — Reproduction & Meiosis (Unit 3)/My Class only (print),,
Cycle 12,Cycle 12b — Asexual & Sexual Reproduction (rebuild),Cycle 12b — Asexual & Sexual Reproduction (VT deck).pptx,1,"⚠ NEEDS KATHERINE — the essential claim and the objectives below are drafted, not approved  ·  TEACHER REFERENCE — not p",printed,CK-12 Biology 2.35 — Asexual vs. Sexual Reproduction — https://flexbooks.ck12.org/cbook/ck-12-biology-flexbook-2.0/section/2.35/primary/lesson/asexual-vs.-sexual-reproduction-bio/,https://flexbooks.ck12.org/cbook/ck-12-biology-flexbook-2.0/section/2.35/primary/lesson/asexual-vs.-sexual-reproduction-bio/,external,,,external (not checked live),n/a — external,,
Cycle 12,Cycle 12b — Asexual & Sexual Reproduction (rebuild),Cycle 12b — Asexual & Sexual Reproduction (VT deck).pptx,1,"⚠ NEEDS KATHERINE — the essential claim and the objectives below are drafted, not approved  ·  TEACHER REFERENCE — not p",printed,Khan Academy — Reproduction and cell division — https://www.khanacademy.org/science/high-school-biology/hs-reproduction-and-cell-division,https://www.khanacademy.org/science/high-school-biology/hs-reproduction-and-cell-division,external,,,external (not checked live),n/a — external,,
Cycle 12,Cycle 12b — Asexual & Sexual Reproduction (rebuild),Cycle 12b — Asexual & Sexual Reproduction (VT deck).pptx,4,Bellringer,run,CK-12 Biology 2.35 — Asexual vs. Sexual Reproduction,https://flexbooks.ck12.org/cbook/ck-12-biology-flexbook-2.0/section/2.35/primary/lesson/asexual-vs.-sexual-reproduction-bio/,external,,,external (not checked live),n/a — external,,
Cycle 12,Cycle 12b — Asexual & Sexual Reproduction (rebuild),Cycle 12b — Asexual & Sexual Reproduction (VT deck).pptx,4,Bellringer,run,Khan Academy — Reproduction and cell division,https://www.khanacademy.org/science/high-school-biology/hs-reproduction-and-cell-division,external,,,external (not checked live),n/a — external,,
Cycle 12,Cycle 12b — Asexual & Sexual Reproduction (rebuild),Cycle 12b — Asexual & Sexual Reproduction (VT deck).pptx,29,CONCEPT BANK,run,CK-12 Biology 2.35 — Asexual vs. Sexual Reproduction,https://flexbooks.ck12.org/cbook/ck-12-biology-flexbook-2.0/section/2.35/primary/lesson/asexual-vs.-sexual-reproduction-bio/,external,,,external (not checked live),n/a — external,,
Cycle 12,Cycle 12b — Asexual & Sexual Reproduction (rebuild),Cycle 12b — Asexual & Sexual Reproduction (VT deck).pptx,29,CONCEPT BANK,run,Khan Academy — Reproduction and cell division,https://www.khanacademy.org/science/high-school-biology/hs-reproduction-and-cell-division,external,,,external (not checked live),n/a — external,,
Cycle 12,Cycle 12b — Asexual & Sexual Reproduction (rebuild),Cycle 12b — Asexual & Sexual Reproduction (VT deck).pptx,31,Activity and resource links,printed+run,Day 1 activity — Cycle 12b — Reproduction Sorting Cards (print) · in My Class only (print),https://drive.google.com/file/d/1qVxEB0YEXBVu7PS3Xy_aj7NhXo9RNGt3/view,drivefile/view,1qVxEB0YEXBVu7PS3Xy_aj7NhXo9RNGt3,33,OK — file found,kvd@answerableteaching.com : My Drive/BIOLOGY (Shared)/Cycle 12 — Reproduction & Meiosis (Unit 3)/My Class only (print),,
Cycle 12,Cycle 12b — Asexual & Sexual Reproduction (rebuild),Cycle 12b — Asexual & Sexual Reproduction (VT deck).pptx,31,Activity and resource links,printed+run,https://flexbooks.ck12.org/cbook/ck-12-biology-flexbook-2.0/section/2.35/primary/lesson/asexual-vs.-sexual-reproduction-bio/,https://flexbooks.ck12.org/cbook/ck-12-biology-flexbook-2.0/section/2.35/primary/lesson/asexual-vs.-sexual-reproduction-bio/,external,,,external (not checked live),n/a — external,,
Cycle 12,Cycle 12b — Asexual & Sexual Reproduction (rebuild),Cycle 12b — Asexual & Sexual Reproduction (VT deck).pptx,31,Activity and resource links,printed+run,https://www.khanacademy.org/science/high-school-biology/hs-reproduction-and-cell-division,https://www.khanacademy.org/science/high-school-biology/hs-reproduction-and-cell-division,external,,,external (not checked live),n/a — external,,
Cycle 12,Cycle 12b — Asexual & Sexual Reproduction (rebuild),Cycle 12b — Asexual & Sexual Reproduction (VT deck).pptx,32,Image credits,printed,[Also available from the earlier 12b build if you want it elsewhere: French Bulldog with puppies.jpg · zanerudovica · CC BY 2.0 · https://commons.wikimedia.org/w/index.php?curid=16948518],https://commons.wikimedia.org/w/index.php?curid=16948518,external,,,external (not checked live),n/a — external,,
Cycle 12,Cycle 12b — Asexual & Sexual Reproduction (rebuild),Cycle 12b — Asexual & Sexual Reproduction (VT deck).pptx,32,Image credits,printed,"Slide 11, CASE A — Pink Panda 10 ies · Frank Vincentz · CC BY-SA 3.0 · https://commons.wikimedia.org/w/index.php?curid=3103088",https://commons.wikimedia.org/w/index.php?curid=3103088,external,,,external (not checked live),n/a — external,,
Cycle 12,Cycle 12b — Asexual & Sexual Reproduction (rebuild),Cycle 12b — Asexual & Sexual Reproduction (VT deck).pptx,32,Image credits,printed,"Slide 27, CASE B — 8-Mile Pack wolf pups · Yellowstone National Park from Yellowstone NP, USA · Public domain · https://commons.wikimedia.org/wiki/File:8-Mile_Pack_wolf_pups_(15245339149).jpg",https://commons.wikimedia.org/wiki/File:8-Mile_Pack_wolf_pups_(15245339149,external,,,external (not checked live),n/a — external,,
Cycle 12,Cycle 12b — Asexual & Sexual Reproduction (rebuild),Cycle 12b — Asexual & Sexual Reproduction (VT deck).pptx,32,Image credits,printed,"Slide 20, CASE A — Aphis nerii giving birth · Rexeth42 · CC BY 4.0 · https://commons.wikimedia.org/wiki/File:Aphis_nerii_giving_birth.jpg",https://commons.wikimedia.org/wiki/File:Aphis_nerii_giving_birth.jpg,external,,,external (not checked live),n/a — external,,
Cycle 12,Cycle 12b — Asexual & Sexual Reproduction (rebuild),Cycle 12b — Asexual & Sexual Reproduction (VT deck).pptx,32,Image credits,printed,"Slide 23 — Bdelloid rotifer · Ian Sutton from Oberon, Australia · CC BY 2.0 · https://commons.wikimedia.org/wiki/File:Bdelloid_rotifer_(3403951330).jpg",https://commons.wikimedia.org/wiki/File:Bdelloid_rotifer_(3403951330,external,,,external (not checked live),n/a — external,,
Cycle 12,Cycle 12b — Asexual & Sexual Reproduction (rebuild),Cycle 12b — Asexual & Sexual Reproduction (VT deck).pptx,32,Image credits,printed,"Slide 27, CASE A — Ecoli dividing · CDC/ Evangeline Sowers, Janice Haney Carr · Public domain · https://commons.wikimedia.org/wiki/File:Ecoli_dividing.jpg",https://commons.wikimedia.org/wiki/File:Ecoli_dividing.jpg,external,,,external (not checked live),n/a — external,,
Cycle 12,Cycle 12b — Asexual & Sexual Reproduction (rebuild),Cycle 12b — Asexual & Sexual Reproduction (VT deck).pptx,32,Image credits,printed,"Slide 11, CASE B — Wild strawberry seedling · Yellowstone National Park · Public domain · https://commons.wikimedia.org/wiki/File:Wild_strawberry_seedling_(34579533182).jpg",https://commons.wikimedia.org/wiki/File:Wild_strawberry_seedling_(34579533182,external,,,external (not checked live),n/a — external,,
Cycle 12,Cycle 12b — Asexual & Sexual Reproduction (rebuild),Cycle 12b — Asexual & Sexual Reproduction (VT deck).pptx,32,Image credits,printed,"Icons: Twemoji by X/Twitter, CC BY 4.0 — https://github.com/jdecked/twemoji",https://github.com/jdecked/twemoji,external,,,external (not checked live),n/a — external,,
Cycle 12,Cycle 12 — Meiosis (Unit 3),"▶ LIVE — Cycle 12 — The Process of Meiosis (VT deck, rebuilt).pptx",1,TEACHER REFERENCE — not projected to students,printed,Snurfle Meiosis and Genetics (BioMan Biology) — https://biomanbio.com/HTML5GamesandLabs/Genegames/snurflemeiosishtml5page.html,https://biomanbio.com/HTML5GamesandLabs/Genegames/snurflemeiosishtml5page.html,external,,,external (not checked live),n/a — external,,
Cycle 12,Cycle 12 — Meiosis (Unit 3),"▶ LIVE — Cycle 12 — The Process of Meiosis (VT deck, rebuilt).pptx",1,TEACHER REFERENCE — not projected to students,printed,Crossing over — explanatory video — https://youtu.be/4YfDq8rPDdM,https://youtu.be/4YfDq8rPDdM,external,,,external (not checked live),n/a — external,,
Cycle 12,Cycle 12 — Meiosis (Unit 3),"▶ LIVE — Cycle 12 — The Process of Meiosis (VT deck, rebuilt).pptx",1,TEACHER REFERENCE — not projected to students,printed,Independent assortment — explanatory video — https://youtu.be/f5BivyJ2GJc,https://youtu.be/f5BivyJ2GJc,external,,,external (not checked live),n/a — external,,
Cycle 12,Cycle 12 — Meiosis (Unit 3),"▶ LIVE — Cycle 12 — The Process of Meiosis (VT deck, rebuilt).pptx",2,TEACHER REFERENCE,printed+run,https://www.amazon.com/Amazon-Basics-Binder-Paper-Clip/dp/B074XTRX7G,https://www.amazon.com/Amazon-Basics-Binder-Paper-Clip/dp/B074XTRX7G,external,,,external (not checked live),n/a — external,,
Cycle 12,Cycle 12 — Meiosis (Unit 3),"▶ LIVE — Cycle 12 — The Process of Meiosis (VT deck, rebuilt).pptx",2,TEACHER REFERENCE,printed+run,https://www.amazon.com/Neo-Sci-5-Hole-Bead-White/dp/B00FGE3VAQ,https://www.amazon.com/Neo-Sci-5-Hole-Bead-White/dp/B00FGE3VAQ,external,,,external (not checked live),n/a — external,,
Cycle 12,Cycle 12 — Meiosis (Unit 3),"▶ LIVE — Cycle 12 — The Process of Meiosis (VT deck, rebuilt).pptx",4,Bellringer,run,CK-12 Biology 2.36 — Meiosis,https://flexbooks.ck12.org/cbook/ck-12-biology-flexbook-2.0/section/2.36/primary/lesson/meiosis-bio/,external,,,external (not checked live),n/a — external,,
Cycle 12,Cycle 12 — Meiosis (Unit 3),"▶ LIVE — Cycle 12 — The Process of Meiosis (VT deck, rebuilt).pptx",4,Bellringer,run,Khan Academy — Meiosis (Reproduction and cell division),https://www.khanacademy.org/science/high-school-biology/hs-reproduction-and-cell-division/hs-meiosis,external,,,external (not checked live),n/a — external,,
Cycle 12,Cycle 12 — Meiosis (Unit 3),"▶ LIVE — Cycle 12 — The Process of Meiosis (VT deck, rebuilt).pptx",25,Day 2 activity · Critical Aspect 2,run,Optional station: Snurfle Meiosis and Genetics (BioMan),https://biomanbio.com/HTML5GamesandLabs/Genegames/snurflemeiosishtml5page.html,external,,,external (not checked live),n/a — external,,
Cycle 12,Cycle 12 — Meiosis (Unit 3),"▶ LIVE — Cycle 12 — The Process of Meiosis (VT deck, rebuilt).pptx",27,Optional challenge,run,Background for this one: Independent assortment — explanatory video,https://youtu.be/f5BivyJ2GJc,external,,,external (not checked live),n/a — external,,
Cycle 12,Cycle 12 — Meiosis (Unit 3),"▶ LIVE — Cycle 12 — The Process of Meiosis (VT deck, rebuilt).pptx",30,Activity and resource links,printed+run,https://biomanbio.com/HTML5GamesandLabs/Genegames/snurflemeiosishtml5page.html,https://biomanbio.com/HTML5GamesandLabs/Genegames/snurflemeiosishtml5page.html,external,,,external (not checked live),n/a — external,,
Cycle 12,Cycle 12 — Meiosis (Unit 3),"▶ LIVE — Cycle 12 — The Process of Meiosis (VT deck, rebuilt).pptx",30,Activity and resource links,printed+run,https://flexbooks.ck12.org/cbook/ck-12-biology-flexbook-2.0/section/2.36/primary/lesson/meiosis-bio/,https://flexbooks.ck12.org/cbook/ck-12-biology-flexbook-2.0/section/2.36/primary/lesson/meiosis-bio/,external,,,external (not checked live),n/a — external,,
Cycle 12,Cycle 12 — Meiosis (Unit 3),"▶ LIVE — Cycle 12 — The Process of Meiosis (VT deck, rebuilt).pptx",30,Activity and resource links,printed+run,"Teacher prep (Slide 2) — Amazon Basics small binder clips · ¾ in, boxed",https://www.amazon.com/Amazon-Basics-Binder-Paper-Clip/dp/B074XTRX7G,external,,,external (not checked live),n/a — external,,
Cycle 12,Cycle 12 — Meiosis (Unit 3),"▶ LIVE — Cycle 12 — The Process of Meiosis (VT deck, rebuilt).pptx",30,Activity and resource links,printed+run,"Teacher prep (Slide 2) — NeoSci DNA 5-hole pop beads · Amazon, pick 2 solid colors",https://www.amazon.com/Neo-Sci-5-Hole-Bead-White/dp/B00FGE3VAQ,external,,,external (not checked live),n/a — external,,
Cycle 12,Cycle 12 — Meiosis (Unit 3),"▶ LIVE — Cycle 12 — The Process of Meiosis (VT deck, rebuilt).pptx",30,Activity and resource links,printed+run,https://www.khanacademy.org/science/high-school-biology/hs-reproduction-and-cell-division/hs-meiosis,https://www.khanacademy.org/science/high-school-biology/hs-reproduction-and-cell-division/hs-meiosis,external,,,external (not checked live),n/a — external,,
Cycle 12,Cycle 12 — Meiosis (Unit 3),"▶ LIVE — Cycle 12 — The Process of Meiosis (VT deck, rebuilt).pptx",30,Activity and resource links,printed+run,Crossing over — explanatory video,https://youtu.be/4YfDq8rPDdM,external,,,external (not checked live),n/a — external,,
Cycle 12,Cycle 12 — Meiosis (Unit 3),"▶ LIVE — Cycle 12 — The Process of Meiosis (VT deck, rebuilt).pptx",30,Activity and resource links,printed+run,"Independent assortment — explanatory video (Day 2, and the optional challenge)",https://youtu.be/f5BivyJ2GJc,external,,,external (not checked live),n/a — external,,
Cycle 12,Cycle 12 — Meiosis (Unit 3),"▶ LIVE — Cycle 12 — The Process of Meiosis (VT deck, rebuilt).pptx",31,Image credits,printed,"Slide 11, Case A — Meiosis 1- Cytokinesis · Jerine Victor · CC BY-SA 4.0 · https://commons.wikimedia.org/w/index.php?curid=122762373",https://commons.wikimedia.org/w/index.php?curid=122762373,external,,,external (not checked live),n/a — external,,
Cycle 12,Cycle 12 — Meiosis (Unit 3),"▶ LIVE — Cycle 12 — The Process of Meiosis (VT deck, rebuilt).pptx",31,Image credits,printed,"Slide 11, Case B — Meiosis 2- Cytokinesis · Jerine Victor · CC BY-SA 4.0 · https://commons.wikimedia.org/w/index.php?curid=122762381",https://commons.wikimedia.org/w/index.php?curid=122762381,external,,,external (not checked live),n/a — external,,
Cycle 12,Cycle 12 — Meiosis (Unit 3),"▶ LIVE — Cycle 12 — The Process of Meiosis (VT deck, rebuilt).pptx",31,Image credits,printed,Slide 7 — Meiosis main steps · Peter coxhead · CC0 · https://commons.wikimedia.org/w/index.php?curid=28946016,https://commons.wikimedia.org/w/index.php?curid=28946016,external,,,external (not checked live),n/a — external,,
Cycle 12,Cycle 12 — Meiosis (Unit 3),"▶ LIVE — Cycle 12 — The Process of Meiosis (VT deck, rebuilt).pptx",31,Image credits,printed,Slide 6 — Human karyogram · AGeremia · CC BY-SA 3.0 · https://commons.wikimedia.org/w/index.php?curid=37184677,https://commons.wikimedia.org/w/index.php?curid=37184677,external,,,external (not checked live),n/a — external,,
Cycle 12,Cycle 12 — Meiosis (Unit 3),"▶ LIVE — Cycle 12 — The Process of Meiosis (VT deck, rebuilt).pptx",31,Image credits,printed,Slide 6 — Spermazoo karyogram · AGeremia · CC BY-SA 3.0 · https://commons.wikimedia.org/w/index.php?curid=37356464,https://commons.wikimedia.org/w/index.php?curid=37356464,external,,,external (not checked live),n/a — external,,
Cycle 12,Cycle 12 — Meiosis (Unit 3),"▶ LIVE — Cycle 12 — The Process of Meiosis (VT deck, rebuilt).pptx",31,Image credits,printed,Slide 20 — Meiosis Overview new · Rdbickel · CC BY-SA 4.0 · https://commons.wikimedia.org/w/index.php?curid=49599354,https://commons.wikimedia.org/w/index.php?curid=49599354,external,,,external (not checked live),n/a — external,,
Cycle 12,Cycle 12 — Meiosis (Unit 3),"▶ LIVE — Cycle 12 — The Process of Meiosis (VT deck, rebuilt).pptx",31,Image credits,printed,Slide 8 — Meiosis Stages (Meiosis I detail) · Ali Zifan · CC BY-SA 4.0 · https://commons.wikimedia.org/w/index.php?curid=49630204,https://commons.wikimedia.org/w/index.php?curid=49630204,external,,,external (not checked live),n/a — external,,
Cycle 12,Cycle 12 — Meiosis (Unit 3),"▶ LIVE — Cycle 12 — The Process of Meiosis (VT deck, rebuilt).pptx",31,Image credits,printed,"Slide 19, Case A — Synapsis and Crossing Over (no labels) · Christinelmiller · CC BY-SA 4.0 · https://commons.wikimedia.org/w/index.php?curid=98594941",https://commons.wikimedia.org/w/index.php?curid=98594941,external,,,external (not checked live),n/a — external,,
Cycle 12,Cycle 12 — Meiosis (Unit 3),"▶ LIVE — Cycle 12 — The Process of Meiosis (VT deck, rebuilt).pptx",31,Image credits,printed,"Slide 19, Case B — Independent assortment · Christinelmiller · CC BY-SA 4.0 · https://commons.wikimedia.org/w/index.php?curid=98598970",https://commons.wikimedia.org/w/index.php?curid=98598970,external,,,external (not checked live),n/a — external,,
Cycle 12,Cycle 12 — Meiosis (Unit 3),"▶ LIVE — Cycle 12 — The Process of Meiosis (VT deck, rebuilt).pptx",31,Image credits,printed,"Icons: Twemoji by X/Twitter, CC BY 4.0 — https://github.com/jdecked/twemoji",https://github.com/jdecked/twemoji,external,,,external (not checked live),n/a — external,,
Cycle 13,Cycle 13 — Mendelian Genetics (Unit 3),▶ LIVE — Cycle 13— Mendelian Genetics — with Concept Bank.pptx,1,TEACHER REFERENCE — not projected to students,printed,Gizmo: Mouse Genetics (One Trait) (ExploreLearning — subscription) — https://gizmos.explorelearning.com/find-gizmos/lesson-info?resourceId=449,https://gizmos.explorelearning.com/find-gizmos/lesson-info?resourceId=449,external,,,external (not checked live),n/a — external,,
Cycle 13,Cycle 13 — Mendelian Genetics (Unit 3),▶ LIVE — Cycle 13— Mendelian Genetics — with Concept Bank.pptx,1,TEACHER REFERENCE — not projected to students,printed,Learn.Genetics — Observable Human Characteristics — https://learn.genetics.utah.edu/content/basics/observable/,https://learn.genetics.utah.edu/content/basics/observable/,external,,,external (not checked live),n/a — external,,
Cycle 13,Cycle 13 — Mendelian Genetics (Unit 3),▶ LIVE — Cycle 13— Mendelian Genetics — with Concept Bank.pptx,1,TEACHER REFERENCE — not projected to students,printed,Learn.Genetics — What are Dominant and Recessive? — https://learn.genetics.utah.edu/content/basics/patterns/,https://learn.genetics.utah.edu/content/basics/patterns/,external,,,external (not checked live),n/a — external,,
Cycle 13,Cycle 13 — Mendelian Genetics (Unit 3),▶ LIVE — Cycle 13— Mendelian Genetics — with Concept Bank.pptx,1,TEACHER REFERENCE — not projected to students,printed,Amoeba Sisters — Punnett Squares and Sex-Linked Traits (UPDATED) — https://www.youtube.com/watch?v=dN9SZHO6Wjg,https://www.youtube.com/watch?v=dN9SZHO6Wjg,external,,,external (not checked live),n/a — external,,
Cycle 13,Cycle 13 — Mendelian Genetics (Unit 3),▶ LIVE — Cycle 13— Mendelian Genetics — with Concept Bank.pptx,4,Bellringer,run,"Play a few rounds of Snurfle: move alleles into gametes, then make offspring. Notice you only pass ONE allele at a time.",https://biomanbio.com/HTML5GamesandLabs/Genegames/snurflemeiosishtml5page.html,external,,,external (not checked live),n/a — external,,
Cycle 13,Cycle 13 — Mendelian Genetics (Unit 3),▶ LIVE — Cycle 13— Mendelian Genetics — with Concept Bank.pptx,4,Bellringer,run,CK-12 Biology 3.4 — Mendel’s Laws and Genetics,https://flexbooks.ck12.org/cbook/ck-12-biology-flexbook-2.0/section/3.4/primary/lesson/mendels-laws-and-genetics-bio/,external,,,external (not checked live),n/a — external,,
Cycle 13,Cycle 13 — Mendelian Genetics (Unit 3),▶ LIVE — Cycle 13— Mendelian Genetics — with Concept Bank.pptx,4,Bellringer,run,Khan Academy — Classical genetics (unit),https://www.khanacademy.org/science/high-school-biology/hs-classical-genetics,external,,,external (not checked live),n/a — external,,
Cycle 13,Cycle 13 — Mendelian Genetics (Unit 3),▶ LIVE — Cycle 13— Mendelian Genetics — with Concept Bank.pptx,15,Day 1 activity · Critical Aspect 1,run,"Open: Practice with Punnett Squares (Teach.Genetics, University of Utah)",https://teach.genetics.utah.edu/content/change/practice-with-punnett-squares/,external,,,external (not checked live),n/a — external,,
Cycle 13,Cycle 13 — Mendelian Genetics (Unit 3),▶ LIVE — Cycle 13— Mendelian Genetics — with Concept Bank.pptx,24,Day 2 activity · Critical Aspect 2,run,"Open: Snurfle Meiosis & Genetics — watch alleles separate into gametes, then combine",https://biomanbio.com/HTML5GamesandLabs/Genegames/snurflemeiosishtml5page.html,external,,,external (not checked live),n/a — external,,
Cycle 13,Cycle 13 — Mendelian Genetics (Unit 3),▶ LIVE — Cycle 13— Mendelian Genetics — with Concept Bank.pptx,24,Day 2 activity · Critical Aspect 2,printed+run,https://docs.google.com/spreadsheets/d/1J5MTCCkc7sTscbE-JBgbbwFpfss7lv0IyySCA-72TrY/edit?usp=sharing,https://docs.google.com/spreadsheets/d/1J5MTCCkc7sTscbE-JBgbbwFpfss7lv0IyySCA-72TrY/edit?usp=sharing,gsheet/edit,1J5MTCCkc7sTscbE-JBgbbwFpfss7lv0IyySCA-72TrY,44,OK — file found,kvd@answerableteaching.com : My Drive/BIOLOGY (Shared)/Cycle 13 — Mendelian Genetics (Unit 3),,
Cycle 13,Cycle 13 — Mendelian Genetics (Unit 3),▶ LIVE — Cycle 13— Mendelian Genetics — with Concept Bank.pptx,24,Day 2 activity · Critical Aspect 2,printed+run,Class ratio grapher — Desmos (1:2:1 prediction),https://www.desmos.com/calculator/7c4ac4cd53,external,,,external (not checked live),n/a — external,,
Cycle 13,Cycle 13 — Mendelian Genetics (Unit 3),▶ LIVE — Cycle 13— Mendelian Genetics — with Concept Bank.pptx,26,Optional challenge,run,Open: Analyzing Pedigrees (HHMI BioInteractive),https://www.biointeractive.org/classroom-resources/analyzing-pedigrees-0,external,,,external (not checked live),n/a — external,,
Cycle 13,Cycle 13 — Mendelian Genetics (Unit 3),▶ LIVE — Cycle 13— Mendelian Genetics — with Concept Bank.pptx,27,Optional challenge,run,"Background — Practice with Punnett Squares (Teach.Genetics, University of Utah)",https://teach.genetics.utah.edu/content/change/practice-with-punnett-squares/,external,,,external (not checked live),n/a — external,,
Cycle 13,Cycle 13 — Mendelian Genetics (Unit 3),▶ LIVE — Cycle 13— Mendelian Genetics — with Concept Bank.pptx,29,CONCEPT BANK,run,CK-12 Biology 3.4 — Mendel’s Laws and Genetics,https://flexbooks.ck12.org/cbook/ck-12-biology-flexbook-2.0/section/3.4/primary/lesson/mendels-laws-and-genetics-bio/,external,,,external (not checked live),n/a — external,,
Cycle 13,Cycle 13 — Mendelian Genetics (Unit 3),▶ LIVE — Cycle 13— Mendelian Genetics — with Concept Bank.pptx,29,CONCEPT BANK,run,Khan Academy — Classical genetics (unit),https://www.khanacademy.org/science/high-school-biology/hs-classical-genetics,external,,,external (not checked live),n/a — external,,
Cycle 13,Cycle 13 — Mendelian Genetics (Unit 3),▶ LIVE — Cycle 13— Mendelian Genetics — with Concept Bank.pptx,32,Activity and resource links,printed+run,https://biomanbio.com/HTML5GamesandLabs/Genegames/snurflemeiosishtml5page.html,https://biomanbio.com/HTML5GamesandLabs/Genegames/snurflemeiosishtml5page.html,external,,,external (not checked live),n/a — external,,
Cycle 13,Cycle 13 — Mendelian Genetics (Unit 3),▶ LIVE — Cycle 13— Mendelian Genetics — with Concept Bank.pptx,32,Activity and resource links,printed+run,https://docs.google.com/spreadsheets/d/1J5MTCCkc7sTscbE-JBgbbwFpfss7lv0IyySCA-72TrY/edit?usp=sharing,https://docs.google.com/spreadsheets/d/1J5MTCCkc7sTscbE-JBgbbwFpfss7lv0IyySCA-72TrY/edit?usp=sharing,gsheet/edit,1J5MTCCkc7sTscbE-JBgbbwFpfss7lv0IyySCA-72TrY,44,OK — file found,kvd@answerableteaching.com : My Drive/BIOLOGY (Shared)/Cycle 13 — Mendelian Genetics (Unit 3),,
Cycle 13,Cycle 13 — Mendelian Genetics (Unit 3),▶ LIVE — Cycle 13— Mendelian Genetics — with Concept Bank.pptx,32,Activity and resource links,printed+run,https://flexbooks.ck12.org/cbook/ck-12-biology-flexbook-2.0/section/3.4/primary/lesson/mendels-laws-and-genetics-bio/,https://flexbooks.ck12.org/cbook/ck-12-biology-flexbook-2.0/section/3.4/primary/lesson/mendels-laws-and-genetics-bio/,external,,,external (not checked live),n/a — external,,
Cycle 13,Cycle 13 — Mendelian Genetics (Unit 3),▶ LIVE — Cycle 13— Mendelian Genetics — with Concept Bank.pptx,32,Activity and resource links,printed+run,https://teach.genetics.utah.edu/content/change/practice-with-punnett-squares/,https://teach.genetics.utah.edu/content/change/practice-with-punnett-squares/,external,,,external (not checked live),n/a — external,,
Cycle 13,Cycle 13 — Mendelian Genetics (Unit 3),▶ LIVE — Cycle 13— Mendelian Genetics — with Concept Bank.pptx,32,Activity and resource links,printed+run,https://www.biointeractive.org/classroom-resources/analyzing-pedigrees-0,https://www.biointeractive.org/classroom-resources/analyzing-pedigrees-0,external,,,external (not checked live),n/a — external,,
Cycle 13,Cycle 13 — Mendelian Genetics (Unit 3),▶ LIVE — Cycle 13— Mendelian Genetics — with Concept Bank.pptx,32,Activity and resource links,printed+run,Class ratio grapher — Desmos (1:2:1 prediction),https://www.desmos.com/calculator/7c4ac4cd53,external,,,external (not checked live),n/a — external,,
Cycle 13,Cycle 13 — Mendelian Genetics (Unit 3),▶ LIVE — Cycle 13— Mendelian Genetics — with Concept Bank.pptx,32,Activity and resource links,printed+run,https://www.khanacademy.org/science/high-school-biology/hs-classical-genetics,https://www.khanacademy.org/science/high-school-biology/hs-classical-genetics,external,,,external (not checked live),n/a — external,,
Cycle 13,Cycle 13 — Mendelian Genetics (Unit 3),▶ LIVE — Cycle 13— Mendelian Genetics — with Concept Bank.pptx,33,Image credits,printed,"Slide 19, Case A — Punnett square mendel flowers.svg · Madprime · CC BY-SA 3.0 · https://commons.wikimedia.org/w/index.php?curid=2063426",https://commons.wikimedia.org/w/index.php?curid=2063426,external,,,external (not checked live),n/a — external,,
Cycle 13,Cycle 13 — Mendelian Genetics (Unit 3),▶ LIVE — Cycle 13— Mendelian Genetics — with Concept Bank.pptx,33,Image credits,printed,"Slide 9, Case A — Eflatun ve bordo 1.JPG · Vikiçizer · CC BY-SA 4.0 · https://commons.wikimedia.org/w/index.php?curid=39792977",https://commons.wikimedia.org/w/index.php?curid=39792977,external,,,external (not checked live),n/a — external,,
Cycle 13,Cycle 13 — Mendelian Genetics (Unit 3),▶ LIVE — Cycle 13— Mendelian Genetics — with Concept Bank.pptx,33,Image credits,printed,"Slide 9, Case B — Eflatun ve bordo.JPG · Vikiçizer · CC BY-SA 4.0 · https://commons.wikimedia.org/w/index.php?curid=39792978",https://commons.wikimedia.org/w/index.php?curid=39792978,external,,,external (not checked live),n/a — external,,
Cycle 13,Cycle 13 — Mendelian Genetics (Unit 3),▶ LIVE — Cycle 13— Mendelian Genetics — with Concept Bank.pptx,33,Image credits,printed,"Slide 19, Case B — -2020-06-04 Garden pea plants (Pisum sativum), Trimingham.JPG · unknown · CC BY-SA 4.0 · https://commons.wikimedia.org/w/index.php?curid=90957035",https://commons.wikimedia.org/w/index.php?curid=90957035,external,,,external (not checked live),n/a — external,,
Cycle 13,Cycle 13 — Mendelian Genetics (Unit 3),▶ LIVE — Cycle 13— Mendelian Genetics — with Concept Bank.pptx,33,Image credits,printed,"Icons: Twemoji by X/Twitter, CC BY 4.0 — https://github.com/jdecked/twemoji",https://github.com/jdecked/twemoji,external,,,external (not checked live),n/a — external,,
Cycle 13,Cycle 13 — Mendelian Genetics (Unit 3),▶ LIVE — Cycle 13— Mendelian Genetics.pptx,1,TEACHER REFERENCE — not projected to students,printed,Gizmo: Mouse Genetics (One Trait) (ExploreLearning — subscription) — https://gizmos.explorelearning.com/find-gizmos/lesson-info?resourceId=449,https://gizmos.explorelearning.com/find-gizmos/lesson-info?resourceId=449,external,,,external (not checked live),n/a — external,,
Cycle 13,Cycle 13 — Mendelian Genetics (Unit 3),▶ LIVE — Cycle 13— Mendelian Genetics.pptx,1,TEACHER REFERENCE — not projected to students,printed,Learn.Genetics — Observable Human Characteristics — https://learn.genetics.utah.edu/content/basics/observable/,https://learn.genetics.utah.edu/content/basics/observable/,external,,,external (not checked live),n/a — external,,
Cycle 13,Cycle 13 — Mendelian Genetics (Unit 3),▶ LIVE — Cycle 13— Mendelian Genetics.pptx,1,TEACHER REFERENCE — not projected to students,printed,Learn.Genetics — What are Dominant and Recessive? — https://learn.genetics.utah.edu/content/basics/patterns/,https://learn.genetics.utah.edu/content/basics/patterns/,external,,,external (not checked live),n/a — external,,
Cycle 13,Cycle 13 — Mendelian Genetics (Unit 3),▶ LIVE — Cycle 13— Mendelian Genetics.pptx,1,TEACHER REFERENCE — not projected to students,printed,Amoeba Sisters — Punnett Squares and Sex-Linked Traits (UPDATED) — https://www.youtube.com/watch?v=dN9SZHO6Wjg,https://www.youtube.com/watch?v=dN9SZHO6Wjg,external,,,external (not checked live),n/a — external,,
Cycle 13,Cycle 13 — Mendelian Genetics (Unit 3),▶ LIVE — Cycle 13— Mendelian Genetics.pptx,4,Bellringer,run,"Play a few rounds of Snurfle: move alleles into gametes, then make offspring. Notice you only pass ONE allele at a time.",https://biomanbio.com/HTML5GamesandLabs/Genegames/snurflemeiosishtml5page.html,external,,,external (not checked live),n/a — external,,
Cycle 13,Cycle 13 — Mendelian Genetics (Unit 3),▶ LIVE — Cycle 13— Mendelian Genetics.pptx,4,Bellringer,run,CK-12 Biology 3.4 — Mendel’s Laws and Genetics,https://flexbooks.ck12.org/cbook/ck-12-biology-flexbook-2.0/section/3.4/primary/lesson/mendels-laws-and-genetics-bio/,external,,,external (not checked live),n/a — external,,
Cycle 13,Cycle 13 — Mendelian Genetics (Unit 3),▶ LIVE — Cycle 13— Mendelian Genetics.pptx,4,Bellringer,run,Khan Academy — Classical genetics (unit),https://www.khanacademy.org/science/high-school-biology/hs-classical-genetics,external,,,external (not checked live),n/a — external,,
Cycle 13,Cycle 13 — Mendelian Genetics (Unit 3),▶ LIVE — Cycle 13— Mendelian Genetics.pptx,15,Day 1 activity · Critical Aspect 1,run,"Open: Practice with Punnett Squares (Teach.Genetics, University of Utah)",https://teach.genetics.utah.edu/content/change/practice-with-punnett-squares/,external,,,external (not checked live),n/a — external,,
Cycle 13,Cycle 13 — Mendelian Genetics (Unit 3),▶ LIVE — Cycle 13— Mendelian Genetics.pptx,24,Day 2 activity · Critical Aspect 2,run,"Open: Snurfle Meiosis & Genetics — watch alleles separate into gametes, then combine",https://biomanbio.com/HTML5GamesandLabs/Genegames/snurflemeiosishtml5page.html,external,,,external (not checked live),n/a — external,,
Cycle 13,Cycle 13 — Mendelian Genetics (Unit 3),▶ LIVE — Cycle 13— Mendelian Genetics.pptx,24,Day 2 activity · Critical Aspect 2,printed+run,https://docs.google.com/spreadsheets/d/1J5MTCCkc7sTscbE-JBgbbwFpfss7lv0IyySCA-72TrY/edit?usp=sharing,https://docs.google.com/spreadsheets/d/1J5MTCCkc7sTscbE-JBgbbwFpfss7lv0IyySCA-72TrY/edit?usp=sharing,gsheet/edit,1J5MTCCkc7sTscbE-JBgbbwFpfss7lv0IyySCA-72TrY,44,OK — file found,kvd@answerableteaching.com : My Drive/BIOLOGY (Shared)/Cycle 13 — Mendelian Genetics (Unit 3),,
Cycle 13,Cycle 13 — Mendelian Genetics (Unit 3),▶ LIVE — Cycle 13— Mendelian Genetics.pptx,24,Day 2 activity · Critical Aspect 2,printed+run,Class ratio grapher — Desmos (1:2:1 prediction),https://www.desmos.com/calculator/7c4ac4cd53,external,,,external (not checked live),n/a — external,,
Cycle 13,Cycle 13 — Mendelian Genetics (Unit 3),▶ LIVE — Cycle 13— Mendelian Genetics.pptx,26,Optional challenge,run,Open: Analyzing Pedigrees (HHMI BioInteractive),https://www.biointeractive.org/classroom-resources/analyzing-pedigrees-0,external,,,external (not checked live),n/a — external,,
Cycle 13,Cycle 13 — Mendelian Genetics (Unit 3),▶ LIVE — Cycle 13— Mendelian Genetics.pptx,27,Optional challenge,run,"Background — Practice with Punnett Squares (Teach.Genetics, University of Utah)",https://teach.genetics.utah.edu/content/change/practice-with-punnett-squares/,external,,,external (not checked live),n/a — external,,
Cycle 13,Cycle 13 — Mendelian Genetics (Unit 3),▶ LIVE — Cycle 13— Mendelian Genetics.pptx,31,Activity and resource links,printed+run,https://biomanbio.com/HTML5GamesandLabs/Genegames/snurflemeiosishtml5page.html,https://biomanbio.com/HTML5GamesandLabs/Genegames/snurflemeiosishtml5page.html,external,,,external (not checked live),n/a — external,,
Cycle 13,Cycle 13 — Mendelian Genetics (Unit 3),▶ LIVE — Cycle 13— Mendelian Genetics.pptx,31,Activity and resource links,printed+run,https://docs.google.com/spreadsheets/d/1J5MTCCkc7sTscbE-JBgbbwFpfss7lv0IyySCA-72TrY/edit?usp=sharing,https://docs.google.com/spreadsheets/d/1J5MTCCkc7sTscbE-JBgbbwFpfss7lv0IyySCA-72TrY/edit?usp=sharing,gsheet/edit,1J5MTCCkc7sTscbE-JBgbbwFpfss7lv0IyySCA-72TrY,44,OK — file found,kvd@answerableteaching.com : My Drive/BIOLOGY (Shared)/Cycle 13 — Mendelian Genetics (Unit 3),,
Cycle 13,Cycle 13 — Mendelian Genetics (Unit 3),▶ LIVE — Cycle 13— Mendelian Genetics.pptx,31,Activity and resource links,printed+run,https://flexbooks.ck12.org/cbook/ck-12-biology-flexbook-2.0/section/3.4/primary/lesson/mendels-laws-and-genetics-bio/,https://flexbooks.ck12.org/cbook/ck-12-biology-flexbook-2.0/section/3.4/primary/lesson/mendels-laws-and-genetics-bio/,external,,,external (not checked live),n/a — external,,
Cycle 13,Cycle 13 — Mendelian Genetics (Unit 3),▶ LIVE — Cycle 13— Mendelian Genetics.pptx,31,Activity and resource links,printed+run,https://teach.genetics.utah.edu/content/change/practice-with-punnett-squares/,https://teach.genetics.utah.edu/content/change/practice-with-punnett-squares/,external,,,external (not checked live),n/a — external,,
Cycle 13,Cycle 13 — Mendelian Genetics (Unit 3),▶ LIVE — Cycle 13— Mendelian Genetics.pptx,31,Activity and resource links,printed+run,https://www.biointeractive.org/classroom-resources/analyzing-pedigrees-0,https://www.biointeractive.org/classroom-resources/analyzing-pedigrees-0,external,,,external (not checked live),n/a — external,,
Cycle 13,Cycle 13 — Mendelian Genetics (Unit 3),▶ LIVE — Cycle 13— Mendelian Genetics.pptx,31,Activity and resource links,printed+run,Class ratio grapher — Desmos (1:2:1 prediction),https://www.desmos.com/calculator/7c4ac4cd53,external,,,external (not checked live),n/a — external,,
Cycle 13,Cycle 13 — Mendelian Genetics (Unit 3),▶ LIVE — Cycle 13— Mendelian Genetics.pptx,31,Activity and resource links,printed+run,https://www.khanacademy.org/science/high-school-biology/hs-classical-genetics,https://www.khanacademy.org/science/high-school-biology/hs-classical-genetics,external,,,external (not checked live),n/a — external,,
Cycle 13,Cycle 13 — Mendelian Genetics (Unit 3),▶ LIVE — Cycle 13— Mendelian Genetics.pptx,32,Image credits,printed,"Slide 19, Case A — Punnett square mendel flowers.svg · Madprime · CC BY-SA 3.0 · https://commons.wikimedia.org/w/index.php?curid=2063426",https://commons.wikimedia.org/w/index.php?curid=2063426,external,,,external (not checked live),n/a — external,,
Cycle 13,Cycle 13 — Mendelian Genetics (Unit 3),▶ LIVE — Cycle 13— Mendelian Genetics.pptx,32,Image credits,printed,"Slide 9, Case A — Eflatun ve bordo 1.JPG · Vikiçizer · CC BY-SA 4.0 · https://commons.wikimedia.org/w/index.php?curid=39792977",https://commons.wikimedia.org/w/index.php?curid=39792977,external,,,external (not checked live),n/a — external,,
Cycle 13,Cycle 13 — Mendelian Genetics (Unit 3),▶ LIVE — Cycle 13— Mendelian Genetics.pptx,32,Image credits,printed,"Slide 9, Case B — Eflatun ve bordo.JPG · Vikiçizer · CC BY-SA 4.0 · https://commons.wikimedia.org/w/index.php?curid=39792978",https://commons.wikimedia.org/w/index.php?curid=39792978,external,,,external (not checked live),n/a — external,,
Cycle 13,Cycle 13 — Mendelian Genetics (Unit 3),▶ LIVE — Cycle 13— Mendelian Genetics.pptx,32,Image credits,printed,"Slide 19, Case B — -2020-06-04 Garden pea plants (Pisum sativum), Trimingham.JPG · unknown · CC BY-SA 4.0 · https://commons.wikimedia.org/w/index.php?curid=90957035",https://commons.wikimedia.org/w/index.php?curid=90957035,external,,,external (not checked live),n/a — external,,
Cycle 13,Cycle 13 — Mendelian Genetics (Unit 3),▶ LIVE — Cycle 13— Mendelian Genetics.pptx,32,Image credits,printed,"Icons: Twemoji by X/Twitter, CC BY 4.0 — https://github.com/jdecked/twemoji",https://github.com/jdecked/twemoji,external,,,external (not checked live),n/a — external,,
Cycle 14,Cycle 14 — DNA Structure & Replication (Unit 3),▶ LIVE — Cycle 14 — DNA Structure & Replication — with Concept Bank.pptx,1,TEACHER REFERENCE — not projected to students,printed,Gizmo: Building DNA (ExploreLearning — subscription) — https://gizmos.explorelearning.com/find-gizmos/lesson-info?resourceId=439,https://gizmos.explorelearning.com/find-gizmos/lesson-info?resourceId=439,external,,,external (not checked live),n/a — external,,
Cycle 14,Cycle 14 — DNA Structure & Replication (Unit 3),▶ LIVE — Cycle 14 — DNA Structure & Replication — with Concept Bank.pptx,1,TEACHER REFERENCE — not projected to students,printed,Learn.Genetics — What is DNA? — https://learn.genetics.utah.edu/content/basics/dna/,https://learn.genetics.utah.edu/content/basics/dna/,external,,,external (not checked live),n/a — external,,
Cycle 14,Cycle 14 — DNA Structure & Replication (Unit 3),▶ LIVE — Cycle 14 — DNA Structure & Replication — with Concept Bank.pptx,1,TEACHER REFERENCE — not projected to students,printed,HHMI BioInteractive — DNA Replication (Basic Detail) — https://www.biointeractive.org/classroom-resources/dna-replication-basic-detail,https://www.biointeractive.org/classroom-resources/dna-replication-basic-detail,external,,,external (not checked live),n/a — external,,
Cycle 14,Cycle 14 — DNA Structure & Replication (Unit 3),▶ LIVE — Cycle 14 — DNA Structure & Replication — with Concept Bank.pptx,1,TEACHER REFERENCE — not projected to students,printed,Amoeba Sisters — DNA Replication (Updated) — https://www.youtube.com/watch?v=Qqe4thU-os8,https://www.youtube.com/watch?v=Qqe4thU-os8,external,,,external (not checked live),n/a — external,,
Cycle 14,Cycle 14 — DNA Structure & Replication (Unit 3),▶ LIVE — Cycle 14 — DNA Structure & Replication — with Concept Bank.pptx,4,Bellringer,run,CK-12 Biology 4.3 — DNA Structure and Replication,https://flexbooks.ck12.org/cbook/ck-12-biology-flexbook-2.0/section/4.3/primary/lesson/dna-structure-and-replication-bio/,external,,,external (not checked live),n/a — external,,
Cycle 14,Cycle 14 — DNA Structure & Replication (Unit 3),▶ LIVE — Cycle 14 — DNA Structure & Replication — with Concept Bank.pptx,4,Bellringer,run,Build a DNA molecule and see which pieces lock together.,https://learn.genetics.utah.edu/content/basics/builddna/,external,,,external (not checked live),n/a — external,,
Cycle 14,Cycle 14 — DNA Structure & Replication (Unit 3),▶ LIVE — Cycle 14 — DNA Structure & Replication — with Concept Bank.pptx,4,Bellringer,run,Khan Academy — Molecular genetics (unit),https://www.khanacademy.org/science/high-school-biology/hs-molecular-genetics,external,,,external (not checked live),n/a — external,,
Cycle 14,Cycle 14 — DNA Structure & Replication (Unit 3),▶ LIVE — Cycle 14 — DNA Structure & Replication — with Concept Bank.pptx,24,Day 2 activity · Critical Aspect 2,printed+run,https://biomanbio.com/HTML5GamesandLabs/LifeChemgames/replicationinteractivepage.html,https://biomanbio.com/HTML5GamesandLabs/LifeChemgames/replicationinteractivepage.html,external,,,external (not checked live),n/a — external,,
Cycle 14,Cycle 14 — DNA Structure & Replication (Unit 3),▶ LIVE — Cycle 14 — DNA Structure & Replication — with Concept Bank.pptx,24,Day 2 activity · Critical Aspect 2,printed+run,https://gizmos.explorelearning.com/find-gizmos/lesson-info?resourceId=439,https://gizmos.explorelearning.com/find-gizmos/lesson-info?resourceId=439,external,,,external (not checked live),n/a — external,,
Cycle 14,Cycle 14 — DNA Structure & Replication (Unit 3),▶ LIVE — Cycle 14 — DNA Structure & Replication — with Concept Bank.pptx,27,Optional challenge,run,"Background — Build a DNA Molecule (Learn.Genetics, University of Utah)",https://learn.genetics.utah.edu/content/basics/builddna/,external,,,external (not checked live),n/a — external,,
Cycle 14,Cycle 14 — DNA Structure & Replication (Unit 3),▶ LIVE — Cycle 14 — DNA Structure & Replication — with Concept Bank.pptx,29,CONCEPT BANK,run,CK-12 Biology 4.3 — DNA Structure and Replication,https://flexbooks.ck12.org/cbook/ck-12-biology-flexbook-2.0/section/4.3/primary/lesson/dna-structure-and-replication-bio/,external,,,external (not checked live),n/a — external,,
Cycle 14,Cycle 14 — DNA Structure & Replication (Unit 3),▶ LIVE — Cycle 14 — DNA Structure & Replication — with Concept Bank.pptx,29,CONCEPT BANK,run,Khan Academy — Molecular genetics (unit),https://www.khanacademy.org/science/high-school-biology/hs-molecular-genetics,external,,,external (not checked live),n/a — external,,
Cycle 14,Cycle 14 — DNA Structure & Replication (Unit 3),▶ LIVE — Cycle 14 — DNA Structure & Replication — with Concept Bank.pptx,32,Activity and resource links,printed+run,https://biomanbio.com/HTML5GamesandLabs/LifeChemgames/replicationinteractivepage.html,https://biomanbio.com/HTML5GamesandLabs/LifeChemgames/replicationinteractivepage.html,external,,,external (not checked live),n/a — external,,
Cycle 14,Cycle 14 — DNA Structure & Replication (Unit 3),▶ LIVE — Cycle 14 — DNA Structure & Replication — with Concept Bank.pptx,32,Activity and resource links,printed+run,https://flexbooks.ck12.org/cbook/ck-12-biology-flexbook-2.0/section/4.3/primary/lesson/dna-structure-and-replication-bio/,https://flexbooks.ck12.org/cbook/ck-12-biology-flexbook-2.0/section/4.3/primary/lesson/dna-structure-and-replication-bio/,external,,,external (not checked live),n/a — external,,
Cycle 14,Cycle 14 — DNA Structure & Replication (Unit 3),▶ LIVE — Cycle 14 — DNA Structure & Replication — with Concept Bank.pptx,32,Activity and resource links,printed+run,"Day 2 sim — Building DNA, Gizmo (ExploreLearning; needs your school’s Gizmos login)",https://gizmos.explorelearning.com/find-gizmos/lesson-info?resourceId=439,external,,,external (not checked live),n/a — external,,
Cycle 14,Cycle 14 — DNA Structure & Replication (Unit 3),▶ LIVE — Cycle 14 — DNA Structure & Replication — with Concept Bank.pptx,32,Activity and resource links,printed+run,"Bellringer sim — Build a DNA molecule (Learn.Genetics, University of Utah)",https://learn.genetics.utah.edu/content/basics/builddna/,external,,,external (not checked live),n/a — external,,
Cycle 14,Cycle 14 — DNA Structure & Replication (Unit 3),▶ LIVE — Cycle 14 — DNA Structure & Replication — with Concept Bank.pptx,32,Activity and resource links,printed+run,https://www.khanacademy.org/science/high-school-biology/hs-molecular-genetics,https://www.khanacademy.org/science/high-school-biology/hs-molecular-genetics,external,,,external (not checked live),n/a — external,,
Cycle 14,Cycle 14 — DNA Structure & Replication (Unit 3),▶ LIVE — Cycle 14 — DNA Structure & Replication — with Concept Bank.pptx,33,Image credits,printed,"Slide 19, Case A — DNAreplicationModes.png · The original uploader was Adenosine at · CC BY-SA 2.5 · https://commons.wikimedia.org/w/index.php?curid=2644927",https://commons.wikimedia.org/w/index.php?curid=2644927,external,,,external (not checked live),n/a — external,,
Cycle 14,Cycle 14 — DNA Structure & Replication (Unit 3),▶ LIVE — Cycle 14 — DNA Structure & Replication — with Concept Bank.pptx,33,Image credits,printed,"Slide 9, Case B — Base pair AT.svg · Yikrazuul · Public domain · https://commons.wikimedia.org/w/index.php?curid=5141568",https://commons.wikimedia.org/w/index.php?curid=5141568,external,,,external (not checked live),n/a — external,,
Cycle 14,Cycle 14 — DNA Structure & Replication (Unit 3),▶ LIVE — Cycle 14 — DNA Structure & Replication — with Concept Bank.pptx,33,Image credits,printed,"Slide 9, Case A — Adenine-Cytosine base pairing.svg · Naturwiki · CC BY-SA 4.0 · https://commons.wikimedia.org/w/index.php?curid=94741693",https://commons.wikimedia.org/w/index.php?curid=94741693,external,,,external (not checked live),n/a — external,,
Cycle 14,Cycle 14 — DNA Structure & Replication (Unit 3),▶ LIVE — Cycle 14 — DNA Structure & Replication — with Concept Bank.pptx,33,Image credits,printed,"Icons: Twemoji by X/Twitter, CC BY 4.0 — https://github.com/jdecked/twemoji",https://github.com/jdecked/twemoji,external,,,external (not checked live),n/a — external,,
Cycle 14,Cycle 14 — DNA Structure & Replication (Unit 3),▶ LIVE — Cycle 14 — DNA Structure & Replication.pptx,1,TEACHER REFERENCE — not projected to students,printed,Gizmo: Building DNA (ExploreLearning — subscription) — https://gizmos.explorelearning.com/find-gizmos/lesson-info?resourceId=439,https://gizmos.explorelearning.com/find-gizmos/lesson-info?resourceId=439,external,,,external (not checked live),n/a — external,,
Cycle 14,Cycle 14 — DNA Structure & Replication (Unit 3),▶ LIVE — Cycle 14 — DNA Structure & Replication.pptx,1,TEACHER REFERENCE — not projected to students,printed,Learn.Genetics — What is DNA? — https://learn.genetics.utah.edu/content/basics/dna/,https://learn.genetics.utah.edu/content/basics/dna/,external,,,external (not checked live),n/a — external,,
Cycle 14,Cycle 14 — DNA Structure & Replication (Unit 3),▶ LIVE — Cycle 14 — DNA Structure & Replication.pptx,1,TEACHER REFERENCE — not projected to students,printed,HHMI BioInteractive — DNA Replication (Basic Detail) — https://www.biointeractive.org/classroom-resources/dna-replication-basic-detail,https://www.biointeractive.org/classroom-resources/dna-replication-basic-detail,external,,,external (not checked live),n/a — external,,
Cycle 14,Cycle 14 — DNA Structure & Replication (Unit 3),▶ LIVE — Cycle 14 — DNA Structure & Replication.pptx,1,TEACHER REFERENCE — not projected to students,printed,Amoeba Sisters — DNA Replication (Updated) — https://www.youtube.com/watch?v=Qqe4thU-os8,https://www.youtube.com/watch?v=Qqe4thU-os8,external,,,external (not checked live),n/a — external,,
Cycle 14,Cycle 14 — DNA Structure & Replication (Unit 3),▶ LIVE — Cycle 14 — DNA Structure & Replication.pptx,4,Bellringer,run,CK-12 Biology 4.3 — DNA Structure and Replication,https://flexbooks.ck12.org/cbook/ck-12-biology-flexbook-2.0/section/4.3/primary/lesson/dna-structure-and-replication-bio/,external,,,external (not checked live),n/a — external,,
Cycle 14,Cycle 14 — DNA Structure & Replication (Unit 3),▶ LIVE — Cycle 14 — DNA Structure & Replication.pptx,4,Bellringer,run,Build a DNA molecule and see which pieces lock together.,https://learn.genetics.utah.edu/content/basics/builddna/,external,,,external (not checked live),n/a — external,,
Cycle 14,Cycle 14 — DNA Structure & Replication (Unit 3),▶ LIVE — Cycle 14 — DNA Structure & Replication.pptx,4,Bellringer,run,Khan Academy — Molecular genetics (unit),https://www.khanacademy.org/science/high-school-biology/hs-molecular-genetics,external,,,external (not checked live),n/a — external,,
Cycle 14,Cycle 14 — DNA Structure & Replication (Unit 3),▶ LIVE — Cycle 14 — DNA Structure & Replication.pptx,24,Day 2 activity · Critical Aspect 2,printed+run,https://biomanbio.com/HTML5GamesandLabs/LifeChemgames/replicationinteractivepage.html,https://biomanbio.com/HTML5GamesandLabs/LifeChemgames/replicationinteractivepage.html,external,,,external (not checked live),n/a — external,,
Cycle 14,Cycle 14 — DNA Structure & Replication (Unit 3),▶ LIVE — Cycle 14 — DNA Structure & Replication.pptx,24,Day 2 activity · Critical Aspect 2,printed+run,https://gizmos.explorelearning.com/find-gizmos/lesson-info?resourceId=439,https://gizmos.explorelearning.com/find-gizmos/lesson-info?resourceId=439,external,,,external (not checked live),n/a — external,,
Cycle 14,Cycle 14 — DNA Structure & Replication (Unit 3),▶ LIVE — Cycle 14 — DNA Structure & Replication.pptx,27,Optional challenge,run,"Background — Build a DNA Molecule (Learn.Genetics, University of Utah)",https://learn.genetics.utah.edu/content/basics/builddna/,external,,,external (not checked live),n/a — external,,
Cycle 14,Cycle 14 — DNA Structure & Replication (Unit 3),▶ LIVE — Cycle 14 — DNA Structure & Replication.pptx,31,Activity and resource links,printed+run,https://biomanbio.com/HTML5GamesandLabs/LifeChemgames/replicationinteractivepage.html,https://biomanbio.com/HTML5GamesandLabs/LifeChemgames/replicationinteractivepage.html,external,,,external (not checked live),n/a — external,,
Cycle 14,Cycle 14 — DNA Structure & Replication (Unit 3),▶ LIVE — Cycle 14 — DNA Structure & Replication.pptx,31,Activity and resource links,printed+run,https://flexbooks.ck12.org/cbook/ck-12-biology-flexbook-2.0/section/4.3/primary/lesson/dna-structure-and-replication-bio/,https://flexbooks.ck12.org/cbook/ck-12-biology-flexbook-2.0/section/4.3/primary/lesson/dna-structure-and-replication-bio/,external,,,external (not checked live),n/a — external,,
Cycle 14,Cycle 14 — DNA Structure & Replication (Unit 3),▶ LIVE — Cycle 14 — DNA Structure & Replication.pptx,31,Activity and resource links,printed+run,"Day 2 sim — Building DNA, Gizmo (ExploreLearning; needs your school’s Gizmos login)",https://gizmos.explorelearning.com/find-gizmos/lesson-info?resourceId=439,external,,,external (not checked live),n/a — external,,
Cycle 14,Cycle 14 — DNA Structure & Replication (Unit 3),▶ LIVE — Cycle 14 — DNA Structure & Replication.pptx,31,Activity and resource links,printed+run,"Bellringer sim — Build a DNA molecule (Learn.Genetics, University of Utah)",https://learn.genetics.utah.edu/content/basics/builddna/,external,,,external (not checked live),n/a — external,,
Cycle 14,Cycle 14 — DNA Structure & Replication (Unit 3),▶ LIVE — Cycle 14 — DNA Structure & Replication.pptx,31,Activity and resource links,printed+run,https://www.khanacademy.org/science/high-school-biology/hs-molecular-genetics,https://www.khanacademy.org/science/high-school-biology/hs-molecular-genetics,external,,,external (not checked live),n/a — external,,
Cycle 14,Cycle 14 — DNA Structure & Replication (Unit 3),▶ LIVE — Cycle 14 — DNA Structure & Replication.pptx,32,Image credits,printed,"Slide 19, Case A — DNAreplicationModes.png · The original uploader was Adenosine at · CC BY-SA 2.5 · https://commons.wikimedia.org/w/index.php?curid=2644927",https://commons.wikimedia.org/w/index.php?curid=2644927,external,,,external (not checked live),n/a — external,,
Cycle 14,Cycle 14 — DNA Structure & Replication (Unit 3),▶ LIVE — Cycle 14 — DNA Structure & Replication.pptx,32,Image credits,printed,"Slide 9, Case B — Base pair AT.svg · Yikrazuul · Public domain · https://commons.wikimedia.org/w/index.php?curid=5141568",https://commons.wikimedia.org/w/index.php?curid=5141568,external,,,external (not checked live),n/a — external,,
Cycle 14,Cycle 14 — DNA Structure & Replication (Unit 3),▶ LIVE — Cycle 14 — DNA Structure & Replication.pptx,32,Image credits,printed,"Slide 9, Case A — Adenine-Cytosine base pairing.svg · Naturwiki · CC BY-SA 4.0 · https://commons.wikimedia.org/w/index.php?curid=94741693",https://commons.wikimedia.org/w/index.php?curid=94741693,external,,,external (not checked live),n/a — external,,
Cycle 14,Cycle 14 — DNA Structure & Replication (Unit 3),▶ LIVE — Cycle 14 — DNA Structure & Replication.pptx,32,Image credits,printed,"Icons: Twemoji by X/Twitter, CC BY 4.0 — https://github.com/jdecked/twemoji",https://github.com/jdecked/twemoji,external,,,external (not checked live),n/a — external,,
Cycle 15,Cycle 15 — Protein Synthesis (Central Dogma) (Unit 4),▶ LIVE — Cycle 15a — Genes & Chromosomes — with Concept Bank.pptx,1,TEACHER REFERENCE — not projected to students,printed,Gizmo: Human Karyotyping (ExploreLearning — subscription) — https://gizmos.explorelearning.com/find-gizmos/lesson-info?resourceId=440,https://gizmos.explorelearning.com/find-gizmos/lesson-info?resourceId=440,external,,,external (not checked live),n/a — external,,
Cycle 15,Cycle 15 — Protein Synthesis (Central Dogma) (Unit 4),▶ LIVE — Cycle 15a — Genes & Chromosomes — with Concept Bank.pptx,1,TEACHER REFERENCE — not projected to students,printed,Learn.Genetics — Make a Karyotype — https://learn.genetics.utah.edu/content/basics/karyotype/,https://learn.genetics.utah.edu/content/basics/karyotype/,external,,,external (not checked live),n/a — external,,
Cycle 15,Cycle 15 — Protein Synthesis (Central Dogma) (Unit 4),▶ LIVE — Cycle 15a — Genes & Chromosomes — with Concept Bank.pptx,1,TEACHER REFERENCE — not projected to students,printed,Learn.Genetics — What are Traits? — https://learn.genetics.utah.edu/content/basics/traits/,https://learn.genetics.utah.edu/content/basics/traits/,external,,,external (not checked live),n/a — external,,
Cycle 15,Cycle 15 — Protein Synthesis (Central Dogma) (Unit 4),▶ LIVE — Cycle 15a — Genes & Chromosomes — with Concept Bank.pptx,1,TEACHER REFERENCE — not projected to students,printed,"Amoeba Sisters — DNA, Chromosomes, Genes, and Traits — https://www.youtube.com/watch?v=8m6hHRlKwxY",https://www.youtube.com/watch?v=8m6hHRlKwxY,external,,,external (not checked live),n/a — external,,
Cycle 15,Cycle 15 — Protein Synthesis (Central Dogma) (Unit 4),▶ LIVE — Cycle 15a — Genes & Chromosomes — with Concept Bank.pptx,4,Bellringer,run,CK-12 Biology — Human Chromosomes and Genes (§3.9),https://flexbooks.ck12.org/cbook/ck-12-biology-flexbook-2.0/section/3.9/primary/lesson/human-chromosomes-and-genes-bio/,external,,,external (not checked live),n/a — external,,
Cycle 15,Cycle 15 — Protein Synthesis (Central Dogma) (Unit 4),▶ LIVE — Cycle 15a — Genes & Chromosomes — with Concept Bank.pptx,4,Bellringer,run,Take the 'Tour of the Basics': What is DNA? What is a gene? What is a chromosome? Watch how each one fits inside the next.,https://learn.genetics.utah.edu/content/basics/,external,,,external (not checked live),n/a — external,,
Cycle 15,Cycle 15 — Protein Synthesis (Central Dogma) (Unit 4),▶ LIVE — Cycle 15a — Genes & Chromosomes — with Concept Bank.pptx,4,Bellringer,run,Khan Academy — Chromosome structure and numbers,https://www.khanacademy.org/science/high-school-biology/hs-reproduction-and-cell-division/hs-chromosome-structure-and-numbers,external,,,external (not checked live),n/a — external,,
Cycle 15,Cycle 15 — Protein Synthesis (Central Dogma) (Unit 4),▶ LIVE — Cycle 15a — Genes & Chromosomes — with Concept Bank.pptx,15,Day 1 activity · Critical Aspect 1,run,Learn.Genetics — Tour of the Basics (What is a chromosome?),https://learn.genetics.utah.edu/content/basics/,external,,,external (not checked live),n/a — external,,
Cycle 15,Cycle 15 — Protein Synthesis (Central Dogma) (Unit 4),▶ LIVE — Cycle 15a — Genes & Chromosomes — with Concept Bank.pptx,23,Day 2 activity · Critical Aspect 2,run,"Excalidraw — free drawing board, no account needed",https://excalidraw.com/,external,,,external (not checked live),n/a — external,,
Cycle 15,Cycle 15 — Protein Synthesis (Central Dogma) (Unit 4),▶ LIVE — Cycle 15a — Genes & Chromosomes — with Concept Bank.pptx,23,Day 2 activity · Critical Aspect 2,run,Learn.Genetics — Tour of the Basics (What is a gene?),https://learn.genetics.utah.edu/content/basics/,external,,,external (not checked live),n/a — external,,
Cycle 15,Cycle 15 — Protein Synthesis (Central Dogma) (Unit 4),▶ LIVE — Cycle 15a — Genes & Chromosomes — with Concept Bank.pptx,26,Optional challenge — background,endParaRPr+run,"Background — What is a genome? (MedlinePlus Genetics, NIH/NLM)",https://medlineplus.gov/genetics/understanding/basics/whatisgenome/,external,,,external (not checked live),n/a — external,,
Cycle 15,Cycle 15 — Protein Synthesis (Central Dogma) (Unit 4),▶ LIVE — Cycle 15a — Genes & Chromosomes — with Concept Bank.pptx,27,Optional challenge,run,MedlinePlus Genetics — Chromosome 5 (NIH/NLM),https://medlineplus.gov/genetics/chromosome/5/,external,,,external (not checked live),n/a — external,,
Cycle 15,Cycle 15 — Protein Synthesis (Central Dogma) (Unit 4),▶ LIVE — Cycle 15a — Genes & Chromosomes — with Concept Bank.pptx,29,CONCEPT BANK,run,CK-12 Biology — Human Chromosomes and Genes (§3.9),https://flexbooks.ck12.org/cbook/ck-12-biology-flexbook-2.0/section/3.9/primary/lesson/human-chromosomes-and-genes-bio/,external,,,external (not checked live),n/a — external,,
Cycle 15,Cycle 15 — Protein Synthesis (Central Dogma) (Unit 4),▶ LIVE — Cycle 15a — Genes & Chromosomes — with Concept Bank.pptx,32,Activity and resource links,printed+run,"Day 2 activity drawing space — Excalidraw (free, no account needed)",https://excalidraw.com/,external,,,external (not checked live),n/a — external,,
Cycle 15,Cycle 15 — Protein Synthesis (Central Dogma) (Unit 4),▶ LIVE — Cycle 15a — Genes & Chromosomes — with Concept Bank.pptx,32,Activity and resource links,printed+run,https://flexbooks.ck12.org/cbook/ck-12-biology-flexbook-2.0/section/3.9/primary/lesson/human-chromosomes-and-genes-bio/,https://flexbooks.ck12.org/cbook/ck-12-biology-flexbook-2.0/section/3.9/primary/lesson/human-chromosomes-and-genes-bio/,external,,,external (not checked live),n/a — external,,
Cycle 15,Cycle 15 — Protein Synthesis (Central Dogma) (Unit 4),▶ LIVE — Cycle 15a — Genes & Chromosomes — with Concept Bank.pptx,32,Activity and resource links,printed+run,Bellringer tour and both activities — Learn.Genetics: Tour of the Basics (Univ. of Utah),https://learn.genetics.utah.edu/content/basics/,external,,,external (not checked live),n/a — external,,
Cycle 15,Cycle 15 — Protein Synthesis (Central Dogma) (Unit 4),▶ LIVE — Cycle 15a — Genes & Chromosomes — with Concept Bank.pptx,32,Activity and resource links,printed+run,Optional challenge — MedlinePlus Genetics: Chromosome 5 (NIH/NLM),https://medlineplus.gov/genetics/chromosome/5/,external,,,external (not checked live),n/a — external,,
Cycle 15,Cycle 15 — Protein Synthesis (Central Dogma) (Unit 4),▶ LIVE — Cycle 15a — Genes & Chromosomes — with Concept Bank.pptx,32,Activity and resource links,printed+run,Optional challenge background — MedlinePlus Genetics: What is a genome? (NIH/NLM),https://medlineplus.gov/genetics/understanding/basics/whatisgenome/,external,,,external (not checked live),n/a — external,,
Cycle 15,Cycle 15 — Protein Synthesis (Central Dogma) (Unit 4),▶ LIVE — Cycle 15a — Genes & Chromosomes — with Concept Bank.pptx,32,Activity and resource links,printed+run,https://www.khanacademy.org/science/high-school-biology/hs-reproduction-and-cell-division/hs-chromosome-structure-and-numbers,https://www.khanacademy.org/science/high-school-biology/hs-reproduction-and-cell-division/hs-chromosome-structure-and-numbers,external,,,external (not checked live),n/a — external,,
Cycle 15,Cycle 15 — Protein Synthesis (Central Dogma) (Unit 4),▶ LIVE — Cycle 15a — Genes & Chromosomes — with Concept Bank.pptx,33,Image credits,printed,"Slide 9, Case B — Human metaphase painted with mouse chromosome 11 probe.png · Ferguson-Smith, M.A., Pereira, J.C., Borges, A. et al. · CC BY 4.0 · https://commons.wikimedia.org/w/index.php?curid=1240",https://commons.wikimedia.org/w/index.php?curid=124007305,external,,,external (not checked live),n/a — external,,
Cycle 15,Cycle 15 — Protein Synthesis (Central Dogma) (Unit 4),▶ LIVE — Cycle 15a — Genes & Chromosomes — with Concept Bank.pptx,33,Image credits,printed,Slide 26 — Human karyotype diagram showing autosomes and sex chromosomes - NHGRI.jpg · National Human Genome Research Institute · Public domain · https://commons.wikimedia.org/w/index.php?curid=177597,https://commons.wikimedia.org/w/index.php?curid=177597291,external,,,external (not checked live),n/a — external,,
Cycle 15,Cycle 15 — Protein Synthesis (Central Dogma) (Unit 4),▶ LIVE — Cycle 15a — Genes & Chromosomes — with Concept Bank.pptx,33,Image credits,printed,"Slide 18, Case B — A blue eye.jpg · 8thstar at English Wikip · CC BY-SA 3.0 · https://commons.wikimedia.org/w/index.php?curid=1944750",https://commons.wikimedia.org/w/index.php?curid=1944750,external,,,external (not checked live),n/a — external,,
Cycle 15,Cycle 15 — Protein Synthesis (Central Dogma) (Unit 4),▶ LIVE — Cycle 15a — Genes & Chromosomes — with Concept Bank.pptx,33,Image credits,printed,"Slide 18, Case A — Auge iris braun brown eye human menschlich Bjoern markmann.JPG · Björn Markmann · CC BY 3.0 · https://commons.wikimedia.org/w/index.php?curid=22437838",https://commons.wikimedia.org/w/index.php?curid=22437838,external,,,external (not checked live),n/a — external,,
Cycle 15,Cycle 15 — Protein Synthesis (Central Dogma) (Unit 4),▶ LIVE — Cycle 15a — Genes & Chromosomes — with Concept Bank.pptx,33,Image credits,printed,"Slide 9, Case A — DNA simple2.svg · Forluvoft · Public domain · https://commons.wikimedia.org/w/index.php?curid=3401358",https://commons.wikimedia.org/w/index.php?curid=3401358,external,,,external (not checked live),n/a — external,,
Cycle 15,Cycle 15 — Protein Synthesis (Central Dogma) (Unit 4),▶ LIVE — Cycle 15a — Genes & Chromosomes — with Concept Bank.pptx,33,Image credits,printed,"Icons: Twemoji by X/Twitter, CC BY 4.0 — https://github.com/jdecked/twemoji",https://github.com/jdecked/twemoji,external,,,external (not checked live),n/a — external,,
Cycle 15,Cycle 15 — Protein Synthesis (Central Dogma) (Unit 4),▶ LIVE — Cycle 15a — Genes & Chromosomes.pptx,1,TEACHER REFERENCE — not projected to students,printed,Gizmo: Human Karyotyping (ExploreLearning — subscription) — https://gizmos.explorelearning.com/find-gizmos/lesson-info?resourceId=440,https://gizmos.explorelearning.com/find-gizmos/lesson-info?resourceId=440,external,,,external (not checked live),n/a — external,,
Cycle 15,Cycle 15 — Protein Synthesis (Central Dogma) (Unit 4),▶ LIVE — Cycle 15a — Genes & Chromosomes.pptx,1,TEACHER REFERENCE — not projected to students,printed,Learn.Genetics — Make a Karyotype — https://learn.genetics.utah.edu/content/basics/karyotype/,https://learn.genetics.utah.edu/content/basics/karyotype/,external,,,external (not checked live),n/a — external,,
Cycle 15,Cycle 15 — Protein Synthesis (Central Dogma) (Unit 4),▶ LIVE — Cycle 15a — Genes & Chromosomes.pptx,1,TEACHER REFERENCE — not projected to students,printed,Learn.Genetics — What are Traits? — https://learn.genetics.utah.edu/content/basics/traits/,https://learn.genetics.utah.edu/content/basics/traits/,external,,,external (not checked live),n/a — external,,
Cycle 15,Cycle 15 — Protein Synthesis (Central Dogma) (Unit 4),▶ LIVE — Cycle 15a — Genes & Chromosomes.pptx,1,TEACHER REFERENCE — not projected to students,printed,"Amoeba Sisters — DNA, Chromosomes, Genes, and Traits — https://www.youtube.com/watch?v=8m6hHRlKwxY",https://www.youtube.com/watch?v=8m6hHRlKwxY,external,,,external (not checked live),n/a — external,,
Cycle 15,Cycle 15 — Protein Synthesis (Central Dogma) (Unit 4),▶ LIVE — Cycle 15a — Genes & Chromosomes.pptx,4,Bellringer,run,CK-12 Biology — Human Chromosomes and Genes (§3.9),https://flexbooks.ck12.org/cbook/ck-12-biology-flexbook-2.0/section/3.9/primary/lesson/human-chromosomes-and-genes-bio/,external,,,external (not checked live),n/a — external,,
Cycle 15,Cycle 15 — Protein Synthesis (Central Dogma) (Unit 4),▶ LIVE — Cycle 15a — Genes & Chromosomes.pptx,4,Bellringer,run,Take the 'Tour of the Basics': What is DNA? What is a gene? What is a chromosome? Watch how each one fits inside the next.,https://learn.genetics.utah.edu/content/basics/,external,,,external (not checked live),n/a — external,,
Cycle 15,Cycle 15 — Protein Synthesis (Central Dogma) (Unit 4),▶ LIVE — Cycle 15a — Genes & Chromosomes.pptx,4,Bellringer,run,Khan Academy — Chromosome structure and numbers,https://www.khanacademy.org/science/high-school-biology/hs-reproduction-and-cell-division/hs-chromosome-structure-and-numbers,external,,,external (not checked live),n/a — external,,
Cycle 15,Cycle 15 — Protein Synthesis (Central Dogma) (Unit 4),▶ LIVE — Cycle 15a — Genes & Chromosomes.pptx,15,Day 1 activity · Critical Aspect 1,run,Learn.Genetics — Tour of the Basics (What is a chromosome?),https://learn.genetics.utah.edu/content/basics/,external,,,external (not checked live),n/a — external,,
Cycle 15,Cycle 15 — Protein Synthesis (Central Dogma) (Unit 4),▶ LIVE — Cycle 15a — Genes & Chromosomes.pptx,23,Day 2 activity · Critical Aspect 2,run,"Excalidraw — free drawing board, no account needed",https://excalidraw.com/,external,,,external (not checked live),n/a — external,,
Cycle 15,Cycle 15 — Protein Synthesis (Central Dogma) (Unit 4),▶ LIVE — Cycle 15a — Genes & Chromosomes.pptx,23,Day 2 activity · Critical Aspect 2,run,Learn.Genetics — Tour of the Basics (What is a gene?),https://learn.genetics.utah.edu/content/basics/,external,,,external (not checked live),n/a — external,,
Cycle 15,Cycle 15 — Protein Synthesis (Central Dogma) (Unit 4),▶ LIVE — Cycle 15a — Genes & Chromosomes.pptx,26,Optional challenge — background,endParaRPr+run,"Background — What is a genome? (MedlinePlus Genetics, NIH/NLM)",https://medlineplus.gov/genetics/understanding/basics/whatisgenome/,external,,,external (not checked live),n/a — external,,
Cycle 15,Cycle 15 — Protein Synthesis (Central Dogma) (Unit 4),▶ LIVE — Cycle 15a — Genes & Chromosomes.pptx,27,Optional challenge,run,MedlinePlus Genetics — Chromosome 5 (NIH/NLM),https://medlineplus.gov/genetics/chromosome/5/,external,,,external (not checked live),n/a — external,,
Cycle 15,Cycle 15 — Protein Synthesis (Central Dogma) (Unit 4),▶ LIVE — Cycle 15a — Genes & Chromosomes.pptx,31,Activity and resource links,printed+run,"Day 2 activity drawing space — Excalidraw (free, no account needed)",https://excalidraw.com/,external,,,external (not checked live),n/a — external,,
Cycle 15,Cycle 15 — Protein Synthesis (Central Dogma) (Unit 4),▶ LIVE — Cycle 15a — Genes & Chromosomes.pptx,31,Activity and resource links,printed+run,https://flexbooks.ck12.org/cbook/ck-12-biology-flexbook-2.0/section/3.9/primary/lesson/human-chromosomes-and-genes-bio/,https://flexbooks.ck12.org/cbook/ck-12-biology-flexbook-2.0/section/3.9/primary/lesson/human-chromosomes-and-genes-bio/,external,,,external (not checked live),n/a — external,,
Cycle 15,Cycle 15 — Protein Synthesis (Central Dogma) (Unit 4),▶ LIVE — Cycle 15a — Genes & Chromosomes.pptx,31,Activity and resource links,printed+run,Bellringer tour and both activities — Learn.Genetics: Tour of the Basics (Univ. of Utah),https://learn.genetics.utah.edu/content/basics/,external,,,external (not checked live),n/a — external,,
Cycle 15,Cycle 15 — Protein Synthesis (Central Dogma) (Unit 4),▶ LIVE — Cycle 15a — Genes & Chromosomes.pptx,31,Activity and resource links,printed+run,Optional challenge — MedlinePlus Genetics: Chromosome 5 (NIH/NLM),https://medlineplus.gov/genetics/chromosome/5/,external,,,external (not checked live),n/a — external,,
Cycle 15,Cycle 15 — Protein Synthesis (Central Dogma) (Unit 4),▶ LIVE — Cycle 15a — Genes & Chromosomes.pptx,31,Activity and resource links,printed+run,Optional challenge background — MedlinePlus Genetics: What is a genome? (NIH/NLM),https://medlineplus.gov/genetics/understanding/basics/whatisgenome/,external,,,external (not checked live),n/a — external,,
Cycle 15,Cycle 15 — Protein Synthesis (Central Dogma) (Unit 4),▶ LIVE — Cycle 15a — Genes & Chromosomes.pptx,31,Activity and resource links,printed+run,https://www.khanacademy.org/science/high-school-biology/hs-reproduction-and-cell-division/hs-chromosome-structure-and-numbers,https://www.khanacademy.org/science/high-school-biology/hs-reproduction-and-cell-division/hs-chromosome-structure-and-numbers,external,,,external (not checked live),n/a — external,,
Cycle 15,Cycle 15 — Protein Synthesis (Central Dogma) (Unit 4),▶ LIVE — Cycle 15a — Genes & Chromosomes.pptx,32,Image credits,printed,"Slide 9, Case B — Human metaphase painted with mouse chromosome 11 probe.png · Ferguson-Smith, M.A., Pereira, J.C., Borges, A. et al. · CC BY 4.0 · https://commons.wikimedia.org/w/index.php?curid=1240",https://commons.wikimedia.org/w/index.php?curid=124007305,external,,,external (not checked live),n/a — external,,
Cycle 15,Cycle 15 — Protein Synthesis (Central Dogma) (Unit 4),▶ LIVE — Cycle 15a — Genes & Chromosomes.pptx,32,Image credits,printed,Slide 26 — Human karyotype diagram showing autosomes and sex chromosomes - NHGRI.jpg · National Human Genome Research Institute · Public domain · https://commons.wikimedia.org/w/index.php?curid=177597,https://commons.wikimedia.org/w/index.php?curid=177597291,external,,,external (not checked live),n/a — external,,
Cycle 15,Cycle 15 — Protein Synthesis (Central Dogma) (Unit 4),▶ LIVE — Cycle 15a — Genes & Chromosomes.pptx,32,Image credits,printed,"Slide 18, Case B — A blue eye.jpg · 8thstar at English Wikip · CC BY-SA 3.0 · https://commons.wikimedia.org/w/index.php?curid=1944750",https://commons.wikimedia.org/w/index.php?curid=1944750,external,,,external (not checked live),n/a — external,,
Cycle 15,Cycle 15 — Protein Synthesis (Central Dogma) (Unit 4),▶ LIVE — Cycle 15a — Genes & Chromosomes.pptx,32,Image credits,printed,"Slide 18, Case A — Auge iris braun brown eye human menschlich Bjoern markmann.JPG · Björn Markmann · CC BY 3.0 · https://commons.wikimedia.org/w/index.php?curid=22437838",https://commons.wikimedia.org/w/index.php?curid=22437838,external,,,external (not checked live),n/a — external,,
Cycle 15,Cycle 15 — Protein Synthesis (Central Dogma) (Unit 4),▶ LIVE — Cycle 15a — Genes & Chromosomes.pptx,32,Image credits,printed,"Slide 9, Case A — DNA simple2.svg · Forluvoft · Public domain · https://commons.wikimedia.org/w/index.php?curid=3401358",https://commons.wikimedia.org/w/index.php?curid=3401358,external,,,external (not checked live),n/a — external,,
Cycle 15,Cycle 15 — Protein Synthesis (Central Dogma) (Unit 4),▶ LIVE — Cycle 15a — Genes & Chromosomes.pptx,32,Image credits,printed,"Icons: Twemoji by X/Twitter, CC BY 4.0 — https://github.com/jdecked/twemoji",https://github.com/jdecked/twemoji,external,,,external (not checked live),n/a — external,,
Cycle 15,Cycle 15 — Protein Synthesis (Central Dogma) (Unit 4),▶ LIVE — Cycle 15b — Protein Synthesis — with Concept Bank.pptx,1,TEACHER REFERENCE — not projected to students,printed,Gizmo: RNA and Protein Synthesis (ExploreLearning — subscription) — https://gizmos.explorelearning.com/find-gizmos/lesson-info?resourceId=442,https://gizmos.explorelearning.com/find-gizmos/lesson-info?resourceId=442,external,,,external (not checked live),n/a — external,,
Cycle 15,Cycle 15 — Protein Synthesis (Central Dogma) (Unit 4),▶ LIVE — Cycle 15b — Protein Synthesis — with Concept Bank.pptx,1,TEACHER REFERENCE — not projected to students,printed,HHMI BioInteractive — Central Dogma and Genetic Medicine — https://www.biointeractive.org/classroom-resources/central-dogma-and-genetic-medicine,https://www.biointeractive.org/classroom-resources/central-dogma-and-genetic-medicine,external,,,external (not checked live),n/a — external,,
Cycle 15,Cycle 15 — Protein Synthesis (Central Dogma) (Unit 4),▶ LIVE — Cycle 15b — Protein Synthesis — with Concept Bank.pptx,1,TEACHER REFERENCE — not projected to students,printed,Amoeba Sisters — Protein Synthesis: Transcription and Translation (Updated) — https://www.youtube.com/watch?v=oefAI2x2CQM,https://www.youtube.com/watch?v=oefAI2x2CQM,external,,,external (not checked live),n/a — external,,
Cycle 15,Cycle 15 — Protein Synthesis (Central Dogma) (Unit 4),▶ LIVE — Cycle 15b — Protein Synthesis — with Concept Bank.pptx,4,Bellringer,run,CK-12 Biology — Central Dogma of Molecular Biology (§4.1),https://flexbooks.ck12.org/cbook/ck-12-biology-flexbook-2.0/section/4.1/primary/lesson/central-dogma-of-molecular-biology-bio/,external,,,external (not checked live),n/a — external,,
Cycle 15,Cycle 15 — Protein Synthesis (Central Dogma) (Unit 4),▶ LIVE — Cycle 15b — Protein Synthesis — with Concept Bank.pptx,4,Bellringer,run,"Play the sim once: build a protein from a gene — transcribe it, then translate it. What did the cell make FIRST, before the protein appeared?",https://learn.genetics.utah.edu/content/basics/txtl/,external,,,external (not checked live),n/a — external,,
Cycle 15,Cycle 15 — Protein Synthesis (Central Dogma) (Unit 4),▶ LIVE — Cycle 15b — Protein Synthesis — with Concept Bank.pptx,4,Bellringer,run,Khan Academy — RNA and protein synthesis,https://www.khanacademy.org/science/high-school-biology/hs-molecular-genetics/hs-rna-and-protein-synthesis,external,,,external (not checked live),n/a — external,,
Cycle 15,Cycle 15 — Protein Synthesis (Central Dogma) (Unit 4),▶ LIVE — Cycle 15b — Protein Synthesis — with Concept Bank.pptx,15,Day 1 activity · Critical Aspect 1,run,Learn.Genetics — Transcribe & Translate a Gene,https://learn.genetics.utah.edu/content/basics/txtl/,external,,,external (not checked live),n/a — external,,
Cycle 15,Cycle 15 — Protein Synthesis (Central Dogma) (Unit 4),▶ LIVE — Cycle 15b — Protein Synthesis — with Concept Bank.pptx,24,Day 2 activity · Critical Aspect 2,run,RNA and Protein Synthesis (ExploreLearning),https://gizmos.explorelearning.com/find-gizmos/lesson-info?resourceId=442,external,,,external (not checked live),n/a — external,,
Cycle 15,Cycle 15 — Protein Synthesis (Central Dogma) (Unit 4),▶ LIVE — Cycle 15b — Protein Synthesis — with Concept Bank.pptx,24,Day 2 activity · Critical Aspect 2,run,Transcribe & Translate a Gene (Learn.Genetics),https://learn.genetics.utah.edu/content/basics/txtl/,external,,,external (not checked live),n/a — external,,
Cycle 15,Cycle 15 — Protein Synthesis (Central Dogma) (Unit 4),▶ LIVE — Cycle 15b — Protein Synthesis — with Concept Bank.pptx,26,Optional challenge — background,run,ExploreLearning — RNA and Protein Synthesis,https://gizmos.explorelearning.com/find-gizmos/lesson-info?resourceId=442,external,,,external (not checked live),n/a — external,,
Cycle 15,Cycle 15 — Protein Synthesis (Central Dogma) (Unit 4),▶ LIVE — Cycle 15b — Protein Synthesis — with Concept Bank.pptx,26,Optional challenge — background,run,Learn.Genetics — Transcribe & Translate a Gene,https://learn.genetics.utah.edu/content/basics/txtl/,external,,,external (not checked live),n/a — external,,
Cycle 15,Cycle 15 — Protein Synthesis (Central Dogma) (Unit 4),▶ LIVE — Cycle 15b — Protein Synthesis — with Concept Bank.pptx,27,Optional challenge,run,Learn.Genetics — Transcribe & Translate a Gene,https://learn.genetics.utah.edu/content/basics/txtl/,external,,,external (not checked live),n/a — external,,
Cycle 15,Cycle 15 — Protein Synthesis (Central Dogma) (Unit 4),▶ LIVE — Cycle 15b — Protein Synthesis — with Concept Bank.pptx,29,CONCEPT BANK,run,CK-12 Biology — Central Dogma of Molecular Biology (§4.1),https://flexbooks.ck12.org/cbook/ck-12-biology-flexbook-2.0/section/4.1/primary/lesson/central-dogma-of-molecular-biology-bio/,external,,,external (not checked live),n/a — external,,
Cycle 15,Cycle 15 — Protein Synthesis (Central Dogma) (Unit 4),▶ LIVE — Cycle 15b — Protein Synthesis — with Concept Bank.pptx,32,Activity and resource links,printed+run,https://flexbooks.ck12.org/cbook/ck-12-biology-flexbook-2.0/section/4.1/primary/lesson/central-dogma-of-molecular-biology-bio/,https://flexbooks.ck12.org/cbook/ck-12-biology-flexbook-2.0/section/4.1/primary/lesson/central-dogma-of-molecular-biology-bio/,external,,,external (not checked live),n/a — external,,
Cycle 15,Cycle 15 — Protein Synthesis (Central Dogma) (Unit 4),▶ LIVE — Cycle 15b — Protein Synthesis — with Concept Bank.pptx,32,Activity and resource links,printed+run,Translation sim — ExploreLearning Gizmo: RNA and Protein Synthesis (needs your school’s Gizmo login),https://gizmos.explorelearning.com/find-gizmos/lesson-info?resourceId=442,external,,,external (not checked live),n/a — external,,
Cycle 15,Cycle 15 — Protein Synthesis (Central Dogma) (Unit 4),▶ LIVE — Cycle 15b — Protein Synthesis — with Concept Bank.pptx,32,Activity and resource links,printed+run,Bellringer sim and both activities — Learn.Genetics: Transcribe & Translate a Gene (Univ. of Utah),https://learn.genetics.utah.edu/content/basics/txtl/,external,,,external (not checked live),n/a — external,,
Cycle 15,Cycle 15 — Protein Synthesis (Central Dogma) (Unit 4),▶ LIVE — Cycle 15b — Protein Synthesis — with Concept Bank.pptx,32,Activity and resource links,printed+run,https://www.khanacademy.org/science/high-school-biology/hs-molecular-genetics/hs-rna-and-protein-synthesis,https://www.khanacademy.org/science/high-school-biology/hs-molecular-genetics/hs-rna-and-protein-synthesis,external,,,external (not checked live),n/a — external,,
Cycle 15,Cycle 15 — Protein Synthesis (Central Dogma) (Unit 4),▶ LIVE — Cycle 15b — Protein Synthesis — with Concept Bank.pptx,33,Image credits,printed,"Slide 9, Case B — Transcription from DNA to Pre-mRNA to mRNA.png · Theophilus Menzies based · CC BY-SA 4.0 · https://commons.wikimedia.org/w/index.php?curid=152580915",https://commons.wikimedia.org/w/index.php?curid=152580915,external,,,external (not checked live),n/a — external,,
Cycle 15,Cycle 15 — Protein Synthesis (Central Dogma) (Unit 4),▶ LIVE — Cycle 15b — Protein Synthesis — with Concept Bank.pptx,33,Image credits,printed,"Slide 19, Case A — Ribosome mRNA translation en.svg · LadyofHats · Public domain · https://commons.wikimedia.org/w/index.php?curid=4889777",https://commons.wikimedia.org/w/index.php?curid=4889777,external,,,external (not checked live),n/a — external,,
Cycle 15,Cycle 15 — Protein Synthesis (Central Dogma) (Unit 4),▶ LIVE — Cycle 15b — Protein Synthesis — with Concept Bank.pptx,33,Image credits,printed,Slide 24 — Aminoacids table.svg (codon wheel) · Mouagip · Public domain · https://commons.wikimedia.org/w/index.php?curid=5986132,https://commons.wikimedia.org/w/index.php?curid=5986132,external,,,external (not checked live),n/a — external,,
Cycle 15,Cycle 15 — Protein Synthesis (Central Dogma) (Unit 4),▶ LIVE — Cycle 15b — Protein Synthesis — with Concept Bank.pptx,33,Image credits,printed,"Slide 9, Case A — Diagram human cell nucleus.svg · Mariana Ruiz LadyofHats · Public domain · https://commons.wikimedia.org/w/index.php?curid=736389",https://commons.wikimedia.org/w/index.php?curid=736389,external,,,external (not checked live),n/a — external,,
Cycle 15,Cycle 15 — Protein Synthesis (Central Dogma) (Unit 4),▶ LIVE — Cycle 15b — Protein Synthesis — with Concept Bank.pptx,33,Image credits,printed,"Icons: Twemoji by X/Twitter, CC BY 4.0 — https://github.com/jdecked/twemoji",https://github.com/jdecked/twemoji,external,,,external (not checked live),n/a — external,,
Cycle 15,Cycle 15 — Protein Synthesis (Central Dogma) (Unit 4),▶ LIVE — Cycle 15b — Protein Synthesis.pptx,1,TEACHER REFERENCE — not projected to students,printed,Gizmo: RNA and Protein Synthesis (ExploreLearning — subscription) — https://gizmos.explorelearning.com/find-gizmos/lesson-info?resourceId=442,https://gizmos.explorelearning.com/find-gizmos/lesson-info?resourceId=442,external,,,external (not checked live),n/a — external,,
Cycle 15,Cycle 15 — Protein Synthesis (Central Dogma) (Unit 4),▶ LIVE — Cycle 15b — Protein Synthesis.pptx,1,TEACHER REFERENCE — not projected to students,printed,HHMI BioInteractive — Central Dogma and Genetic Medicine — https://www.biointeractive.org/classroom-resources/central-dogma-and-genetic-medicine,https://www.biointeractive.org/classroom-resources/central-dogma-and-genetic-medicine,external,,,external (not checked live),n/a — external,,
Cycle 15,Cycle 15 — Protein Synthesis (Central Dogma) (Unit 4),▶ LIVE — Cycle 15b — Protein Synthesis.pptx,1,TEACHER REFERENCE — not projected to students,printed,Amoeba Sisters — Protein Synthesis: Transcription and Translation (Updated) — https://www.youtube.com/watch?v=oefAI2x2CQM,https://www.youtube.com/watch?v=oefAI2x2CQM,external,,,external (not checked live),n/a — external,,
Cycle 15,Cycle 15 — Protein Synthesis (Central Dogma) (Unit 4),▶ LIVE — Cycle 15b — Protein Synthesis.pptx,4,Bellringer,run,CK-12 Biology — Central Dogma of Molecular Biology (§4.1),https://flexbooks.ck12.org/cbook/ck-12-biology-flexbook-2.0/section/4.1/primary/lesson/central-dogma-of-molecular-biology-bio/,external,,,external (not checked live),n/a — external,,
Cycle 15,Cycle 15 — Protein Synthesis (Central Dogma) (Unit 4),▶ LIVE — Cycle 15b — Protein Synthesis.pptx,4,Bellringer,run,"Play the sim once: build a protein from a gene — transcribe it, then translate it. What did the cell make FIRST, before the protein appeared?",https://learn.genetics.utah.edu/content/basics/txtl/,external,,,external (not checked live),n/a — external,,
Cycle 15,Cycle 15 — Protein Synthesis (Central Dogma) (Unit 4),▶ LIVE — Cycle 15b — Protein Synthesis.pptx,4,Bellringer,run,Khan Academy — RNA and protein synthesis,https://www.khanacademy.org/science/high-school-biology/hs-molecular-genetics/hs-rna-and-protein-synthesis,external,,,external (not checked live),n/a — external,,
Cycle 15,Cycle 15 — Protein Synthesis (Central Dogma) (Unit 4),▶ LIVE — Cycle 15b — Protein Synthesis.pptx,15,Day 1 activity · Critical Aspect 1,run,Learn.Genetics — Transcribe & Translate a Gene,https://learn.genetics.utah.edu/content/basics/txtl/,external,,,external (not checked live),n/a — external,,
Cycle 15,Cycle 15 — Protein Synthesis (Central Dogma) (Unit 4),▶ LIVE — Cycle 15b — Protein Synthesis.pptx,24,Day 2 activity · Critical Aspect 2,run,RNA and Protein Synthesis (ExploreLearning),https://gizmos.explorelearning.com/find-gizmos/lesson-info?resourceId=442,external,,,external (not checked live),n/a — external,,
Cycle 15,Cycle 15 — Protein Synthesis (Central Dogma) (Unit 4),▶ LIVE — Cycle 15b — Protein Synthesis.pptx,24,Day 2 activity · Critical Aspect 2,run,Transcribe & Translate a Gene (Learn.Genetics),https://learn.genetics.utah.edu/content/basics/txtl/,external,,,external (not checked live),n/a — external,,
Cycle 15,Cycle 15 — Protein Synthesis (Central Dogma) (Unit 4),▶ LIVE — Cycle 15b — Protein Synthesis.pptx,26,Optional challenge — background,run,ExploreLearning — RNA and Protein Synthesis,https://gizmos.explorelearning.com/find-gizmos/lesson-info?resourceId=442,external,,,external (not checked live),n/a — external,,
Cycle 15,Cycle 15 — Protein Synthesis (Central Dogma) (Unit 4),▶ LIVE — Cycle 15b — Protein Synthesis.pptx,26,Optional challenge — background,run,Learn.Genetics — Transcribe & Translate a Gene,https://learn.genetics.utah.edu/content/basics/txtl/,external,,,external (not checked live),n/a — external,,
Cycle 15,Cycle 15 — Protein Synthesis (Central Dogma) (Unit 4),▶ LIVE — Cycle 15b — Protein Synthesis.pptx,27,Optional challenge,run,Learn.Genetics — Transcribe & Translate a Gene,https://learn.genetics.utah.edu/content/basics/txtl/,external,,,external (not checked live),n/a — external,,
Cycle 15,Cycle 15 — Protein Synthesis (Central Dogma) (Unit 4),▶ LIVE — Cycle 15b — Protein Synthesis.pptx,31,Activity and resource links,printed+run,https://flexbooks.ck12.org/cbook/ck-12-biology-flexbook-2.0/section/4.1/primary/lesson/central-dogma-of-molecular-biology-bio/,https://flexbooks.ck12.org/cbook/ck-12-biology-flexbook-2.0/section/4.1/primary/lesson/central-dogma-of-molecular-biology-bio/,external,,,external (not checked live),n/a — external,,
Cycle 15,Cycle 15 — Protein Synthesis (Central Dogma) (Unit 4),▶ LIVE — Cycle 15b — Protein Synthesis.pptx,31,Activity and resource links,printed+run,Translation sim — ExploreLearning Gizmo: RNA and Protein Synthesis (needs your school’s Gizmo login),https://gizmos.explorelearning.com/find-gizmos/lesson-info?resourceId=442,external,,,external (not checked live),n/a — external,,
Cycle 15,Cycle 15 — Protein Synthesis (Central Dogma) (Unit 4),▶ LIVE — Cycle 15b — Protein Synthesis.pptx,31,Activity and resource links,printed+run,Bellringer sim and both activities — Learn.Genetics: Transcribe & Translate a Gene (Univ. of Utah),https://learn.genetics.utah.edu/content/basics/txtl/,external,,,external (not checked live),n/a — external,,
Cycle 15,Cycle 15 — Protein Synthesis (Central Dogma) (Unit 4),▶ LIVE — Cycle 15b — Protein Synthesis.pptx,31,Activity and resource links,printed+run,https://www.khanacademy.org/science/high-school-biology/hs-molecular-genetics/hs-rna-and-protein-synthesis,https://www.khanacademy.org/science/high-school-biology/hs-molecular-genetics/hs-rna-and-protein-synthesis,external,,,external (not checked live),n/a — external,,
Cycle 15,Cycle 15 — Protein Synthesis (Central Dogma) (Unit 4),▶ LIVE — Cycle 15b — Protein Synthesis.pptx,32,Image credits,printed,"Slide 9, Case B — Transcription from DNA to Pre-mRNA to mRNA.png · Theophilus Menzies based · CC BY-SA 4.0 · https://commons.wikimedia.org/w/index.php?curid=152580915",https://commons.wikimedia.org/w/index.php?curid=152580915,external,,,external (not checked live),n/a — external,,
Cycle 15,Cycle 15 — Protein Synthesis (Central Dogma) (Unit 4),▶ LIVE — Cycle 15b — Protein Synthesis.pptx,32,Image credits,printed,"Slide 19, Case A — Ribosome mRNA translation en.svg · LadyofHats · Public domain · https://commons.wikimedia.org/w/index.php?curid=4889777",https://commons.wikimedia.org/w/index.php?curid=4889777,external,,,external (not checked live),n/a — external,,
Cycle 15,Cycle 15 — Protein Synthesis (Central Dogma) (Unit 4),▶ LIVE — Cycle 15b — Protein Synthesis.pptx,32,Image credits,printed,Slide 24 — Aminoacids table.svg (codon wheel) · Mouagip · Public domain · https://commons.wikimedia.org/w/index.php?curid=5986132,https://commons.wikimedia.org/w/index.php?curid=5986132,external,,,external (not checked live),n/a — external,,
Cycle 15,Cycle 15 — Protein Synthesis (Central Dogma) (Unit 4),▶ LIVE — Cycle 15b — Protein Synthesis.pptx,32,Image credits,printed,"Slide 9, Case A — Diagram human cell nucleus.svg · Mariana Ruiz LadyofHats · Public domain · https://commons.wikimedia.org/w/index.php?curid=736389",https://commons.wikimedia.org/w/index.php?curid=736389,external,,,external (not checked live),n/a — external,,
Cycle 15,Cycle 15 — Protein Synthesis (Central Dogma) (Unit 4),▶ LIVE — Cycle 15b — Protein Synthesis.pptx,32,Image credits,printed,"Icons: Twemoji by X/Twitter, CC BY 4.0 — https://github.com/jdecked/twemoji",https://github.com/jdecked/twemoji,external,,,external (not checked live),n/a — external,,
Cycle 16,Cycle 16 — Mutations & Gene Expression (Unit 4),▶ LIVE — Cycle 16a — Stem Cells and Differentiation — with Concept Bank.pptx,1,TEACHER REFERENCE — not projected to students,printed+run,Gizmo: Cell Types (ExploreLearning — subscription) — https://gizmos.explorelearning.com/find-gizmos/lesson-info?resourceId=1066,https://gizmos.explorelearning.com/find-gizmos/lesson-info?resourceId=1066,external,,,external (not checked live),n/a — external,,
Cycle 16,Cycle 16 — Mutations & Gene Expression (Unit 4),▶ LIVE — Cycle 16a — Stem Cells and Differentiation — with Concept Bank.pptx,1,TEACHER REFERENCE — not projected to students,printed+run,Learn.Genetics — Stem Cells in Use — https://learn.genetics.utah.edu/content/stemcells/sctoday,https://learn.genetics.utah.edu/content/stemcells/sctoday,external,,,external (not checked live),n/a — external,,
Cycle 16,Cycle 16 — Mutations & Gene Expression (Unit 4),▶ LIVE — Cycle 16a — Stem Cells and Differentiation — with Concept Bank.pptx,1,TEACHER REFERENCE — not projected to students,printed+run,TED-Ed — What are stem cells? (Craig A. Kohn) — https://www.youtube.com/watch?v=evH0I7Coc54,https://www.youtube.com/watch?v=evH0I7Coc54,external,,,external (not checked live),n/a — external,,
Cycle 16,Cycle 16 — Mutations & Gene Expression (Unit 4),▶ LIVE — Cycle 16a — Stem Cells and Differentiation — with Concept Bank.pptx,4,Bellringer,run,"CK-12 Biology — Eukaryotic Gene Regulation (same DNA, different jobs)",https://flexbooks.ck12.org/cbook/ck-12-biology-flexbook-2.0/section/4.13/primary/lesson/eukaryotic-gene-regulation-bio/,external,,,external (not checked live),n/a — external,,
Cycle 16,Cycle 16 — Mutations & Gene Expression (Unit 4),▶ LIVE — Cycle 16a — Stem Cells and Differentiation — with Concept Bank.pptx,4,Bellringer,run,Learn.Genetics — The Nature of Stem Cells (open on arrival),https://learn.genetics.utah.edu/content/stemcells/scintro/,external,,,external (not checked live),n/a — external,,
Cycle 16,Cycle 16 — Mutations & Gene Expression (Unit 4),▶ LIVE — Cycle 16a — Stem Cells and Differentiation — with Concept Bank.pptx,4,Bellringer,run,Khan Academy — The Cell Cycle and Differentiation,https://www.khanacademy.org/science/hs-bio/x230b3ff252126bb6:the-cell-cycle-and-differentiation,external,,,external (not checked live),n/a — external,,
Cycle 16,Cycle 16 — Mutations & Gene Expression (Unit 4),▶ LIVE — Cycle 16a — Stem Cells and Differentiation — with Concept Bank.pptx,31,Optional challenge,run,"Background — The Nature of Stem Cells (Learn.Genetics, University of Utah)",https://learn.genetics.utah.edu/content/stemcells/scintro/,external,,,external (not checked live),n/a — external,,
Cycle 16,Cycle 16 — Mutations & Gene Expression (Unit 4),▶ LIVE — Cycle 16a — Stem Cells and Differentiation — with Concept Bank.pptx,34,CONCEPT BANK,run,"CK-12 Biology — Eukaryotic Gene Regulation (same DNA, different jobs)",https://flexbooks.ck12.org/cbook/ck-12-biology-flexbook-2.0/section/4.13/primary/lesson/eukaryotic-gene-regulation-bio/,external,,,external (not checked live),n/a — external,,
Cycle 16,Cycle 16 — Mutations & Gene Expression (Unit 4),▶ LIVE — Cycle 16a — Stem Cells and Differentiation — with Concept Bank.pptx,34,CONCEPT BANK,run,Khan Academy — The Cell Cycle and Differentiation,https://www.khanacademy.org/science/hs-bio/x230b3ff252126bb6:the-cell-cycle-and-differentiation,external,,,external (not checked live),n/a — external,,
Cycle 16,Cycle 16 — Mutations & Gene Expression (Unit 4),▶ LIVE — Cycle 16a — Stem Cells and Differentiation — with Concept Bank.pptx,36,Activity and resource links,printed+run,https://flexbooks.ck12.org/cbook/ck-12-biology-flexbook-2.0/section/4.13/primary/lesson/eukaryotic-gene-regulation-bio/,https://flexbooks.ck12.org/cbook/ck-12-biology-flexbook-2.0/section/4.13/primary/lesson/eukaryotic-gene-regulation-bio/,external,,,external (not checked live),n/a — external,,
Cycle 16,Cycle 16 — Mutations & Gene Expression (Unit 4),▶ LIVE — Cycle 16a — Stem Cells and Differentiation — with Concept Bank.pptx,36,Activity and resource links,printed+run,https://learn.genetics.utah.edu/content/stemcells/scintro/,https://learn.genetics.utah.edu/content/stemcells/scintro/,external,,,external (not checked live),n/a — external,,
Cycle 16,Cycle 16 — Mutations & Gene Expression (Unit 4),▶ LIVE — Cycle 16a — Stem Cells and Differentiation — with Concept Bank.pptx,36,Activity and resource links,printed+run,https://www.khanacademy.org/science/hs-bio/x230b3ff252126bb6:the-cell-cycle-and-differentiation,https://www.khanacademy.org/science/hs-bio/x230b3ff252126bb6:the-cell-cycle-and-differentiation,external,,,external (not checked live),n/a — external,,
Cycle 16,Cycle 16 — Mutations & Gene Expression (Unit 4),▶ LIVE — Cycle 16a — Stem Cells and Differentiation — with Concept Bank.pptx,37,Image credits,printed,"Slide 20, Case B — Mast cells in bone marrow.jpg · Vortioxetine · CC BY-SA 4.0 · https://commons.wikimedia.org/w/index.php?curid=115136080",https://commons.wikimedia.org/w/index.php?curid=115136080,external,,,external (not checked live),n/a — external,,
Cycle 16,Cycle 16 — Mutations & Gene Expression (Unit 4),▶ LIVE — Cycle 16a — Stem Cells and Differentiation — with Concept Bank.pptx,37,Image credits,printed,"Slide 9, Case B — Humanstemcell.JPG · Ryddragyn at English · Public domain · https://commons.wikimedia.org/w/index.php?curid=2148036",https://commons.wikimedia.org/w/index.php?curid=2148036,external,,,external (not checked live),n/a — external,,
Cycle 16,Cycle 16 — Mutations & Gene Expression (Unit 4),▶ LIVE — Cycle 16a — Stem Cells and Differentiation — with Concept Bank.pptx,37,Image credits,printed,"Slide 9, Case A — Muskel ( 1).jpg · Rollroboter · CC BY-SA 3.0 · https://commons.wikimedia.org/w/index.php?curid=30263225",https://commons.wikimedia.org/w/index.php?curid=30263225,external,,,external (not checked live),n/a — external,,
Cycle 16,Cycle 16 — Mutations & Gene Expression (Unit 4),▶ LIVE — Cycle 16a — Stem Cells and Differentiation — with Concept Bank.pptx,37,Image credits,printed,"Slide 20, Case A — Blastocyst, day 5.JPG · Ekem at English Wikipedia · Public domain · https://commons.wikimedia.org/w/index.php?curid=3447851",https://commons.wikimedia.org/w/index.php?curid=3447851,external,,,external (not checked live),n/a — external,,
Cycle 16,Cycle 16 — Mutations & Gene Expression (Unit 4),▶ LIVE — Cycle 16a — Stem Cells and Differentiation — with Concept Bank.pptx,37,Image credits,printed,"Icons: Twemoji by X/Twitter, CC BY 4.0 — https://github.com/jdecked/twemoji",https://github.com/jdecked/twemoji,external,,,external (not checked live),n/a — external,,
Cycle 16,Cycle 16 — Mutations & Gene Expression (Unit 4),▶ LIVE — Cycle 16a — Stem Cells and Differentiation — with Concept Bank.pptx,37,Image credits,printed,Slide 10 — Gene Regulation (Talking Glossary illustration) · Courtesy: National Human Genome Research Institute · Public domain · https://www.genome.gov/genetics-glossary/Gene-Regulation,https://www.genome.gov/genetics-glossary/Gene-Regulation,external,,,external (not checked live),n/a — external,,
Cycle 16,Cycle 16 — Mutations & Gene Expression (Unit 4),▶ LIVE — Cycle 16a — Stem Cells and Differentiation.pptx,1,TEACHER REFERENCE — not projected to students,printed+run,Gizmo: Cell Types (ExploreLearning — subscription) — https://gizmos.explorelearning.com/find-gizmos/lesson-info?resourceId=1066,https://gizmos.explorelearning.com/find-gizmos/lesson-info?resourceId=1066,external,,,external (not checked live),n/a — external,,
Cycle 16,Cycle 16 — Mutations & Gene Expression (Unit 4),▶ LIVE — Cycle 16a — Stem Cells and Differentiation.pptx,1,TEACHER REFERENCE — not projected to students,printed+run,Learn.Genetics — Stem Cells in Use — https://learn.genetics.utah.edu/content/stemcells/sctoday,https://learn.genetics.utah.edu/content/stemcells/sctoday,external,,,external (not checked live),n/a — external,,
Cycle 16,Cycle 16 — Mutations & Gene Expression (Unit 4),▶ LIVE — Cycle 16a — Stem Cells and Differentiation.pptx,1,TEACHER REFERENCE — not projected to students,printed+run,TED-Ed — What are stem cells? (Craig A. Kohn) — https://www.youtube.com/watch?v=evH0I7Coc54,https://www.youtube.com/watch?v=evH0I7Coc54,external,,,external (not checked live),n/a — external,,
Cycle 16,Cycle 16 — Mutations & Gene Expression (Unit 4),▶ LIVE — Cycle 16a — Stem Cells and Differentiation.pptx,4,Bellringer,run,"CK-12 Biology — Eukaryotic Gene Regulation (same DNA, different jobs)",https://flexbooks.ck12.org/cbook/ck-12-biology-flexbook-2.0/section/4.13/primary/lesson/eukaryotic-gene-regulation-bio/,external,,,external (not checked live),n/a — external,,
Cycle 16,Cycle 16 — Mutations & Gene Expression (Unit 4),▶ LIVE — Cycle 16a — Stem Cells and Differentiation.pptx,4,Bellringer,run,Learn.Genetics — The Nature of Stem Cells (open on arrival),https://learn.genetics.utah.edu/content/stemcells/scintro/,external,,,external (not checked live),n/a — external,,
Cycle 16,Cycle 16 — Mutations & Gene Expression (Unit 4),▶ LIVE — Cycle 16a — Stem Cells and Differentiation.pptx,4,Bellringer,run,Khan Academy — The Cell Cycle and Differentiation,https://www.khanacademy.org/science/hs-bio/x230b3ff252126bb6:the-cell-cycle-and-differentiation,external,,,external (not checked live),n/a — external,,
Cycle 16,Cycle 16 — Mutations & Gene Expression (Unit 4),▶ LIVE — Cycle 16a — Stem Cells and Differentiation.pptx,31,Optional challenge,run,"Background — The Nature of Stem Cells (Learn.Genetics, University of Utah)",https://learn.genetics.utah.edu/content/stemcells/scintro/,external,,,external (not checked live),n/a — external,,
Cycle 16,Cycle 16 — Mutations & Gene Expression (Unit 4),▶ LIVE — Cycle 16a — Stem Cells and Differentiation.pptx,35,Activity and resource links,printed+run,https://flexbooks.ck12.org/cbook/ck-12-biology-flexbook-2.0/section/4.13/primary/lesson/eukaryotic-gene-regulation-bio/,https://flexbooks.ck12.org/cbook/ck-12-biology-flexbook-2.0/section/4.13/primary/lesson/eukaryotic-gene-regulation-bio/,external,,,external (not checked live),n/a — external,,
Cycle 16,Cycle 16 — Mutations & Gene Expression (Unit 4),▶ LIVE — Cycle 16a — Stem Cells and Differentiation.pptx,35,Activity and resource links,printed+run,https://learn.genetics.utah.edu/content/stemcells/scintro/,https://learn.genetics.utah.edu/content/stemcells/scintro/,external,,,external (not checked live),n/a — external,,
Cycle 16,Cycle 16 — Mutations & Gene Expression (Unit 4),▶ LIVE — Cycle 16a — Stem Cells and Differentiation.pptx,35,Activity and resource links,printed+run,https://www.khanacademy.org/science/hs-bio/x230b3ff252126bb6:the-cell-cycle-and-differentiation,https://www.khanacademy.org/science/hs-bio/x230b3ff252126bb6:the-cell-cycle-and-differentiation,external,,,external (not checked live),n/a — external,,
Cycle 16,Cycle 16 — Mutations & Gene Expression (Unit 4),▶ LIVE — Cycle 16a — Stem Cells and Differentiation.pptx,36,Image credits,printed,"Slide 20, Case B — Mast cells in bone marrow.jpg · Vortioxetine · CC BY-SA 4.0 · https://commons.wikimedia.org/w/index.php?curid=115136080",https://commons.wikimedia.org/w/index.php?curid=115136080,external,,,external (not checked live),n/a — external,,
Cycle 16,Cycle 16 — Mutations & Gene Expression (Unit 4),▶ LIVE — Cycle 16a — Stem Cells and Differentiation.pptx,36,Image credits,printed,"Slide 9, Case B — Humanstemcell.JPG · Ryddragyn at English · Public domain · https://commons.wikimedia.org/w/index.php?curid=2148036",https://commons.wikimedia.org/w/index.php?curid=2148036,external,,,external (not checked live),n/a — external,,
Cycle 16,Cycle 16 — Mutations & Gene Expression (Unit 4),▶ LIVE — Cycle 16a — Stem Cells and Differentiation.pptx,36,Image credits,printed,"Slide 9, Case A — Muskel ( 1).jpg · Rollroboter · CC BY-SA 3.0 · https://commons.wikimedia.org/w/index.php?curid=30263225",https://commons.wikimedia.org/w/index.php?curid=30263225,external,,,external (not checked live),n/a — external,,
Cycle 16,Cycle 16 — Mutations & Gene Expression (Unit 4),▶ LIVE — Cycle 16a — Stem Cells and Differentiation.pptx,36,Image credits,printed,"Slide 20, Case A — Blastocyst, day 5.JPG · Ekem at English Wikipedia · Public domain · https://commons.wikimedia.org/w/index.php?curid=3447851",https://commons.wikimedia.org/w/index.php?curid=3447851,external,,,external (not checked live),n/a — external,,
Cycle 16,Cycle 16 — Mutations & Gene Expression (Unit 4),▶ LIVE — Cycle 16a — Stem Cells and Differentiation.pptx,36,Image credits,printed,"Icons: Twemoji by X/Twitter, CC BY 4.0 — https://github.com/jdecked/twemoji",https://github.com/jdecked/twemoji,external,,,external (not checked live),n/a — external,,
Cycle 16,Cycle 16 — Mutations & Gene Expression (Unit 4),▶ LIVE — Cycle 16a — Stem Cells and Differentiation.pptx,36,Image credits,printed,Slide 10 — Gene Regulation (Talking Glossary illustration) · Courtesy: National Human Genome Research Institute · Public domain · https://www.genome.gov/genetics-glossary/Gene-Regulation,https://www.genome.gov/genetics-glossary/Gene-Regulation,external,,,external (not checked live),n/a — external,,
Cycle 16,Cycle 16 — Mutations & Gene Expression (Unit 4),▶ LIVE — Cycle 16b — Genetic Mutations — with Concept Bank.pptx,1,TEACHER REFERENCE — not projected to students,printed,Gizmo: Evolution: Mutation and Selection (ExploreLearning — subscription) — https://gizmos.explorelearning.com/find-gizmos/lesson-info?resourceId=554,https://gizmos.explorelearning.com/find-gizmos/lesson-info?resourceId=554,external,,,external (not checked live),n/a — external,,
Cycle 16,Cycle 16 — Mutations & Gene Expression (Unit 4),▶ LIVE — Cycle 16b — Genetic Mutations — with Concept Bank.pptx,1,TEACHER REFERENCE — not projected to students,printed,Learn.Genetics — Transcribe & Translate a Gene — https://learn.genetics.utah.edu/content/basics/txtl/,https://learn.genetics.utah.edu/content/basics/txtl/,external,,,external (not checked live),n/a — external,,
Cycle 16,Cycle 16 — Mutations & Gene Expression (Unit 4),▶ LIVE — Cycle 16b — Genetic Mutations — with Concept Bank.pptx,1,TEACHER REFERENCE — not projected to students,printed,Amoeba Sisters — Mutations (Updated) — https://www.youtube.com/watch?v=vl6Vlf2thvI,https://www.youtube.com/watch?v=vl6Vlf2thvI,external,,,external (not checked live),n/a — external,,
Cycle 16,Cycle 16 — Mutations & Gene Expression (Unit 4),▶ LIVE — Cycle 16b — Genetic Mutations — with Concept Bank.pptx,4,Bellringer,run,CK-12 Biology — Mutation Types,https://flexbooks.ck12.org/cbook/ck-12-biology-flexbook-2.0/section/4.8/primary/lesson/mutation-types-bio/,external,,,external (not checked live),n/a — external,,
Cycle 16,Cycle 16 — Mutations & Gene Expression (Unit 4),▶ LIVE — Cycle 16b — Genetic Mutations — with Concept Bank.pptx,4,Bellringer,run,Learn.Genetics — Build a DNA Molecule (open on arrival),https://learn.genetics.utah.edu/content/basics/builddna/,external,,,external (not checked live),n/a — external,,
Cycle 16,Cycle 16 — Mutations & Gene Expression (Unit 4),▶ LIVE — Cycle 16b — Genetic Mutations — with Concept Bank.pptx,4,Bellringer,run,Khan Academy — Codons and Mutations (practice),https://www.khanacademy.org/science/high-school-biology/hs-molecular-genetics/hs-rna-and-protein-synthesis/e/hs-mutations,external,,,external (not checked live),n/a — external,,
Cycle 16,Cycle 16 — Mutations & Gene Expression (Unit 4),▶ LIVE — Cycle 16b — Genetic Mutations — with Concept Bank.pptx,27,Optional challenge,run,"Background — Transcribe & Translate a Gene (Learn.Genetics, University of Utah)",https://learn.genetics.utah.edu/content/basics/txtl/,external,,,external (not checked live),n/a — external,,
Cycle 16,Cycle 16 — Mutations & Gene Expression (Unit 4),▶ LIVE — Cycle 16b — Genetic Mutations — with Concept Bank.pptx,29,CONCEPT BANK,run,CK-12 Biology — Mutation Types,https://flexbooks.ck12.org/cbook/ck-12-biology-flexbook-2.0/section/4.8/primary/lesson/mutation-types-bio/,external,,,external (not checked live),n/a — external,,
Cycle 16,Cycle 16 — Mutations & Gene Expression (Unit 4),▶ LIVE — Cycle 16b — Genetic Mutations — with Concept Bank.pptx,29,CONCEPT BANK,run,Khan Academy — Codons and Mutations (practice),https://www.khanacademy.org/science/high-school-biology/hs-molecular-genetics/hs-rna-and-protein-synthesis/e/hs-mutations,external,,,external (not checked live),n/a — external,,
Cycle 16,Cycle 16 — Mutations & Gene Expression (Unit 4),▶ LIVE — Cycle 16b — Genetic Mutations — with Concept Bank.pptx,31,Activity and resource links,printed+run,https://flexbooks.ck12.org/cbook/ck-12-biology-flexbook-2.0/section/4.8/primary/lesson/mutation-types-bio/,https://flexbooks.ck12.org/cbook/ck-12-biology-flexbook-2.0/section/4.8/primary/lesson/mutation-types-bio/,external,,,external (not checked live),n/a — external,,
Cycle 16,Cycle 16 — Mutations & Gene Expression (Unit 4),▶ LIVE — Cycle 16b — Genetic Mutations — with Concept Bank.pptx,31,Activity and resource links,printed+run,https://learn.genetics.utah.edu/content/basics/builddna/,https://learn.genetics.utah.edu/content/basics/builddna/,external,,,external (not checked live),n/a — external,,
Cycle 16,Cycle 16 — Mutations & Gene Expression (Unit 4),▶ LIVE — Cycle 16b — Genetic Mutations — with Concept Bank.pptx,31,Activity and resource links,printed+run,Optional challenge background — Transcribe & Translate a Gene (Learn.Genetics),https://learn.genetics.utah.edu/content/basics/txtl/,external,,,external (not checked live),n/a — external,,
Cycle 16,Cycle 16 — Mutations & Gene Expression (Unit 4),▶ LIVE — Cycle 16b — Genetic Mutations — with Concept Bank.pptx,31,Activity and resource links,printed+run,https://www.khanacademy.org/science/high-school-biology/hs-molecular-genetics/hs-rna-and-protein-synthesis/e/hs-mutations,https://www.khanacademy.org/science/high-school-biology/hs-molecular-genetics/hs-rna-and-protein-synthesis/e/hs-mutations,external,,,external (not checked live),n/a — external,,
Cycle 16,Cycle 16 — Mutations & Gene Expression (Unit 4),▶ LIVE — Cycle 16b — Genetic Mutations — with Concept Bank.pptx,31,Activity and resource links,printed,https://youtu.be/eDbK0cxKKsk,https://youtu.be/eDbK0cxKKsk,external,,,external (not checked live),n/a — external,,
Cycle 16,Cycle 16 — Mutations & Gene Expression (Unit 4),▶ LIVE — Cycle 16b — Genetic Mutations — with Concept Bank.pptx,32,Image credits,printed,"Slide 9, Case B — Frameshift mutations.png · Iacopo Leardini · Public domain · https://commons.wikimedia.org/w/index.php?curid=1456945",https://commons.wikimedia.org/w/index.php?curid=1456945,external,,,external (not checked live),n/a — external,,
Cycle 16,Cycle 16 — Mutations & Gene Expression (Unit 4),▶ LIVE — Cycle 16b — Genetic Mutations — with Concept Bank.pptx,32,Image credits,printed,"Slide 20, Case B — Sickle cells.jpg · Dr Graham Beards · CC BY-SA 3.0 · https://commons.wikimedia.org/w/index.php?curid=18421017",https://commons.wikimedia.org/w/index.php?curid=18421017,external,,,external (not checked live),n/a — external,,
Cycle 16,Cycle 16 — Mutations & Gene Expression (Unit 4),▶ LIVE — Cycle 16b — Genetic Mutations — with Concept Bank.pptx,32,Image credits,printed,"Slide 9, Case A — Single nucleotide polymorphism substitution mutation diagram - cytosin · NHS National Genetics and Genomics Education Centre · CC BY 2.0 · https://commons.wikimedia.org/w/index.php?c",https://commons.wikimedia.org/w/index.php?curid=50552431,external,,,external (not checked live),n/a — external,,
Cycle 16,Cycle 16 — Mutations & Gene Expression (Unit 4),▶ LIVE — Cycle 16b — Genetic Mutations — with Concept Bank.pptx,32,Image credits,printed,Slide 25 — Aminoacids table.svg (codon wheel) · Mouagip · Public domain · https://commons.wikimedia.org/w/index.php?curid=5986132,https://commons.wikimedia.org/w/index.php?curid=5986132,external,,,external (not checked live),n/a — external,,
Cycle 16,Cycle 16 — Mutations & Gene Expression (Unit 4),▶ LIVE — Cycle 16b — Genetic Mutations — with Concept Bank.pptx,32,Image credits,printed,"Slide 20, Case A — Red blood cells (2).jpg · Scootdive ( · CC BY-SA 3.0 · https://commons.wikimedia.org/w/index.php?curid=61508518",https://commons.wikimedia.org/w/index.php?curid=61508518,external,,,external (not checked live),n/a — external,,
Cycle 16,Cycle 16 — Mutations & Gene Expression (Unit 4),▶ LIVE — Cycle 16b — Genetic Mutations — with Concept Bank.pptx,32,Image credits,printed,"Icons: Twemoji by X/Twitter, CC BY 4.0 — https://github.com/jdecked/twemoji",https://github.com/jdecked/twemoji,external,,,external (not checked live),n/a — external,,
Cycle 16,Cycle 16 — Mutations & Gene Expression (Unit 4),▶ LIVE — Cycle 16b — Genetic Mutations.pptx,1,TEACHER REFERENCE — not projected to students,printed,Gizmo: Evolution: Mutation and Selection (ExploreLearning — subscription) — https://gizmos.explorelearning.com/find-gizmos/lesson-info?resourceId=554,https://gizmos.explorelearning.com/find-gizmos/lesson-info?resourceId=554,external,,,external (not checked live),n/a — external,,
Cycle 16,Cycle 16 — Mutations & Gene Expression (Unit 4),▶ LIVE — Cycle 16b — Genetic Mutations.pptx,1,TEACHER REFERENCE — not projected to students,printed,Learn.Genetics — Transcribe & Translate a Gene — https://learn.genetics.utah.edu/content/basics/txtl/,https://learn.genetics.utah.edu/content/basics/txtl/,external,,,external (not checked live),n/a — external,,
Cycle 16,Cycle 16 — Mutations & Gene Expression (Unit 4),▶ LIVE — Cycle 16b — Genetic Mutations.pptx,1,TEACHER REFERENCE — not projected to students,printed,Amoeba Sisters — Mutations (Updated) — https://www.youtube.com/watch?v=vl6Vlf2thvI,https://www.youtube.com/watch?v=vl6Vlf2thvI,external,,,external (not checked live),n/a — external,,
Cycle 16,Cycle 16 — Mutations & Gene Expression (Unit 4),▶ LIVE — Cycle 16b — Genetic Mutations.pptx,4,Bellringer,run,CK-12 Biology — Mutation Types,https://flexbooks.ck12.org/cbook/ck-12-biology-flexbook-2.0/section/4.8/primary/lesson/mutation-types-bio/,external,,,external (not checked live),n/a — external,,
Cycle 16,Cycle 16 — Mutations & Gene Expression (Unit 4),▶ LIVE — Cycle 16b — Genetic Mutations.pptx,4,Bellringer,run,Learn.Genetics — Build a DNA Molecule (open on arrival),https://learn.genetics.utah.edu/content/basics/builddna/,external,,,external (not checked live),n/a — external,,
Cycle 16,Cycle 16 — Mutations & Gene Expression (Unit 4),▶ LIVE — Cycle 16b — Genetic Mutations.pptx,4,Bellringer,run,Khan Academy — Codons and Mutations (practice),https://www.khanacademy.org/science/high-school-biology/hs-molecular-genetics/hs-rna-and-protein-synthesis/e/hs-mutations,external,,,external (not checked live),n/a — external,,
Cycle 16,Cycle 16 — Mutations & Gene Expression (Unit 4),▶ LIVE — Cycle 16b — Genetic Mutations.pptx,27,Optional challenge,run,"Background — Transcribe & Translate a Gene (Learn.Genetics, University of Utah)",https://learn.genetics.utah.edu/content/basics/txtl/,external,,,external (not checked live),n/a — external,,
Cycle 16,Cycle 16 — Mutations & Gene Expression (Unit 4),▶ LIVE — Cycle 16b — Genetic Mutations.pptx,30,Activity and resource links,printed+run,https://flexbooks.ck12.org/cbook/ck-12-biology-flexbook-2.0/section/4.8/primary/lesson/mutation-types-bio/,https://flexbooks.ck12.org/cbook/ck-12-biology-flexbook-2.0/section/4.8/primary/lesson/mutation-types-bio/,external,,,external (not checked live),n/a — external,,
Cycle 16,Cycle 16 — Mutations & Gene Expression (Unit 4),▶ LIVE — Cycle 16b — Genetic Mutations.pptx,30,Activity and resource links,printed+run,https://learn.genetics.utah.edu/content/basics/builddna/,https://learn.genetics.utah.edu/content/basics/builddna/,external,,,external (not checked live),n/a — external,,
Cycle 16,Cycle 16 — Mutations & Gene Expression (Unit 4),▶ LIVE — Cycle 16b — Genetic Mutations.pptx,30,Activity and resource links,printed+run,Optional challenge background — Transcribe & Translate a Gene (Learn.Genetics),https://learn.genetics.utah.edu/content/basics/txtl/,external,,,external (not checked live),n/a — external,,
Cycle 16,Cycle 16 — Mutations & Gene Expression (Unit 4),▶ LIVE — Cycle 16b — Genetic Mutations.pptx,30,Activity and resource links,printed+run,https://www.khanacademy.org/science/high-school-biology/hs-molecular-genetics/hs-rna-and-protein-synthesis/e/hs-mutations,https://www.khanacademy.org/science/high-school-biology/hs-molecular-genetics/hs-rna-and-protein-synthesis/e/hs-mutations,external,,,external (not checked live),n/a — external,,
Cycle 16,Cycle 16 — Mutations & Gene Expression (Unit 4),▶ LIVE — Cycle 16b — Genetic Mutations.pptx,30,Activity and resource links,printed,https://youtu.be/eDbK0cxKKsk,https://youtu.be/eDbK0cxKKsk,external,,,external (not checked live),n/a — external,,
Cycle 16,Cycle 16 — Mutations & Gene Expression (Unit 4),▶ LIVE — Cycle 16b — Genetic Mutations.pptx,31,Image credits,printed,"Slide 9, Case B — Frameshift mutations.png · Iacopo Leardini · Public domain · https://commons.wikimedia.org/w/index.php?curid=1456945",https://commons.wikimedia.org/w/index.php?curid=1456945,external,,,external (not checked live),n/a — external,,
Cycle 16,Cycle 16 — Mutations & Gene Expression (Unit 4),▶ LIVE — Cycle 16b — Genetic Mutations.pptx,31,Image credits,printed,"Slide 20, Case B — Sickle cells.jpg · Dr Graham Beards · CC BY-SA 3.0 · https://commons.wikimedia.org/w/index.php?curid=18421017",https://commons.wikimedia.org/w/index.php?curid=18421017,external,,,external (not checked live),n/a — external,,
Cycle 16,Cycle 16 — Mutations & Gene Expression (Unit 4),▶ LIVE — Cycle 16b — Genetic Mutations.pptx,31,Image credits,printed,"Slide 9, Case A — Single nucleotide polymorphism substitution mutation diagram - cytosin · NHS National Genetics and Genomics Education Centre · CC BY 2.0 · https://commons.wikimedia.org/w/index.php?c",https://commons.wikimedia.org/w/index.php?curid=50552431,external,,,external (not checked live),n/a — external,,
Cycle 16,Cycle 16 — Mutations & Gene Expression (Unit 4),▶ LIVE — Cycle 16b — Genetic Mutations.pptx,31,Image credits,printed,Slide 25 — Aminoacids table.svg (codon wheel) · Mouagip · Public domain · https://commons.wikimedia.org/w/index.php?curid=5986132,https://commons.wikimedia.org/w/index.php?curid=5986132,external,,,external (not checked live),n/a — external,,
Cycle 16,Cycle 16 — Mutations & Gene Expression (Unit 4),▶ LIVE — Cycle 16b — Genetic Mutations.pptx,31,Image credits,printed,"Slide 20, Case A — Red blood cells (2).jpg · Scootdive ( · CC BY-SA 3.0 · https://commons.wikimedia.org/w/index.php?curid=61508518",https://commons.wikimedia.org/w/index.php?curid=61508518,external,,,external (not checked live),n/a — external,,
Cycle 16,Cycle 16 — Mutations & Gene Expression (Unit 4),▶ LIVE — Cycle 16b — Genetic Mutations.pptx,31,Image credits,printed,"Icons: Twemoji by X/Twitter, CC BY 4.0 — https://github.com/jdecked/twemoji",https://github.com/jdecked/twemoji,external,,,external (not checked live),n/a — external,,
Cycle 16,Cycle 16 — Mutations & Gene Expression (Unit 4),▶ LIVE — Cycle 16c — Mutations and Genetic Disorders — with Concept Bank.pptx,1,TEACHER REFERENCE — not projected to students,printed,Gizmo: Human Karyotyping (ExploreLearning — subscription) — https://gizmos.explorelearning.com/find-gizmos/lesson-info?resourceId=440,https://gizmos.explorelearning.com/find-gizmos/lesson-info?resourceId=440,external,,,external (not checked live),n/a — external,,
Cycle 16,Cycle 16 — Mutations & Gene Expression (Unit 4),▶ LIVE — Cycle 16c — Mutations and Genetic Disorders — with Concept Bank.pptx,1,TEACHER REFERENCE — not projected to students,printed,Learn.Genetics — Single Gene Disorders — https://learn.genetics.utah.edu/content/disorders/singlegene/,https://learn.genetics.utah.edu/content/disorders/singlegene/,external,,,external (not checked live),n/a — external,,
Cycle 16,Cycle 16 — Mutations & Gene Expression (Unit 4),▶ LIVE — Cycle 16c — Mutations and Genetic Disorders — with Concept Bank.pptx,1,TEACHER REFERENCE — not projected to students,printed,Amoeba Sisters — Chromosomes and Karyotypes (UPDATED) — https://www.youtube.com/watch?v=c57rjL-30rs,https://www.youtube.com/watch?v=c57rjL-30rs,external,,,external (not checked live),n/a — external,,
Cycle 16,Cycle 16 — Mutations & Gene Expression (Unit 4),▶ LIVE — Cycle 16c — Mutations and Genetic Disorders — with Concept Bank.pptx,4,Bellringer,run,CK-12 Biology — Genetic Disorders,https://flexbooks.ck12.org/cbook/ck-12-biology-flexbook-2.0/section/3.12/primary/lesson/genetic-disorders-bio/,external,,,external (not checked live),n/a — external,,
Cycle 16,Cycle 16 — Mutations & Gene Expression (Unit 4),▶ LIVE — Cycle 16c — Mutations and Genetic Disorders — with Concept Bank.pptx,4,Bellringer,run,Learn.Genetics — Make a Karyotype (open on arrival),https://learn.genetics.utah.edu/content/basics/karyotype/,external,,,external (not checked live),n/a — external,,
Cycle 16,Cycle 16 — Mutations & Gene Expression (Unit 4),▶ LIVE — Cycle 16c — Mutations and Genetic Disorders — with Concept Bank.pptx,4,Bellringer,run,Khan Academy — Classical Genetics,https://www.khanacademy.org/science/high-school-biology/hs-classical-genetics,external,,,external (not checked live),n/a — external,,
Cycle 16,Cycle 16 — Mutations & Gene Expression (Unit 4),▶ LIVE — Cycle 16c — Mutations and Genetic Disorders — with Concept Bank.pptx,27,Optional challenge,run,"Background — Inheritance patterns (MedlinePlus Genetics, NIH/NLM)",https://medlineplus.gov/genetics/understanding/inheritance/inheritancepatterns/,external,,,external (not checked live),n/a — external,,
Cycle 16,Cycle 16 — Mutations & Gene Expression (Unit 4),▶ LIVE — Cycle 16c — Mutations and Genetic Disorders — with Concept Bank.pptx,28,Optional challenge,run,"Background — Inheritance patterns (MedlinePlus Genetics, NIH/NLM)",https://medlineplus.gov/genetics/understanding/inheritance/inheritancepatterns/,external,,,external (not checked live),n/a — external,,
Cycle 16,Cycle 16 — Mutations & Gene Expression (Unit 4),▶ LIVE — Cycle 16c — Mutations and Genetic Disorders — with Concept Bank.pptx,30,CONCEPT BANK,run,CK-12 Biology — Genetic Disorders,https://flexbooks.ck12.org/cbook/ck-12-biology-flexbook-2.0/section/3.12/primary/lesson/genetic-disorders-bio/,external,,,external (not checked live),n/a — external,,
Cycle 16,Cycle 16 — Mutations & Gene Expression (Unit 4),▶ LIVE — Cycle 16c — Mutations and Genetic Disorders — with Concept Bank.pptx,30,CONCEPT BANK,run,Khan Academy — Classical Genetics,https://www.khanacademy.org/science/high-school-biology/hs-classical-genetics,external,,,external (not checked live),n/a — external,,
Cycle 16,Cycle 16 — Mutations & Gene Expression (Unit 4),▶ LIVE — Cycle 16c — Mutations and Genetic Disorders — with Concept Bank.pptx,32,Activity and resource links,printed+run,https://flexbooks.ck12.org/cbook/ck-12-biology-flexbook-2.0/section/3.12/primary/lesson/genetic-disorders-bio/,https://flexbooks.ck12.org/cbook/ck-12-biology-flexbook-2.0/section/3.12/primary/lesson/genetic-disorders-bio/,external,,,external (not checked live),n/a — external,,
Cycle 16,Cycle 16 — Mutations & Gene Expression (Unit 4),▶ LIVE — Cycle 16c — Mutations and Genetic Disorders — with Concept Bank.pptx,32,Activity and resource links,printed+run,https://learn.genetics.utah.edu/content/basics/karyotype/,https://learn.genetics.utah.edu/content/basics/karyotype/,external,,,external (not checked live),n/a — external,,
Cycle 16,Cycle 16 — Mutations & Gene Expression (Unit 4),▶ LIVE — Cycle 16c — Mutations and Genetic Disorders — with Concept Bank.pptx,32,Activity and resource links,printed+run,Optional challenge background — MedlinePlus Genetics: Inheritance patterns (NIH/NLM),https://medlineplus.gov/genetics/understanding/inheritance/inheritancepatterns/,external,,,external (not checked live),n/a — external,,
Cycle 16,Cycle 16 — Mutations & Gene Expression (Unit 4),▶ LIVE — Cycle 16c — Mutations and Genetic Disorders — with Concept Bank.pptx,32,Activity and resource links,printed+run,https://www.khanacademy.org/science/high-school-biology/hs-classical-genetics,https://www.khanacademy.org/science/high-school-biology/hs-classical-genetics,external,,,external (not checked live),n/a — external,,
Cycle 16,Cycle 16 — Mutations & Gene Expression (Unit 4),▶ LIVE — Cycle 16c — Mutations and Genetic Disorders — with Concept Bank.pptx,33,Image credits,printed,"Slide 18, Case A — Point-Mutation-Sickle-Cell-Normal and Mutated-Hemoglobin.png · Thomas Samuel for ACC-Bi · CC BY-SA 4.0 · https://commons.wikimedia.org/w/index.php?curid=41777329",https://commons.wikimedia.org/w/index.php?curid=41777329,external,,,external (not checked live),n/a — external,,
Cycle 16,Cycle 16 — Mutations & Gene Expression (Unit 4),▶ LIVE — Cycle 16c — Mutations and Genetic Disorders — with Concept Bank.pptx,33,Image credits,printed,"Slide 9, Case A — Normal Epidermis and Dermis with Intradermal Nevus 10x.JPG · Kilbad · Public domain · https://commons.wikimedia.org/w/index.php?curid=5010588",https://commons.wikimedia.org/w/index.php?curid=5010588,external,,,external (not checked live),n/a — external,,
Cycle 16,Cycle 16 — Mutations & Gene Expression (Unit 4),▶ LIVE — Cycle 16c — Mutations and Genetic Disorders — with Concept Bank.pptx,33,Image credits,printed,"Slide 9, Case B — Egg cell fertilization - Zygote.png · Sciencia58 · CC0 · https://commons.wikimedia.org/w/index.php?curid=82980004",https://commons.wikimedia.org/w/index.php?curid=82980004,external,,,external (not checked live),n/a — external,,
Cycle 16,Cycle 16 — Mutations & Gene Expression (Unit 4),▶ LIVE — Cycle 16c — Mutations and Genetic Disorders — with Concept Bank.pptx,33,Image credits,printed,"Slide 18, Case B — Down Syndrome Karyotype.png · Courtesy: National Human Genome Research Institute · Public domain · https://commons.wikimedia.org/w/index.php?curid=889304",https://commons.wikimedia.org/w/index.php?curid=889304,external,,,external (not checked live),n/a — external,,
Cycle 16,Cycle 16 — Mutations & Gene Expression (Unit 4),▶ LIVE — Cycle 16c — Mutations and Genetic Disorders — with Concept Bank.pptx,33,Image credits,printed,"Icons: Twemoji by X/Twitter, CC BY 4.0 — https://github.com/jdecked/twemoji",https://github.com/jdecked/twemoji,external,,,external (not checked live),n/a — external,,
Cycle 16,Cycle 16 — Mutations & Gene Expression (Unit 4),▶ LIVE — Cycle 16c — Mutations and Genetic Disorders — with Concept Bank.pptx,33,Image credits,printed,"Slide 7, column 3 — Down Syndrome (Trisomy 21) karyotype · Courtesy: National Human Genome Research Institute · Public domain · https://www.genome.gov/genetics-glossary/Down-Syndrome-Trisomy-21",https://www.genome.gov/genetics-glossary/Down-Syndrome-Trisomy-21,external,,,external (not checked live),n/a — external,,
Cycle 16,Cycle 16 — Mutations & Gene Expression (Unit 4),▶ LIVE — Cycle 16c — Mutations and Genetic Disorders — with Concept Bank.pptx,33,Image credits,printed,"Slide 7, column 1 — Mutation (Talking Glossary illustration, DNA-sequence detail) · Courtesy: National Human Genome Research Institute · Public domain · https://www.genome.gov/genetics-glossary/Mutati",https://www.genome.gov/genetics-glossary/Mutation,external,,,external (not checked live),n/a — external,,
Cycle 16,Cycle 16 — Mutations & Gene Expression (Unit 4),▶ LIVE — Cycle 16c — Mutations and Genetic Disorders — with Concept Bank.pptx,33,Image credits,printed,"Slide 7, column 2 — Structural Variation (Talking Glossary illustration) · Courtesy: National Human Genome Research Institute · Public domain · https://www.genome.gov/genetics-glossary/Structural-Vari",https://www.genome.gov/genetics-glossary/Structural-Variation,external,,,external (not checked live),n/a — external,,
Cycle 16,Cycle 16 — Mutations & Gene Expression (Unit 4),▶ LIVE — Cycle 16c — Mutations and Genetic Disorders.pptx,1,TEACHER REFERENCE — not projected to students,printed,Gizmo: Human Karyotyping (ExploreLearning — subscription) — https://gizmos.explorelearning.com/find-gizmos/lesson-info?resourceId=440,https://gizmos.explorelearning.com/find-gizmos/lesson-info?resourceId=440,external,,,external (not checked live),n/a — external,,
Cycle 16,Cycle 16 — Mutations & Gene Expression (Unit 4),▶ LIVE — Cycle 16c — Mutations and Genetic Disorders.pptx,1,TEACHER REFERENCE — not projected to students,printed,Learn.Genetics — Single Gene Disorders — https://learn.genetics.utah.edu/content/disorders/singlegene/,https://learn.genetics.utah.edu/content/disorders/singlegene/,external,,,external (not checked live),n/a — external,,
Cycle 16,Cycle 16 — Mutations & Gene Expression (Unit 4),▶ LIVE — Cycle 16c — Mutations and Genetic Disorders.pptx,1,TEACHER REFERENCE — not projected to students,printed,Amoeba Sisters — Chromosomes and Karyotypes (UPDATED) — https://www.youtube.com/watch?v=c57rjL-30rs,https://www.youtube.com/watch?v=c57rjL-30rs,external,,,external (not checked live),n/a — external,,
Cycle 16,Cycle 16 — Mutations & Gene Expression (Unit 4),▶ LIVE — Cycle 16c — Mutations and Genetic Disorders.pptx,4,Bellringer,run,CK-12 Biology — Genetic Disorders,https://flexbooks.ck12.org/cbook/ck-12-biology-flexbook-2.0/section/3.12/primary/lesson/genetic-disorders-bio/,external,,,external (not checked live),n/a — external,,
Cycle 16,Cycle 16 — Mutations & Gene Expression (Unit 4),▶ LIVE — Cycle 16c — Mutations and Genetic Disorders.pptx,4,Bellringer,run,Learn.Genetics — Make a Karyotype (open on arrival),https://learn.genetics.utah.edu/content/basics/karyotype/,external,,,external (not checked live),n/a — external,,
Cycle 16,Cycle 16 — Mutations & Gene Expression (Unit 4),▶ LIVE — Cycle 16c — Mutations and Genetic Disorders.pptx,4,Bellringer,run,Khan Academy — Classical Genetics,https://www.khanacademy.org/science/high-school-biology/hs-classical-genetics,external,,,external (not checked live),n/a — external,,
Cycle 16,Cycle 16 — Mutations & Gene Expression (Unit 4),▶ LIVE — Cycle 16c — Mutations and Genetic Disorders.pptx,27,Optional challenge,run,"Background — Inheritance patterns (MedlinePlus Genetics, NIH/NLM)",https://medlineplus.gov/genetics/understanding/inheritance/inheritancepatterns/,external,,,external (not checked live),n/a — external,,
Cycle 16,Cycle 16 — Mutations & Gene Expression (Unit 4),▶ LIVE — Cycle 16c — Mutations and Genetic Disorders.pptx,28,Optional challenge,run,"Background — Inheritance patterns (MedlinePlus Genetics, NIH/NLM)",https://medlineplus.gov/genetics/understanding/inheritance/inheritancepatterns/,external,,,external (not checked live),n/a — external,,
Cycle 16,Cycle 16 — Mutations & Gene Expression (Unit 4),▶ LIVE — Cycle 16c — Mutations and Genetic Disorders.pptx,31,Activity and resource links,printed+run,https://flexbooks.ck12.org/cbook/ck-12-biology-flexbook-2.0/section/3.12/primary/lesson/genetic-disorders-bio/,https://flexbooks.ck12.org/cbook/ck-12-biology-flexbook-2.0/section/3.12/primary/lesson/genetic-disorders-bio/,external,,,external (not checked live),n/a — external,,
Cycle 16,Cycle 16 — Mutations & Gene Expression (Unit 4),▶ LIVE — Cycle 16c — Mutations and Genetic Disorders.pptx,31,Activity and resource links,printed+run,https://learn.genetics.utah.edu/content/basics/karyotype/,https://learn.genetics.utah.edu/content/basics/karyotype/,external,,,external (not checked live),n/a — external,,
Cycle 16,Cycle 16 — Mutations & Gene Expression (Unit 4),▶ LIVE — Cycle 16c — Mutations and Genetic Disorders.pptx,31,Activity and resource links,printed+run,Optional challenge background — MedlinePlus Genetics: Inheritance patterns (NIH/NLM),https://medlineplus.gov/genetics/understanding/inheritance/inheritancepatterns/,external,,,external (not checked live),n/a — external,,
Cycle 16,Cycle 16 — Mutations & Gene Expression (Unit 4),▶ LIVE — Cycle 16c — Mutations and Genetic Disorders.pptx,31,Activity and resource links,printed+run,https://www.khanacademy.org/science/high-school-biology/hs-classical-genetics,https://www.khanacademy.org/science/high-school-biology/hs-classical-genetics,external,,,external (not checked live),n/a — external,,
Cycle 16,Cycle 16 — Mutations & Gene Expression (Unit 4),▶ LIVE — Cycle 16c — Mutations and Genetic Disorders.pptx,32,Image credits,printed,"Slide 18, Case A — Point-Mutation-Sickle-Cell-Normal and Mutated-Hemoglobin.png · Thomas Samuel for ACC-Bi · CC BY-SA 4.0 · https://commons.wikimedia.org/w/index.php?curid=41777329",https://commons.wikimedia.org/w/index.php?curid=41777329,external,,,external (not checked live),n/a — external,,
Cycle 16,Cycle 16 — Mutations & Gene Expression (Unit 4),▶ LIVE — Cycle 16c — Mutations and Genetic Disorders.pptx,32,Image credits,printed,"Slide 9, Case A — Normal Epidermis and Dermis with Intradermal Nevus 10x.JPG · Kilbad · Public domain · https://commons.wikimedia.org/w/index.php?curid=5010588",https://commons.wikimedia.org/w/index.php?curid=5010588,external,,,external (not checked live),n/a — external,,
Cycle 16,Cycle 16 — Mutations & Gene Expression (Unit 4),▶ LIVE — Cycle 16c — Mutations and Genetic Disorders.pptx,32,Image credits,printed,"Slide 9, Case B — Egg cell fertilization - Zygote.png · Sciencia58 · CC0 · https://commons.wikimedia.org/w/index.php?curid=82980004",https://commons.wikimedia.org/w/index.php?curid=82980004,external,,,external (not checked live),n/a — external,,
Cycle 16,Cycle 16 — Mutations & Gene Expression (Unit 4),▶ LIVE — Cycle 16c — Mutations and Genetic Disorders.pptx,32,Image credits,printed,"Slide 18, Case B — Down Syndrome Karyotype.png · Courtesy: National Human Genome Research Institute · Public domain · https://commons.wikimedia.org/w/index.php?curid=889304",https://commons.wikimedia.org/w/index.php?curid=889304,external,,,external (not checked live),n/a — external,,
Cycle 16,Cycle 16 — Mutations & Gene Expression (Unit 4),▶ LIVE — Cycle 16c — Mutations and Genetic Disorders.pptx,32,Image credits,printed,"Icons: Twemoji by X/Twitter, CC BY 4.0 — https://github.com/jdecked/twemoji",https://github.com/jdecked/twemoji,external,,,external (not checked live),n/a — external,,
Cycle 16,Cycle 16 — Mutations & Gene Expression (Unit 4),▶ LIVE — Cycle 16c — Mutations and Genetic Disorders.pptx,32,Image credits,printed,"Slide 7, column 3 — Down Syndrome (Trisomy 21) karyotype · Courtesy: National Human Genome Research Institute · Public domain · https://www.genome.gov/genetics-glossary/Down-Syndrome-Trisomy-21",https://www.genome.gov/genetics-glossary/Down-Syndrome-Trisomy-21,external,,,external (not checked live),n/a — external,,
Cycle 16,Cycle 16 — Mutations & Gene Expression (Unit 4),▶ LIVE — Cycle 16c — Mutations and Genetic Disorders.pptx,32,Image credits,printed,"Slide 7, column 1 — Mutation (Talking Glossary illustration, DNA-sequence detail) · Courtesy: National Human Genome Research Institute · Public domain · https://www.genome.gov/genetics-glossary/Mutati",https://www.genome.gov/genetics-glossary/Mutation,external,,,external (not checked live),n/a — external,,
Cycle 16,Cycle 16 — Mutations & Gene Expression (Unit 4),▶ LIVE — Cycle 16c — Mutations and Genetic Disorders.pptx,32,Image credits,printed,"Slide 7, column 2 — Structural Variation (Talking Glossary illustration) · Courtesy: National Human Genome Research Institute · Public domain · https://www.genome.gov/genetics-glossary/Structural-Vari",https://www.genome.gov/genetics-glossary/Structural-Variation,external,,,external (not checked live),n/a — external,,
Cycle 16,Cycle 16 — Mutations & Gene Expression (Unit 4),▶ LIVE — Cycle 16d — Biotechnology — with Concept Bank.pptx,1,TEACHER REFERENCE — not projected to students,printed,Gizmo: DNA Profiling (ExploreLearning — subscription) — https://gizmos.explorelearning.com/find-gizmos/lesson-info?resourceId=1092,https://gizmos.explorelearning.com/find-gizmos/lesson-info?resourceId=1092,external,,,external (not checked live),n/a — external,,
Cycle 16,Cycle 16 — Mutations & Gene Expression (Unit 4),▶ LIVE — Cycle 16d — Biotechnology — with Concept Bank.pptx,1,TEACHER REFERENCE — not projected to students,printed,Learn.Genetics — DNA Extraction virtual lab — https://learn.genetics.utah.edu/content/labs/extraction/,https://learn.genetics.utah.edu/content/labs/extraction/,external,,,external (not checked live),n/a — external,,
Cycle 16,Cycle 16 — Mutations & Gene Expression (Unit 4),▶ LIVE — Cycle 16d — Biotechnology — with Concept Bank.pptx,1,TEACHER REFERENCE — not projected to students,printed,Amoeba Sisters — Genetic Engineering — https://www.youtube.com/watch?v=CDw4WPng2iE,https://www.youtube.com/watch?v=CDw4WPng2iE,external,,,external (not checked live),n/a — external,,
Cycle 16,Cycle 16 — Mutations & Gene Expression (Unit 4),▶ LIVE — Cycle 16d — Biotechnology — with Concept Bank.pptx,1,TEACHER REFERENCE — not projected to students,printed,Amoeba Sisters — Gel Electrophoresis — https://www.youtube.com/watch?v=ZDZUAleWX78,https://www.youtube.com/watch?v=ZDZUAleWX78,external,,,external (not checked live),n/a — external,,
Cycle 16,Cycle 16 — Mutations & Gene Expression (Unit 4),▶ LIVE — Cycle 16d — Biotechnology — with Concept Bank.pptx,4,Bellringer,run,CK-12 Biology — Biotechnology,https://flexbooks.ck12.org/cbook/ck-12-biology-flexbook-2.0/section/3.13/primary/lesson/biotechnology-bio/,external,,,external (not checked live),n/a — external,,
Cycle 16,Cycle 16 — Mutations & Gene Expression (Unit 4),▶ LIVE — Cycle 16d — Biotechnology — with Concept Bank.pptx,4,Bellringer,run,Learn.Genetics — Gel Electrophoresis virtual lab (open on arrival),https://learn.genetics.utah.edu/content/labs/gel/,external,,,external (not checked live),n/a — external,,
Cycle 16,Cycle 16 — Mutations & Gene Expression (Unit 4),▶ LIVE — Cycle 16d — Biotechnology — with Concept Bank.pptx,4,Bellringer,run,Khan Academy — Biotechnology,https://www.khanacademy.org/science/high-school-biology/hs-molecular-genetics/hs-biotechnology,external,,,external (not checked live),n/a — external,,
Cycle 16,Cycle 16 — Mutations & Gene Expression (Unit 4),▶ LIVE — Cycle 16d — Biotechnology — with Concept Bank.pptx,28,Optional challenge,run,"Background — Gel Electrophoresis virtual lab (Learn.Genetics, University of Utah)",https://learn.genetics.utah.edu/content/labs/gel/,external,,,external (not checked live),n/a — external,,
Cycle 16,Cycle 16 — Mutations & Gene Expression (Unit 4),▶ LIVE — Cycle 16d — Biotechnology — with Concept Bank.pptx,30,CONCEPT BANK,run,CK-12 Biology — Biotechnology,https://flexbooks.ck12.org/cbook/ck-12-biology-flexbook-2.0/section/3.13/primary/lesson/biotechnology-bio/,external,,,external (not checked live),n/a — external,,
Cycle 16,Cycle 16 — Mutations & Gene Expression (Unit 4),▶ LIVE — Cycle 16d — Biotechnology — with Concept Bank.pptx,30,CONCEPT BANK,run,Khan Academy — Biotechnology,https://www.khanacademy.org/science/high-school-biology/hs-molecular-genetics/hs-biotechnology,external,,,external (not checked live),n/a — external,,
Cycle 16,Cycle 16 — Mutations & Gene Expression (Unit 4),▶ LIVE — Cycle 16d — Biotechnology — with Concept Bank.pptx,32,Activity and resource links,printed+run,https://flexbooks.ck12.org/cbook/ck-12-biology-flexbook-2.0/section/3.13/primary/lesson/biotechnology-bio/,https://flexbooks.ck12.org/cbook/ck-12-biology-flexbook-2.0/section/3.13/primary/lesson/biotechnology-bio/,external,,,external (not checked live),n/a — external,,
Cycle 16,Cycle 16 — Mutations & Gene Expression (Unit 4),▶ LIVE — Cycle 16d — Biotechnology — with Concept Bank.pptx,32,Activity and resource links,printed+run,https://learn.genetics.utah.edu/content/labs/gel/,https://learn.genetics.utah.edu/content/labs/gel/,external,,,external (not checked live),n/a — external,,
Cycle 16,Cycle 16 — Mutations & Gene Expression (Unit 4),▶ LIVE — Cycle 16d — Biotechnology — with Concept Bank.pptx,32,Activity and resource links,printed+run,https://www.khanacademy.org/science/high-school-biology/hs-molecular-genetics/hs-biotechnology,https://www.khanacademy.org/science/high-school-biology/hs-molecular-genetics/hs-biotechnology,external,,,external (not checked live),n/a — external,,
Cycle 16,Cycle 16 — Mutations & Gene Expression (Unit 4),▶ LIVE — Cycle 16d — Biotechnology — with Concept Bank.pptx,32,Activity and resource links,printed,https://youtu.be/0xv0CBujwZU,https://youtu.be/0xv0CBujwZU,external,,,external (not checked live),n/a — external,,
Cycle 16,Cycle 16 — Mutations & Gene Expression (Unit 4),▶ LIVE — Cycle 16d — Biotechnology — with Concept Bank.pptx,32,Activity and resource links,printed,https://youtu.be/2G-yUuiqIZ0,https://youtu.be/2G-yUuiqIZ0,external,,,external (not checked live),n/a — external,,
Cycle 16,Cycle 16 — Mutations & Gene Expression (Unit 4),▶ LIVE — Cycle 16d — Biotechnology — with Concept Bank.pptx,32,Activity and resource links,printed,https://youtu.be/6tw_JVz_IEc,https://youtu.be/6tw_JVz_IEc,external,,,external (not checked live),n/a — external,,
Cycle 16,Cycle 16 — Mutations & Gene Expression (Unit 4),▶ LIVE — Cycle 16d — Biotechnology — with Concept Bank.pptx,33,Image credits,printed,"Slide 9, Case A — Big and little dog 1.jpg · Ellen Levy Finch / en:User:Elf (uploaded by TBjo · CC BY-SA 3.0 · https://commons.wikimedia.org/w/index.php?curid=1063919",https://commons.wikimedia.org/w/index.php?curid=1063919,external,,,external (not checked live),n/a — external,,
Cycle 16,Cycle 16 — Mutations & Gene Expression (Unit 4),▶ LIVE — Cycle 16d — Biotechnology — with Concept Bank.pptx,33,Image credits,printed,"Slide 9, Case B — GFP Mice 01.jpg · see above · CC BY 2.0 · https://commons.wikimedia.org/w/index.php?curid=18345103",https://commons.wikimedia.org/w/index.php?curid=18345103,external,,,external (not checked live),n/a — external,,
Cycle 16,Cycle 16 — Mutations & Gene Expression (Unit 4),▶ LIVE — Cycle 16d — Biotechnology — with Concept Bank.pptx,33,Image credits,printed,"Slide 18, Case A — Plasmid (english).svg · User:Spaully on English wikipedia · CC BY-SA 2.5 · https://commons.wikimedia.org/w/index.php?curid=2080850",https://commons.wikimedia.org/w/index.php?curid=2080850,external,,,external (not checked live),n/a — external,,
Cycle 16,Cycle 16 — Mutations & Gene Expression (Unit 4),▶ LIVE — Cycle 16d — Biotechnology — with Concept Bank.pptx,33,Image credits,printed,"Slide 18, Case B — Recombinant formation of plasmids.svg · Minestrone Soup at · CC BY-SA 3.0 · https://commons.wikimedia.org/w/index.php?curid=46890662",https://commons.wikimedia.org/w/index.php?curid=46890662,external,,,external (not checked live),n/a — external,,
Cycle 16,Cycle 16 — Mutations & Gene Expression (Unit 4),▶ LIVE — Cycle 16d — Biotechnology — with Concept Bank.pptx,33,Image credits,printed,"Icons: Twemoji by X/Twitter, CC BY 4.0 — https://github.com/jdecked/twemoji",https://github.com/jdecked/twemoji,external,,,external (not checked live),n/a — external,,
Cycle 16,Cycle 16 — Mutations & Gene Expression (Unit 4),▶ LIVE — Cycle 16d — Biotechnology.pptx,1,TEACHER REFERENCE — not projected to students,printed,Gizmo: DNA Profiling (ExploreLearning — subscription) — https://gizmos.explorelearning.com/find-gizmos/lesson-info?resourceId=1092,https://gizmos.explorelearning.com/find-gizmos/lesson-info?resourceId=1092,external,,,external (not checked live),n/a — external,,
Cycle 16,Cycle 16 — Mutations & Gene Expression (Unit 4),▶ LIVE — Cycle 16d — Biotechnology.pptx,1,TEACHER REFERENCE — not projected to students,printed,Learn.Genetics — DNA Extraction virtual lab — https://learn.genetics.utah.edu/content/labs/extraction/,https://learn.genetics.utah.edu/content/labs/extraction/,external,,,external (not checked live),n/a — external,,
Cycle 16,Cycle 16 — Mutations & Gene Expression (Unit 4),▶ LIVE — Cycle 16d — Biotechnology.pptx,1,TEACHER REFERENCE — not projected to students,printed,Amoeba Sisters — Genetic Engineering — https://www.youtube.com/watch?v=CDw4WPng2iE,https://www.youtube.com/watch?v=CDw4WPng2iE,external,,,external (not checked live),n/a — external,,
Cycle 16,Cycle 16 — Mutations & Gene Expression (Unit 4),▶ LIVE — Cycle 16d — Biotechnology.pptx,1,TEACHER REFERENCE — not projected to students,printed,Amoeba Sisters — Gel Electrophoresis — https://www.youtube.com/watch?v=ZDZUAleWX78,https://www.youtube.com/watch?v=ZDZUAleWX78,external,,,external (not checked live),n/a — external,,
Cycle 16,Cycle 16 — Mutations & Gene Expression (Unit 4),▶ LIVE — Cycle 16d — Biotechnology.pptx,4,Bellringer,run,CK-12 Biology — Biotechnology,https://flexbooks.ck12.org/cbook/ck-12-biology-flexbook-2.0/section/3.13/primary/lesson/biotechnology-bio/,external,,,external (not checked live),n/a — external,,
Cycle 16,Cycle 16 — Mutations & Gene Expression (Unit 4),▶ LIVE — Cycle 16d — Biotechnology.pptx,4,Bellringer,run,Learn.Genetics — Gel Electrophoresis virtual lab (open on arrival),https://learn.genetics.utah.edu/content/labs/gel/,external,,,external (not checked live),n/a — external,,
Cycle 16,Cycle 16 — Mutations & Gene Expression (Unit 4),▶ LIVE — Cycle 16d — Biotechnology.pptx,4,Bellringer,run,Khan Academy — Biotechnology,https://www.khanacademy.org/science/high-school-biology/hs-molecular-genetics/hs-biotechnology,external,,,external (not checked live),n/a — external,,
Cycle 16,Cycle 16 — Mutations & Gene Expression (Unit 4),▶ LIVE — Cycle 16d — Biotechnology.pptx,28,Optional challenge,run,"Background — Gel Electrophoresis virtual lab (Learn.Genetics, University of Utah)",https://learn.genetics.utah.edu/content/labs/gel/,external,,,external (not checked live),n/a — external,,
Cycle 16,Cycle 16 — Mutations & Gene Expression (Unit 4),▶ LIVE — Cycle 16d — Biotechnology.pptx,31,Activity and resource links,printed+run,https://flexbooks.ck12.org/cbook/ck-12-biology-flexbook-2.0/section/3.13/primary/lesson/biotechnology-bio/,https://flexbooks.ck12.org/cbook/ck-12-biology-flexbook-2.0/section/3.13/primary/lesson/biotechnology-bio/,external,,,external (not checked live),n/a — external,,
Cycle 16,Cycle 16 — Mutations & Gene Expression (Unit 4),▶ LIVE — Cycle 16d — Biotechnology.pptx,31,Activity and resource links,printed+run,https://learn.genetics.utah.edu/content/labs/gel/,https://learn.genetics.utah.edu/content/labs/gel/,external,,,external (not checked live),n/a — external,,
Cycle 16,Cycle 16 — Mutations & Gene Expression (Unit 4),▶ LIVE — Cycle 16d — Biotechnology.pptx,31,Activity and resource links,printed+run,https://www.khanacademy.org/science/high-school-biology/hs-molecular-genetics/hs-biotechnology,https://www.khanacademy.org/science/high-school-biology/hs-molecular-genetics/hs-biotechnology,external,,,external (not checked live),n/a — external,,
Cycle 16,Cycle 16 — Mutations & Gene Expression (Unit 4),▶ LIVE — Cycle 16d — Biotechnology.pptx,31,Activity and resource links,printed,https://youtu.be/0xv0CBujwZU,https://youtu.be/0xv0CBujwZU,external,,,external (not checked live),n/a — external,,
Cycle 16,Cycle 16 — Mutations & Gene Expression (Unit 4),▶ LIVE — Cycle 16d — Biotechnology.pptx,31,Activity and resource links,printed,https://youtu.be/2G-yUuiqIZ0,https://youtu.be/2G-yUuiqIZ0,external,,,external (not checked live),n/a — external,,
Cycle 16,Cycle 16 — Mutations & Gene Expression (Unit 4),▶ LIVE — Cycle 16d — Biotechnology.pptx,31,Activity and resource links,printed,https://youtu.be/6tw_JVz_IEc,https://youtu.be/6tw_JVz_IEc,external,,,external (not checked live),n/a — external,,
Cycle 16,Cycle 16 — Mutations & Gene Expression (Unit 4),▶ LIVE — Cycle 16d — Biotechnology.pptx,32,Image credits,printed,"Slide 9, Case A — Big and little dog 1.jpg · Ellen Levy Finch / en:User:Elf (uploaded by TBjo · CC BY-SA 3.0 · https://commons.wikimedia.org/w/index.php?curid=1063919",https://commons.wikimedia.org/w/index.php?curid=1063919,external,,,external (not checked live),n/a — external,,
Cycle 16,Cycle 16 — Mutations & Gene Expression (Unit 4),▶ LIVE — Cycle 16d — Biotechnology.pptx,32,Image credits,printed,"Slide 9, Case B — GFP Mice 01.jpg · see above · CC BY 2.0 · https://commons.wikimedia.org/w/index.php?curid=18345103",https://commons.wikimedia.org/w/index.php?curid=18345103,external,,,external (not checked live),n/a — external,,
Cycle 16,Cycle 16 — Mutations & Gene Expression (Unit 4),▶ LIVE — Cycle 16d — Biotechnology.pptx,32,Image credits,printed,"Slide 18, Case A — Plasmid (english).svg · User:Spaully on English wikipedia · CC BY-SA 2.5 · https://commons.wikimedia.org/w/index.php?curid=2080850",https://commons.wikimedia.org/w/index.php?curid=2080850,external,,,external (not checked live),n/a — external,,
Cycle 16,Cycle 16 — Mutations & Gene Expression (Unit 4),▶ LIVE — Cycle 16d — Biotechnology.pptx,32,Image credits,printed,"Slide 18, Case B — Recombinant formation of plasmids.svg · Minestrone Soup at · CC BY-SA 3.0 · https://commons.wikimedia.org/w/index.php?curid=46890662",https://commons.wikimedia.org/w/index.php?curid=46890662,external,,,external (not checked live),n/a — external,,
Cycle 16,Cycle 16 — Mutations & Gene Expression (Unit 4),▶ LIVE — Cycle 16d — Biotechnology.pptx,32,Image credits,printed,"Icons: Twemoji by X/Twitter, CC BY 4.0 — https://github.com/jdecked/twemoji",https://github.com/jdecked/twemoji,external,,,external (not checked live),n/a — external,,
Cycle 17,Cycle 17 — Darwin & Evidence of Evolution (Unit 4),▶ LIVE — Cycle 17 — Darwin & Evidence of Evolution — with Concept Bank.pptx,1,TEACHER REFERENCE — not projected to students,run,Gizmo — Human Evolution: Skull Analysis (subscription),https://gizmos.explorelearning.com/find-gizmos/lesson-info?resourceId=576,external,,,external (not checked live),n/a — external,,
Cycle 17,Cycle 17 — Darwin & Evidence of Evolution (Unit 4),▶ LIVE — Cycle 17 — Darwin & Evidence of Evolution — with Concept Bank.pptx,1,TEACHER REFERENCE — not projected to students,run,OneZoom — Tree of Life explorer,https://www.onezoom.org,external,,,external (not checked live),n/a — external,,
Cycle 17,Cycle 17 — Darwin & Evidence of Evolution (Unit 4),▶ LIVE — Cycle 17 — Darwin & Evidence of Evolution — with Concept Bank.pptx,1,TEACHER REFERENCE — not projected to students,run,Crash Course Biology — Evolution: It's a Thing,https://youtu.be/P3GagfbA2vo,external,,,external (not checked live),n/a — external,,
Cycle 17,Cycle 17 — Darwin & Evidence of Evolution (Unit 4),▶ LIVE — Cycle 17 — Darwin & Evidence of Evolution — with Concept Bank.pptx,4,Bellringer,run,CK-12 Biology — Fossils,https://flexbooks.ck12.org/cbook/ck-12-biology-flexbook-2.0/section/5.15/primary/lesson/fossils-bio/,external,,,external (not checked live),n/a — external,,
Cycle 17,Cycle 17 — Darwin & Evidence of Evolution (Unit 4),▶ LIVE — Cycle 17 — Darwin & Evidence of Evolution — with Concept Bank.pptx,4,Bellringer,run,Run PhET Natural Selection for two minutes. Watch a population change while you watch it. Now remember: nobody was there to watch the changes this cycle is about.,https://phet.colorado.edu/sims/html/natural-selection/latest/natural-selection_en.html,external,,,external (not checked live),n/a — external,,
Cycle 17,Cycle 17 — Darwin & Evidence of Evolution (Unit 4),▶ LIVE — Cycle 17 — Darwin & Evidence of Evolution — with Concept Bank.pptx,4,Bellringer,run,Khan Academy — Evidence of Evolution,https://www.khanacademy.org/science/high-school-biology/hs-evolution/hs-evidence-of-evolution,external,,,external (not checked live),n/a — external,,
Cycle 17,Cycle 17 — Darwin & Evidence of Evolution (Unit 4),▶ LIVE — Cycle 17 — Darwin & Evidence of Evolution — with Concept Bank.pptx,16,Day 1 activity · Critical Aspect 1,run,Background for the teacher: UC Berkeley Understanding Evolution — The Evolution of Whales,https://evolution.berkeley.edu/what-are-evograms/the-evolution-of-whales/,external,,,external (not checked live),n/a — external,,
Cycle 17,Cycle 17 — Darwin & Evidence of Evolution (Unit 4),▶ LIVE — Cycle 17 — Darwin & Evidence of Evolution — with Concept Bank.pptx,25,Day 2 activity · Critical Aspect 2,run,Background for the teacher: UC Berkeley Understanding Evolution — Homologies and Analogies,https://evolution.berkeley.edu/evolution-101/the-history-of-life-looking-at-the-patterns/homologies-and-analogies/,external,,,external (not checked live),n/a — external,,
Cycle 17,Cycle 17 — Darwin & Evidence of Evolution (Unit 4),▶ LIVE — Cycle 17 — Darwin & Evidence of Evolution — with Concept Bank.pptx,27,Optional challenge,run,Open this for step 4: HHMI BioInteractive — Using DNA to Explore Lizard Phylogeny,https://www.biointeractive.org/classroom-resources/using-dna-explore-lizard-phylogeny,external,,,external (not checked live),n/a — external,,
Cycle 17,Cycle 17 — Darwin & Evidence of Evolution (Unit 4),▶ LIVE — Cycle 17 — Darwin & Evidence of Evolution — with Concept Bank.pptx,29,CONCEPT BANK,run,CK-12 Biology — Fossils,https://flexbooks.ck12.org/cbook/ck-12-biology-flexbook-2.0/section/5.15/primary/lesson/fossils-bio/,external,,,external (not checked live),n/a — external,,
Cycle 17,Cycle 17 — Darwin & Evidence of Evolution (Unit 4),▶ LIVE — Cycle 17 — Darwin & Evidence of Evolution — with Concept Bank.pptx,29,CONCEPT BANK,run,Khan Academy — Evidence of Evolution,https://www.khanacademy.org/science/high-school-biology/hs-evolution/hs-evidence-of-evolution,external,,,external (not checked live),n/a — external,,
Cycle 17,Cycle 17 — Darwin & Evidence of Evolution (Unit 4),▶ LIVE — Cycle 17 — Darwin & Evidence of Evolution — with Concept Bank.pptx,31,Activity and resource links,printed+run,https://evolution.berkeley.edu/evolution-101/the-history-of-life-looking-at-the-patterns/homologies-and-analogies/,https://evolution.berkeley.edu/evolution-101/the-history-of-life-looking-at-the-patterns/homologies-and-analogies/,external,,,external (not checked live),n/a — external,,
Cycle 17,Cycle 17 — Darwin & Evidence of Evolution (Unit 4),▶ LIVE — Cycle 17 — Darwin & Evidence of Evolution — with Concept Bank.pptx,31,Activity and resource links,printed+run,UC Berkeley Understanding Evolution — The Evolution of Whales (Day 1 whale activity),https://evolution.berkeley.edu/what-are-evograms/the-evolution-of-whales/,external,,,external (not checked live),n/a — external,,
Cycle 17,Cycle 17 — Darwin & Evidence of Evolution (Unit 4),▶ LIVE — Cycle 17 — Darwin & Evidence of Evolution — with Concept Bank.pptx,31,Activity and resource links,printed+run,https://flexbooks.ck12.org/cbook/ck-12-biology-flexbook-2.0/section/5.15/primary/lesson/fossils-bio/,https://flexbooks.ck12.org/cbook/ck-12-biology-flexbook-2.0/section/5.15/primary/lesson/fossils-bio/,external,,,external (not checked live),n/a — external,,
Cycle 17,Cycle 17 — Darwin & Evidence of Evolution (Unit 4),▶ LIVE — Cycle 17 — Darwin & Evidence of Evolution — with Concept Bank.pptx,31,Activity and resource links,printed+run,https://phet.colorado.edu/sims/html/natural-selection/latest/natural-selection_en.html,https://phet.colorado.edu/sims/html/natural-selection/latest/natural-selection_en.html,external,,,external (not checked live),n/a — external,,
Cycle 17,Cycle 17 — Darwin & Evidence of Evolution (Unit 4),▶ LIVE — Cycle 17 — Darwin & Evidence of Evolution — with Concept Bank.pptx,31,Activity and resource links,printed+run,https://www.biointeractive.org/classroom-resources/using-dna-explore-lizard-phylogeny,https://www.biointeractive.org/classroom-resources/using-dna-explore-lizard-phylogeny,external,,,external (not checked live),n/a — external,,
Cycle 17,Cycle 17 — Darwin & Evidence of Evolution (Unit 4),▶ LIVE — Cycle 17 — Darwin & Evidence of Evolution — with Concept Bank.pptx,31,Activity and resource links,printed+run,https://www.khanacademy.org/science/high-school-biology/hs-evolution/hs-evidence-of-evolution,https://www.khanacademy.org/science/high-school-biology/hs-evolution/hs-evidence-of-evolution,external,,,external (not checked live),n/a — external,,
Cycle 17,Cycle 17 — Darwin & Evidence of Evolution (Unit 4),▶ LIVE — Cycle 17 — Darwin & Evidence of Evolution — with Concept Bank.pptx,32,Image credits,printed,"Slide 20, Case B — Homology vertebrates-en.svg · Волков Владислав Петрович · CC BY-SA 4.0 · https://commons.wikimedia.org/w/index.php?curid=37704829",https://commons.wikimedia.org/w/index.php?curid=37704829,external,,,external (not checked live),n/a — external,,
Cycle 17,Cycle 17 — Darwin & Evidence of Evolution (Unit 4),▶ LIVE — Cycle 17 — Darwin & Evidence of Evolution — with Concept Bank.pptx,32,Image credits,printed,"Slide 9, Case A — Catalogue of the fossil fishes in the British Museum (Natural History) · Internet Archive Book Images · No restrictions · https://commons.wikimedia.org/w/index.php?curid=42073166",https://commons.wikimedia.org/w/index.php?curid=42073166,external,,,external (not checked live),n/a — external,,
Cycle 17,Cycle 17 — Darwin & Evidence of Evolution (Unit 4),▶ LIVE — Cycle 17 — Darwin & Evidence of Evolution — with Concept Bank.pptx,32,Image credits,printed,"Slide 20, Case A — Great Indian Flying Fox (Bat) (40813744885).jpg · Hari K Patibanda · CC BY 2.0 · https://commons.wikimedia.org/w/index.php?curid=93782566",https://commons.wikimedia.org/w/index.php?curid=93782566,external,,,external (not checked live),n/a — external,,
Cycle 17,Cycle 17 — Darwin & Evidence of Evolution (Unit 4),▶ LIVE — Cycle 17 — Darwin & Evidence of Evolution — with Concept Bank.pptx,32,Image credits,printed,"Slide 9, Case B — Ambulocetus skeleton.jpg · Hans Thewissen · CC BY 2.0 · https://commons.wikimedia.org/w/index.php?curid=93895675",https://commons.wikimedia.org/w/index.php?curid=93895675,external,,,external (not checked live),n/a — external,,
Cycle 17,Cycle 17 — Darwin & Evidence of Evolution (Unit 4),▶ LIVE — Cycle 17 — Darwin & Evidence of Evolution — with Concept Bank.pptx,32,Image credits,printed,Slide 16 — Ambulocetus BW.jpg · Nobu Tamura · CC BY 3.0 · https://commons.wikimedia.org/wiki/File:Ambulocetus_BW.jpg,https://commons.wikimedia.org/wiki/File:Ambulocetus_BW.jpg,external,,,external (not checked live),n/a — external,,
Cycle 17,Cycle 17 — Darwin & Evidence of Evolution (Unit 4),▶ LIVE — Cycle 17 — Darwin & Evidence of Evolution — with Concept Bank.pptx,32,Image credits,printed,"Slide 25 — Anatomy and physiology of animals Forelimb of a horse.jpg, rotated · Ruth Lawson, Otago Polytechnic · CC BY 3.0 · https://commons.wikimedia.org/wiki/File:Anatomy_and_physiology_of_animals_F",https://commons.wikimedia.org/wiki/File:Anatomy_and_physiology_of_animals_Forelimb_of_a_horse.jpg,external,,,external (not checked live),n/a — external,,
Cycle 17,Cycle 17 — Darwin & Evidence of Evolution (Unit 4),▶ LIVE — Cycle 17 — Darwin & Evidence of Evolution — with Concept Bank.pptx,32,Image credits,printed,"Slide 25 — human arm, bat wing and whale flipper panels, rotated, from Arm skeleton comparative NF 0102.5-2.png · Wilhelm Leche · Public domain · https://commons.wikimedia.org/wiki/File:Arm_skeleton_c",https://commons.wikimedia.org/wiki/File:Arm_skeleton_comparative_NF_0102.5-2.png,external,,,external (not checked live),n/a — external,,
Cycle 17,Cycle 17 — Darwin & Evidence of Evolution (Unit 4),▶ LIVE — Cycle 17 — Darwin & Evidence of Evolution — with Concept Bank.pptx,32,Image credits,printed,Slide 16 — Dorudon BW.jpg (flipped left to right) · Nobu Tamura · CC BY 3.0 · https://commons.wikimedia.org/wiki/File:Dorudon_BW.jpg,https://commons.wikimedia.org/wiki/File:Dorudon_BW.jpg,external,,,external (not checked live),n/a — external,,
Cycle 17,Cycle 17 — Darwin & Evidence of Evolution (Unit 4),▶ LIVE — Cycle 17 — Darwin & Evidence of Evolution — with Concept Bank.pptx,32,Image credits,printed,"Slide 16 — Eubalaena glacialis NOAA.jpg · NOAA, National Marine Fisheries Service · Public domain · https://commons.wikimedia.org/wiki/File:Eubalaena_glacialis_NOAA.jpg",https://commons.wikimedia.org/wiki/File:Eubalaena_glacialis_NOAA.jpg,external,,,external (not checked live),n/a — external,,
Cycle 17,Cycle 17 — Darwin & Evidence of Evolution (Unit 4),▶ LIVE — Cycle 17 — Darwin & Evidence of Evolution — with Concept Bank.pptx,32,Image credits,printed,Slide 17 — Grass snake (Natrix natrix) Pieniny.jpg · Charles J. Sharp · CC BY-SA 4.0 · https://commons.wikimedia.org/wiki/File:Grass_snake_(Natrix_natrix)_Pieniny.jpg,https://commons.wikimedia.org/wiki/File:Grass_snake_(Natrix_natrix,external,,,external (not checked live),n/a — external,,
Cycle 17,Cycle 17 — Darwin & Evidence of Evolution (Unit 4),▶ LIVE — Cycle 17 — Darwin & Evidence of Evolution — with Concept Bank.pptx,32,Image credits,printed,Slide 17 — Nile monitor (Varanus niloticus) 2.jpg · Charles J. Sharp · CC BY-SA 4.0 · https://commons.wikimedia.org/wiki/File:Nile_monitor_(Varanus_niloticus)_2.jpg,https://commons.wikimedia.org/wiki/File:Nile_monitor_(Varanus_niloticus,external,,,external (not checked live),n/a — external,,
Cycle 17,Cycle 17 — Darwin & Evidence of Evolution (Unit 4),▶ LIVE — Cycle 17 — Darwin & Evidence of Evolution — with Concept Bank.pptx,32,Image credits,printed,Slide 17 — Pachyrhachis 1.jpg · JaviDex · CC BY-SA 4.0 · https://commons.wikimedia.org/wiki/File:Pachyrhachis_1.jpg,https://commons.wikimedia.org/wiki/File:Pachyrhachis_1.jpg,external,,,external (not checked live),n/a — external,,
Cycle 17,Cycle 17 — Darwin & Evidence of Evolution (Unit 4),▶ LIVE — Cycle 17 — Darwin & Evidence of Evolution — with Concept Bank.pptx,32,Image credits,printed,Slide 16 — Pakicetus BW.jpg · Nobu Tamura · CC BY 3.0 · https://commons.wikimedia.org/wiki/File:Pakicetus_BW.jpg,https://commons.wikimedia.org/wiki/File:Pakicetus_BW.jpg,external,,,external (not checked live),n/a — external,,
Cycle 17,Cycle 17 — Darwin & Evidence of Evolution (Unit 4),▶ LIVE — Cycle 17 — Darwin & Evidence of Evolution — with Concept Bank.pptx,32,Image credits,printed,Slide 16 — Rhodocetus BW.jpg (flipped left to right) · Nobu Tamura · CC BY 3.0 · https://commons.wikimedia.org/wiki/File:Rhodocetus_BW.jpg,https://commons.wikimedia.org/wiki/File:Rhodocetus_BW.jpg,external,,,external (not checked live),n/a — external,,
Cycle 17,Cycle 17 — Darwin & Evidence of Evolution (Unit 4),▶ LIVE — Cycle 17 — Darwin & Evidence of Evolution — with Concept Bank.pptx,32,Image credits,printed,Slide 17 — Rudimentary hindlegs spurs in Boa constrictor snake.jpg · Stefan3345 · CC BY-SA 4.0 · https://commons.wikimedia.org/wiki/File:Rudimentary_hindlegs_spurs_in_Boa_constrictor_snake.jpg,https://commons.wikimedia.org/wiki/File:Rudimentary_hindlegs_spurs_in_Boa_constrictor_snake.jpg,external,,,external (not checked live),n/a — external,,
Cycle 17,Cycle 17 — Darwin & Evidence of Evolution (Unit 4),▶ LIVE — Cycle 17 — Darwin & Evidence of Evolution — with Concept Bank.pptx,32,Image credits,printed,"Icons: Twemoji by X/Twitter, CC BY 4.0 — https://github.com/jdecked/twemoji",https://github.com/jdecked/twemoji,external,,,external (not checked live),n/a — external,,
Cycle 17,Cycle 17 — Darwin & Evidence of Evolution (Unit 4),▶ LIVE — Cycle 17 — Darwin & Evidence of Evolution.pptx,1,TEACHER REFERENCE — not projected to students,run,Gizmo — Human Evolution: Skull Analysis (subscription),https://gizmos.explorelearning.com/find-gizmos/lesson-info?resourceId=576,external,,,external (not checked live),n/a — external,,
Cycle 17,Cycle 17 — Darwin & Evidence of Evolution (Unit 4),▶ LIVE — Cycle 17 — Darwin & Evidence of Evolution.pptx,1,TEACHER REFERENCE — not projected to students,run,OneZoom — Tree of Life explorer,https://www.onezoom.org,external,,,external (not checked live),n/a — external,,
Cycle 17,Cycle 17 — Darwin & Evidence of Evolution (Unit 4),▶ LIVE — Cycle 17 — Darwin & Evidence of Evolution.pptx,1,TEACHER REFERENCE — not projected to students,run,Crash Course Biology — Evolution: It's a Thing,https://youtu.be/P3GagfbA2vo,external,,,external (not checked live),n/a — external,,
Cycle 17,Cycle 17 — Darwin & Evidence of Evolution (Unit 4),▶ LIVE — Cycle 17 — Darwin & Evidence of Evolution.pptx,4,Bellringer,run,CK-12 Biology — Fossils,https://flexbooks.ck12.org/cbook/ck-12-biology-flexbook-2.0/section/5.15/primary/lesson/fossils-bio/,external,,,external (not checked live),n/a — external,,
Cycle 17,Cycle 17 — Darwin & Evidence of Evolution (Unit 4),▶ LIVE — Cycle 17 — Darwin & Evidence of Evolution.pptx,4,Bellringer,run,Run PhET Natural Selection for two minutes. Watch a population change while you watch it. Now remember: nobody was there to watch the changes this cycle is about.,https://phet.colorado.edu/sims/html/natural-selection/latest/natural-selection_en.html,external,,,external (not checked live),n/a — external,,
Cycle 17,Cycle 17 — Darwin & Evidence of Evolution (Unit 4),▶ LIVE — Cycle 17 — Darwin & Evidence of Evolution.pptx,4,Bellringer,run,Khan Academy — Evidence of Evolution,https://www.khanacademy.org/science/high-school-biology/hs-evolution/hs-evidence-of-evolution,external,,,external (not checked live),n/a — external,,
Cycle 17,Cycle 17 — Darwin & Evidence of Evolution (Unit 4),▶ LIVE — Cycle 17 — Darwin & Evidence of Evolution.pptx,16,Day 1 activity · Critical Aspect 1,run,Background for the teacher: UC Berkeley Understanding Evolution — The Evolution of Whales,https://evolution.berkeley.edu/what-are-evograms/the-evolution-of-whales/,external,,,external (not checked live),n/a — external,,
Cycle 17,Cycle 17 — Darwin & Evidence of Evolution (Unit 4),▶ LIVE — Cycle 17 — Darwin & Evidence of Evolution.pptx,25,Day 2 activity · Critical Aspect 2,run,Background for the teacher: UC Berkeley Understanding Evolution — Homologies and Analogies,https://evolution.berkeley.edu/evolution-101/the-history-of-life-looking-at-the-patterns/homologies-and-analogies/,external,,,external (not checked live),n/a — external,,
Cycle 17,Cycle 17 — Darwin & Evidence of Evolution (Unit 4),▶ LIVE — Cycle 17 — Darwin & Evidence of Evolution.pptx,27,Optional challenge,run,Open this for step 4: HHMI BioInteractive — Using DNA to Explore Lizard Phylogeny,https://www.biointeractive.org/classroom-resources/using-dna-explore-lizard-phylogeny,external,,,external (not checked live),n/a — external,,
Cycle 17,Cycle 17 — Darwin & Evidence of Evolution (Unit 4),▶ LIVE — Cycle 17 — Darwin & Evidence of Evolution.pptx,30,Activity and resource links,printed+run,https://evolution.berkeley.edu/evolution-101/the-history-of-life-looking-at-the-patterns/homologies-and-analogies/,https://evolution.berkeley.edu/evolution-101/the-history-of-life-looking-at-the-patterns/homologies-and-analogies/,external,,,external (not checked live),n/a — external,,
Cycle 17,Cycle 17 — Darwin & Evidence of Evolution (Unit 4),▶ LIVE — Cycle 17 — Darwin & Evidence of Evolution.pptx,30,Activity and resource links,printed+run,UC Berkeley Understanding Evolution — The Evolution of Whales (Day 1 whale activity),https://evolution.berkeley.edu/what-are-evograms/the-evolution-of-whales/,external,,,external (not checked live),n/a — external,,
Cycle 17,Cycle 17 — Darwin & Evidence of Evolution (Unit 4),▶ LIVE — Cycle 17 — Darwin & Evidence of Evolution.pptx,30,Activity and resource links,printed+run,https://flexbooks.ck12.org/cbook/ck-12-biology-flexbook-2.0/section/5.15/primary/lesson/fossils-bio/,https://flexbooks.ck12.org/cbook/ck-12-biology-flexbook-2.0/section/5.15/primary/lesson/fossils-bio/,external,,,external (not checked live),n/a — external,,
Cycle 17,Cycle 17 — Darwin & Evidence of Evolution (Unit 4),▶ LIVE — Cycle 17 — Darwin & Evidence of Evolution.pptx,30,Activity and resource links,printed+run,https://phet.colorado.edu/sims/html/natural-selection/latest/natural-selection_en.html,https://phet.colorado.edu/sims/html/natural-selection/latest/natural-selection_en.html,external,,,external (not checked live),n/a — external,,
Cycle 17,Cycle 17 — Darwin & Evidence of Evolution (Unit 4),▶ LIVE — Cycle 17 — Darwin & Evidence of Evolution.pptx,30,Activity and resource links,printed+run,https://www.biointeractive.org/classroom-resources/using-dna-explore-lizard-phylogeny,https://www.biointeractive.org/classroom-resources/using-dna-explore-lizard-phylogeny,external,,,external (not checked live),n/a — external,,
Cycle 17,Cycle 17 — Darwin & Evidence of Evolution (Unit 4),▶ LIVE — Cycle 17 — Darwin & Evidence of Evolution.pptx,30,Activity and resource links,printed+run,https://www.khanacademy.org/science/high-school-biology/hs-evolution/hs-evidence-of-evolution,https://www.khanacademy.org/science/high-school-biology/hs-evolution/hs-evidence-of-evolution,external,,,external (not checked live),n/a — external,,
Cycle 17,Cycle 17 — Darwin & Evidence of Evolution (Unit 4),▶ LIVE — Cycle 17 — Darwin & Evidence of Evolution.pptx,31,Image credits,printed,"Slide 20, Case B — Homology vertebrates-en.svg · Волков Владислав Петрович · CC BY-SA 4.0 · https://commons.wikimedia.org/w/index.php?curid=37704829",https://commons.wikimedia.org/w/index.php?curid=37704829,external,,,external (not checked live),n/a — external,,
Cycle 17,Cycle 17 — Darwin & Evidence of Evolution (Unit 4),▶ LIVE — Cycle 17 — Darwin & Evidence of Evolution.pptx,31,Image credits,printed,"Slide 9, Case A — Catalogue of the fossil fishes in the British Museum (Natural History) · Internet Archive Book Images · No restrictions · https://commons.wikimedia.org/w/index.php?curid=42073166",https://commons.wikimedia.org/w/index.php?curid=42073166,external,,,external (not checked live),n/a — external,,
Cycle 17,Cycle 17 — Darwin & Evidence of Evolution (Unit 4),▶ LIVE — Cycle 17 — Darwin & Evidence of Evolution.pptx,31,Image credits,printed,"Slide 20, Case A — Great Indian Flying Fox (Bat) (40813744885).jpg · Hari K Patibanda · CC BY 2.0 · https://commons.wikimedia.org/w/index.php?curid=93782566",https://commons.wikimedia.org/w/index.php?curid=93782566,external,,,external (not checked live),n/a — external,,
Cycle 17,Cycle 17 — Darwin & Evidence of Evolution (Unit 4),▶ LIVE — Cycle 17 — Darwin & Evidence of Evolution.pptx,31,Image credits,printed,"Slide 9, Case B — Ambulocetus skeleton.jpg · Hans Thewissen · CC BY 2.0 · https://commons.wikimedia.org/w/index.php?curid=93895675",https://commons.wikimedia.org/w/index.php?curid=93895675,external,,,external (not checked live),n/a — external,,
Cycle 17,Cycle 17 — Darwin & Evidence of Evolution (Unit 4),▶ LIVE — Cycle 17 — Darwin & Evidence of Evolution.pptx,31,Image credits,printed,Slide 16 — Ambulocetus BW.jpg · Nobu Tamura · CC BY 3.0 · https://commons.wikimedia.org/wiki/File:Ambulocetus_BW.jpg,https://commons.wikimedia.org/wiki/File:Ambulocetus_BW.jpg,external,,,external (not checked live),n/a — external,,
Cycle 17,Cycle 17 — Darwin & Evidence of Evolution (Unit 4),▶ LIVE — Cycle 17 — Darwin & Evidence of Evolution.pptx,31,Image credits,printed,"Slide 25 — Anatomy and physiology of animals Forelimb of a horse.jpg, rotated · Ruth Lawson, Otago Polytechnic · CC BY 3.0 · https://commons.wikimedia.org/wiki/File:Anatomy_and_physiology_of_animals_F",https://commons.wikimedia.org/wiki/File:Anatomy_and_physiology_of_animals_Forelimb_of_a_horse.jpg,external,,,external (not checked live),n/a — external,,
Cycle 17,Cycle 17 — Darwin & Evidence of Evolution (Unit 4),▶ LIVE — Cycle 17 — Darwin & Evidence of Evolution.pptx,31,Image credits,printed,"Slide 25 — human arm, bat wing and whale flipper panels, rotated, from Arm skeleton comparative NF 0102.5-2.png · Wilhelm Leche · Public domain · https://commons.wikimedia.org/wiki/File:Arm_skeleton_c",https://commons.wikimedia.org/wiki/File:Arm_skeleton_comparative_NF_0102.5-2.png,external,,,external (not checked live),n/a — external,,
Cycle 17,Cycle 17 — Darwin & Evidence of Evolution (Unit 4),▶ LIVE — Cycle 17 — Darwin & Evidence of Evolution.pptx,31,Image credits,printed,Slide 16 — Dorudon BW.jpg (flipped left to right) · Nobu Tamura · CC BY 3.0 · https://commons.wikimedia.org/wiki/File:Dorudon_BW.jpg,https://commons.wikimedia.org/wiki/File:Dorudon_BW.jpg,external,,,external (not checked live),n/a — external,,
Cycle 17,Cycle 17 — Darwin & Evidence of Evolution (Unit 4),▶ LIVE — Cycle 17 — Darwin & Evidence of Evolution.pptx,31,Image credits,printed,"Slide 16 — Eubalaena glacialis NOAA.jpg · NOAA, National Marine Fisheries Service · Public domain · https://commons.wikimedia.org/wiki/File:Eubalaena_glacialis_NOAA.jpg",https://commons.wikimedia.org/wiki/File:Eubalaena_glacialis_NOAA.jpg,external,,,external (not checked live),n/a — external,,
Cycle 17,Cycle 17 — Darwin & Evidence of Evolution (Unit 4),▶ LIVE — Cycle 17 — Darwin & Evidence of Evolution.pptx,31,Image credits,printed,Slide 17 — Grass snake (Natrix natrix) Pieniny.jpg · Charles J. Sharp · CC BY-SA 4.0 · https://commons.wikimedia.org/wiki/File:Grass_snake_(Natrix_natrix)_Pieniny.jpg,https://commons.wikimedia.org/wiki/File:Grass_snake_(Natrix_natrix,external,,,external (not checked live),n/a — external,,
Cycle 17,Cycle 17 — Darwin & Evidence of Evolution (Unit 4),▶ LIVE — Cycle 17 — Darwin & Evidence of Evolution.pptx,31,Image credits,printed,Slide 17 — Nile monitor (Varanus niloticus) 2.jpg · Charles J. Sharp · CC BY-SA 4.0 · https://commons.wikimedia.org/wiki/File:Nile_monitor_(Varanus_niloticus)_2.jpg,https://commons.wikimedia.org/wiki/File:Nile_monitor_(Varanus_niloticus,external,,,external (not checked live),n/a — external,,
Cycle 17,Cycle 17 — Darwin & Evidence of Evolution (Unit 4),▶ LIVE — Cycle 17 — Darwin & Evidence of Evolution.pptx,31,Image credits,printed,Slide 17 — Pachyrhachis 1.jpg · JaviDex · CC BY-SA 4.0 · https://commons.wikimedia.org/wiki/File:Pachyrhachis_1.jpg,https://commons.wikimedia.org/wiki/File:Pachyrhachis_1.jpg,external,,,external (not checked live),n/a — external,,
Cycle 17,Cycle 17 — Darwin & Evidence of Evolution (Unit 4),▶ LIVE — Cycle 17 — Darwin & Evidence of Evolution.pptx,31,Image credits,printed,Slide 16 — Pakicetus BW.jpg · Nobu Tamura · CC BY 3.0 · https://commons.wikimedia.org/wiki/File:Pakicetus_BW.jpg,https://commons.wikimedia.org/wiki/File:Pakicetus_BW.jpg,external,,,external (not checked live),n/a — external,,
Cycle 17,Cycle 17 — Darwin & Evidence of Evolution (Unit 4),▶ LIVE — Cycle 17 — Darwin & Evidence of Evolution.pptx,31,Image credits,printed,Slide 16 — Rhodocetus BW.jpg (flipped left to right) · Nobu Tamura · CC BY 3.0 · https://commons.wikimedia.org/wiki/File:Rhodocetus_BW.jpg,https://commons.wikimedia.org/wiki/File:Rhodocetus_BW.jpg,external,,,external (not checked live),n/a — external,,
Cycle 17,Cycle 17 — Darwin & Evidence of Evolution (Unit 4),▶ LIVE — Cycle 17 — Darwin & Evidence of Evolution.pptx,31,Image credits,printed,Slide 17 — Rudimentary hindlegs spurs in Boa constrictor snake.jpg · Stefan3345 · CC BY-SA 4.0 · https://commons.wikimedia.org/wiki/File:Rudimentary_hindlegs_spurs_in_Boa_constrictor_snake.jpg,https://commons.wikimedia.org/wiki/File:Rudimentary_hindlegs_spurs_in_Boa_constrictor_snake.jpg,external,,,external (not checked live),n/a — external,,
Cycle 17,Cycle 17 — Darwin & Evidence of Evolution (Unit 4),▶ LIVE — Cycle 17 — Darwin & Evidence of Evolution.pptx,31,Image credits,printed,"Icons: Twemoji by X/Twitter, CC BY 4.0 — https://github.com/jdecked/twemoji",https://github.com/jdecked/twemoji,external,,,external (not checked live),n/a — external,,
Cycle 18,Cycle 18 — Natural Selection & Adaptation (Unit 4),▶ LIVE — Cycle 18 — Natural Selection & Adaptation — with Concept Bank.pptx,1,TEACHER REFERENCE — not projected to students,run,Evolution Stations check sheet,https://drive.google.com/file/d/1AGpX73RKRCnsg5Xu_gmZerw6td4WEg77/view,drivefile/view,1AGpX73RKRCnsg5Xu_gmZerw6td4WEg77,33,"STALE ID — material IS present, link points at a superseded copy","SHARED tree, Cycle 18 / My Class only (print) :: Cycle 18 — Evolution Stations Check Sheet.docx",https://drive.google.com/file/d/1Oxz2p9jl_IxzyB0fRhgSSQQPiVtckDYq/view,name match 0.80 in the deck's own cycle; target = SHARED tree (print subfolder); the same file exists as 3 copies (AGENDA+PUBLIC+SHARED) — SHARED chosen because 71/71 working links point there
Cycle 18,Cycle 18 — Natural Selection & Adaptation (Unit 4),▶ LIVE — Cycle 18 — Natural Selection & Adaptation — with Concept Bank.pptx,1,TEACHER REFERENCE — not projected to students,run,Gene-pool bead lab — allele frequency,https://drive.google.com/file/d/1KLXsjXUqG8uzLbBM9jdlaROmDPSysHQb/view,drivefile/view,1KLXsjXUqG8uzLbBM9jdlaROmDPSysHQb,33,"STALE ID — material IS present, link points at a superseded copy","PUBLIC tree, Cycle 18 :: Gene-Pool Allele-Frequency Simulation.pdf",https://drive.google.com/file/d/1xf7goh5P5cp16qVCUvADnAPToz2l9oWz/view,"name match 0.57 in the deck's own cycle; target = PUBLIC tree; NOTE this file exists only in the PUBLIC tree — it is missing from BIOLOGY (Shared), where every other working link resolves"
Cycle 18,Cycle 18 — Natural Selection & Adaptation (Unit 4),▶ LIVE — Cycle 18 — Natural Selection & Adaptation — with Concept Bank.pptx,1,TEACHER REFERENCE — not projected to students,run,Comparing bones — chicken anatomy,https://drive.google.com/file/d/1PRkBFxKtCm9r0rZWK6_hbDhZt_UAWl42/view,drivefile/view,1PRkBFxKtCm9r0rZWK6_hbDhZt_UAWl42,33,"STALE ID — material IS present, link points at a superseded copy","SHARED tree, Cycle 18 / My Class only (print) :: Cycle 18 — EvoArc4_Morphology_Chicken_Anatomy.docx",https://drive.google.com/file/d/1jcEhtTVvo4YgIRYR7EWESkYMgQn6s9wt/view,"scorer said 0.25 (filename uses EvoArc4_Morphology, the label says 'Comparing bones'), but 'chicken anatomy' is the shared distinctive pair and this is the ONLY chicken file in Cycle 18 in any tree. Verified by hand."
Cycle 18,Cycle 18 — Natural Selection & Adaptation (Unit 4),▶ LIVE — Cycle 18 — Natural Selection & Adaptation — with Concept Bank.pptx,4,Bellringer,run,"Play one minute in the LIGHT forest, then one minute in the DARK forest. Notice which color moth you catch fastest in each.",https://askabiologist.asu.edu/peppered-moths-game/play.html,external,,,external (not checked live),n/a — external,,
Cycle 18,Cycle 18 — Natural Selection & Adaptation (Unit 4),▶ LIVE — Cycle 18 — Natural Selection & Adaptation — with Concept Bank.pptx,4,Bellringer,run,CK-12 Biology — Natural Selection,https://flexbooks.ck12.org/cbook/ck-12-biology-flexbook-2.0/section/5.21/primary/lesson/natural-selection-bio/,external,,,external (not checked live),n/a — external,,
Cycle 18,Cycle 18 — Natural Selection & Adaptation (Unit 4),▶ LIVE — Cycle 18 — Natural Selection & Adaptation — with Concept Bank.pptx,4,Bellringer,run,Khan Academy — Evolution and Natural Selection,https://www.khanacademy.org/science/high-school-biology/hs-evolution/hs-evolution-and-natural-selection,external,,,external (not checked live),n/a — external,,
Cycle 18,Cycle 18 — Natural Selection & Adaptation (Unit 4),▶ LIVE — Cycle 18 — Natural Selection & Adaptation — with Concept Bank.pptx,9,Explore — the Allele Tank Model,printed+run,▶  Tap to open the interactive model and drag the sliders,https://answerable-biology-models.netlify.app/allele,external,,,external (not checked live),n/a — external,,
Cycle 18,Cycle 18 — Natural Selection & Adaptation (Unit 4),▶ LIVE — Cycle 18 — Natural Selection & Adaptation — with Concept Bank.pptx,17,Day 1 activity · Critical Aspect 1,run,Open: Peppered Moths game (Ask A Biologist),https://askabiologist.asu.edu/peppered-moths-game/play.html,external,,,external (not checked live),n/a — external,,
Cycle 18,Cycle 18 — Natural Selection & Adaptation (Unit 4),▶ LIVE — Cycle 18 — Natural Selection & Adaptation — with Concept Bank.pptx,25,Day 2 activity · Critical Aspect 2,run,Open: Allele Tank Model — change the environment and watch the population shift,https://answerable-biology-models.netlify.app/allele,external,,,external (not checked live),n/a — external,,
Cycle 18,Cycle 18 — Natural Selection & Adaptation (Unit 4),▶ LIVE — Cycle 18 — Natural Selection & Adaptation — with Concept Bank.pptx,28,Optional challenge,printed+run,https://phet.colorado.edu/sims/html/natural-selection/latest/natural-selection_en.html,https://phet.colorado.edu/sims/html/natural-selection/latest/natural-selection_en.html,external,,,external (not checked live),n/a — external,,
Cycle 18,Cycle 18 — Natural Selection & Adaptation (Unit 4),▶ LIVE — Cycle 18 — Natural Selection & Adaptation — with Concept Bank.pptx,30,CONCEPT BANK,run,CK-12 Biology — Natural Selection,https://flexbooks.ck12.org/cbook/ck-12-biology-flexbook-2.0/section/5.21/primary/lesson/natural-selection-bio/,external,,,external (not checked live),n/a — external,,
Cycle 18,Cycle 18 — Natural Selection & Adaptation (Unit 4),▶ LIVE — Cycle 18 — Natural Selection & Adaptation — with Concept Bank.pptx,30,CONCEPT BANK,run,Khan Academy — Evolution and Natural Selection,https://www.khanacademy.org/science/high-school-biology/hs-evolution/hs-evolution-and-natural-selection,external,,,external (not checked live),n/a — external,,
Cycle 18,Cycle 18 — Natural Selection & Adaptation (Unit 4),▶ LIVE — Cycle 18 — Natural Selection & Adaptation — with Concept Bank.pptx,32,Activity and resource links,printed+run,Allele Tank Model (interactive) — Day 1 explore and Day 2 activity,https://answerable-biology-models.netlify.app/allele,external,,,external (not checked live),n/a — external,,
Cycle 18,Cycle 18 — Natural Selection & Adaptation (Unit 4),▶ LIVE — Cycle 18 — Natural Selection & Adaptation — with Concept Bank.pptx,32,Activity and resource links,printed+run,Peppered Moths game (Ask A Biologist) — Bellringer and Day 1 activity,https://askabiologist.asu.edu/peppered-moths-game/play.html,external,,,external (not checked live),n/a — external,,
Cycle 18,Cycle 18 — Natural Selection & Adaptation (Unit 4),▶ LIVE — Cycle 18 — Natural Selection & Adaptation — with Concept Bank.pptx,32,Activity and resource links,run,Evolution Stations check sheet,https://drive.google.com/file/d/1AGpX73RKRCnsg5Xu_gmZerw6td4WEg77/view,drivefile/view,1AGpX73RKRCnsg5Xu_gmZerw6td4WEg77,33,"STALE ID — material IS present, link points at a superseded copy","SHARED tree, Cycle 18 / My Class only (print) :: Cycle 18 — Evolution Stations Check Sheet.docx",https://drive.google.com/file/d/1Oxz2p9jl_IxzyB0fRhgSSQQPiVtckDYq/view,name match 0.80 in the deck's own cycle; target = SHARED tree (print subfolder); the same file exists as 3 copies (AGENDA+PUBLIC+SHARED) — SHARED chosen because 71/71 working links point there
Cycle 18,Cycle 18 — Natural Selection & Adaptation (Unit 4),▶ LIVE — Cycle 18 — Natural Selection & Adaptation — with Concept Bank.pptx,32,Activity and resource links,run,Gene-pool bead lab — allele frequency,https://drive.google.com/file/d/1KLXsjXUqG8uzLbBM9jdlaROmDPSysHQb/view,drivefile/view,1KLXsjXUqG8uzLbBM9jdlaROmDPSysHQb,33,"STALE ID — material IS present, link points at a superseded copy","PUBLIC tree, Cycle 18 :: Gene-Pool Allele-Frequency Simulation.pdf",https://drive.google.com/file/d/1xf7goh5P5cp16qVCUvADnAPToz2l9oWz/view,"name match 0.57 in the deck's own cycle; target = PUBLIC tree; NOTE this file exists only in the PUBLIC tree — it is missing from BIOLOGY (Shared), where every other working link resolves"
Cycle 18,Cycle 18 — Natural Selection & Adaptation (Unit 4),▶ LIVE — Cycle 18 — Natural Selection & Adaptation — with Concept Bank.pptx,32,Activity and resource links,run,Comparing bones — chicken anatomy,https://drive.google.com/file/d/1PRkBFxKtCm9r0rZWK6_hbDhZt_UAWl42/view,drivefile/view,1PRkBFxKtCm9r0rZWK6_hbDhZt_UAWl42,33,"STALE ID — material IS present, link points at a superseded copy","SHARED tree, Cycle 18 / My Class only (print) :: Cycle 18 — EvoArc4_Morphology_Chicken_Anatomy.docx",https://drive.google.com/file/d/1jcEhtTVvo4YgIRYR7EWESkYMgQn6s9wt/view,"scorer said 0.25 (filename uses EvoArc4_Morphology, the label says 'Comparing bones'), but 'chicken anatomy' is the shared distinctive pair and this is the ONLY chicken file in Cycle 18 in any tree. Verified by hand."
Cycle 18,Cycle 18 — Natural Selection & Adaptation (Unit 4),▶ LIVE — Cycle 18 — Natural Selection & Adaptation — with Concept Bank.pptx,32,Activity and resource links,printed+run,https://flexbooks.ck12.org/cbook/ck-12-biology-flexbook-2.0/section/5.21/primary/lesson/natural-selection-bio/,https://flexbooks.ck12.org/cbook/ck-12-biology-flexbook-2.0/section/5.21/primary/lesson/natural-selection-bio/,external,,,external (not checked live),n/a — external,,
Cycle 18,Cycle 18 — Natural Selection & Adaptation (Unit 4),▶ LIVE — Cycle 18 — Natural Selection & Adaptation — with Concept Bank.pptx,32,Activity and resource links,printed+run,https://phet.colorado.edu/sims/html/natural-selection/latest/natural-selection_en.html,https://phet.colorado.edu/sims/html/natural-selection/latest/natural-selection_en.html,external,,,external (not checked live),n/a — external,,
Cycle 18,Cycle 18 — Natural Selection & Adaptation (Unit 4),▶ LIVE — Cycle 18 — Natural Selection & Adaptation — with Concept Bank.pptx,32,Activity and resource links,printed+run,https://www.khanacademy.org/science/high-school-biology/hs-evolution/hs-evolution-and-natural-selection,https://www.khanacademy.org/science/high-school-biology/hs-evolution/hs-evolution-and-natural-selection,external,,,external (not checked live),n/a — external,,
Cycle 18,Cycle 18 — Natural Selection & Adaptation (Unit 4),▶ LIVE — Cycle 18 — Natural Selection & Adaptation — with Concept Bank.pptx,33,Image credits,printed,"Slide 20, Case B — Lichte en zwarte versie berkenspanner.jpg · Martinowksy at Du · CC BY-SA 3.0 · https://commons.wikimedia.org/w/index.php?curid=1855638",https://commons.wikimedia.org/w/index.php?curid=1855638,external,,,external (not checked live),n/a — external,,
Cycle 18,Cycle 18 — Natural Selection & Adaptation (Unit 4),▶ LIVE — Cycle 18 — Natural Selection & Adaptation — with Concept Bank.pptx,33,Image credits,printed,"Slide 20, Case A — Biston betularia(js)01 Lodz(Poland).jpg · Jerzy Strzelecki · CC BY 3.0 · https://commons.wikimedia.org/w/index.php?curid=26817746",https://commons.wikimedia.org/w/index.php?curid=26817746,external,,,external (not checked live),n/a — external,,
Cycle 18,Cycle 18 — Natural Selection & Adaptation (Unit 4),▶ LIVE — Cycle 18 — Natural Selection & Adaptation — with Concept Bank.pptx,33,Image credits,printed,"Slide 10, Case A — Lichte en zwarte versie berkenspanner crop.jpg · Martinowsky; · CC BY-SA 4.0 · https://commons.wikimedia.org/w/index.php?curid=53619959",https://commons.wikimedia.org/w/index.php?curid=53619959,external,,,external (not checked live),n/a — external,,
Cycle 18,Cycle 18 — Natural Selection & Adaptation (Unit 4),▶ LIVE — Cycle 18 — Natural Selection & Adaptation — with Concept Bank.pptx,33,Image credits,printed+run,"Slide 10, Case B — Biston betularia - Peppered moth - Пяденица берёзовая (27050312648).jp · Ilia Ustyantsev from Russia · CC BY-SA 2.0 · https://commons.wikimedia.org/w/index.php?curid=74602981",https://commons.wikimedia.org/w/index.php?curid=74602981,external,,,external (not checked live),n/a — external,,
Cycle 18,Cycle 18 — Natural Selection & Adaptation (Unit 4),▶ LIVE — Cycle 18 — Natural Selection & Adaptation — with Concept Bank.pptx,33,Image credits,printed,"Icons: Twemoji by X/Twitter, CC BY 4.0 — https://github.com/jdecked/twemoji",https://github.com/jdecked/twemoji,external,,,external (not checked live),n/a — external,,
Cycle 18,Cycle 18 — Natural Selection & Adaptation (Unit 4),▶ LIVE — Cycle 18 — Natural Selection & Adaptation — with Concept Bank.pptx,33,Image credits,printed+run,Slide 12 https://open.lib.umn.edu/evosex/chapter/2-10-mechanisms-of-evolution-natural-selection/?utm_source=chatgpt.com,https://open.lib.umn.edu/evosex/chapter/2-10-mechanisms-of-evolution-natural-selection/?utm_source=chatgpt.com,external,,,external (not checked live),n/a — external,,
Cycle 18,Cycle 18 — Natural Selection & Adaptation (Unit 4),▶ LIVE — Cycle 18 — Natural Selection & Adaptation.pptx,1,TEACHER REFERENCE — not projected to students,run,Evolution Stations check sheet,https://drive.google.com/file/d/1AGpX73RKRCnsg5Xu_gmZerw6td4WEg77/view,drivefile/view,1AGpX73RKRCnsg5Xu_gmZerw6td4WEg77,33,"STALE ID — material IS present, link points at a superseded copy","SHARED tree, Cycle 18 / My Class only (print) :: Cycle 18 — Evolution Stations Check Sheet.docx",https://drive.google.com/file/d/1Oxz2p9jl_IxzyB0fRhgSSQQPiVtckDYq/view,name match 0.80 in the deck's own cycle; target = SHARED tree (print subfolder); the same file exists as 3 copies (AGENDA+PUBLIC+SHARED) — SHARED chosen because 71/71 working links point there
Cycle 18,Cycle 18 — Natural Selection & Adaptation (Unit 4),▶ LIVE — Cycle 18 — Natural Selection & Adaptation.pptx,1,TEACHER REFERENCE — not projected to students,run,Gene-pool bead lab — allele frequency,https://drive.google.com/file/d/1KLXsjXUqG8uzLbBM9jdlaROmDPSysHQb/view,drivefile/view,1KLXsjXUqG8uzLbBM9jdlaROmDPSysHQb,33,"STALE ID — material IS present, link points at a superseded copy","PUBLIC tree, Cycle 18 :: Gene-Pool Allele-Frequency Simulation.pdf",https://drive.google.com/file/d/1xf7goh5P5cp16qVCUvADnAPToz2l9oWz/view,"name match 0.57 in the deck's own cycle; target = PUBLIC tree; NOTE this file exists only in the PUBLIC tree — it is missing from BIOLOGY (Shared), where every other working link resolves"
Cycle 18,Cycle 18 — Natural Selection & Adaptation (Unit 4),▶ LIVE — Cycle 18 — Natural Selection & Adaptation.pptx,1,TEACHER REFERENCE — not projected to students,run,Comparing bones — chicken anatomy,https://drive.google.com/file/d/1PRkBFxKtCm9r0rZWK6_hbDhZt_UAWl42/view,drivefile/view,1PRkBFxKtCm9r0rZWK6_hbDhZt_UAWl42,33,"STALE ID — material IS present, link points at a superseded copy","SHARED tree, Cycle 18 / My Class only (print) :: Cycle 18 — EvoArc4_Morphology_Chicken_Anatomy.docx",https://drive.google.com/file/d/1jcEhtTVvo4YgIRYR7EWESkYMgQn6s9wt/view,"scorer said 0.25 (filename uses EvoArc4_Morphology, the label says 'Comparing bones'), but 'chicken anatomy' is the shared distinctive pair and this is the ONLY chicken file in Cycle 18 in any tree. Verified by hand."
Cycle 18,Cycle 18 — Natural Selection & Adaptation (Unit 4),▶ LIVE — Cycle 18 — Natural Selection & Adaptation.pptx,4,Bellringer,run,"Play one minute in the LIGHT forest, then one minute in the DARK forest. Notice which color moth you catch fastest in each.",https://askabiologist.asu.edu/peppered-moths-game/play.html,external,,,external (not checked live),n/a — external,,
Cycle 18,Cycle 18 — Natural Selection & Adaptation (Unit 4),▶ LIVE — Cycle 18 — Natural Selection & Adaptation.pptx,4,Bellringer,run,CK-12 Biology — Natural Selection,https://flexbooks.ck12.org/cbook/ck-12-biology-flexbook-2.0/section/5.21/primary/lesson/natural-selection-bio/,external,,,external (not checked live),n/a — external,,
Cycle 18,Cycle 18 — Natural Selection & Adaptation (Unit 4),▶ LIVE — Cycle 18 — Natural Selection & Adaptation.pptx,4,Bellringer,run,Khan Academy — Evolution and Natural Selection,https://www.khanacademy.org/science/high-school-biology/hs-evolution/hs-evolution-and-natural-selection,external,,,external (not checked live),n/a — external,,
Cycle 18,Cycle 18 — Natural Selection & Adaptation (Unit 4),▶ LIVE — Cycle 18 — Natural Selection & Adaptation.pptx,9,Explore — the Allele Tank Model,printed+run,▶  Tap to open the interactive model and drag the sliders,https://answerable-biology-models.netlify.app/allele,external,,,external (not checked live),n/a — external,,
Cycle 18,Cycle 18 — Natural Selection & Adaptation (Unit 4),▶ LIVE — Cycle 18 — Natural Selection & Adaptation.pptx,17,Day 1 activity · Critical Aspect 1,run,Open: Peppered Moths game (Ask A Biologist),https://askabiologist.asu.edu/peppered-moths-game/play.html,external,,,external (not checked live),n/a — external,,
Cycle 18,Cycle 18 — Natural Selection & Adaptation (Unit 4),▶ LIVE — Cycle 18 — Natural Selection & Adaptation.pptx,25,Day 2 activity · Critical Aspect 2,run,Open: Allele Tank Model — change the environment and watch the population shift,https://answerable-biology-models.netlify.app/allele,external,,,external (not checked live),n/a — external,,
Cycle 18,Cycle 18 — Natural Selection & Adaptation (Unit 4),▶ LIVE — Cycle 18 — Natural Selection & Adaptation.pptx,28,Optional challenge,printed+run,https://phet.colorado.edu/sims/html/natural-selection/latest/natural-selection_en.html,https://phet.colorado.edu/sims/html/natural-selection/latest/natural-selection_en.html,external,,,external (not checked live),n/a — external,,
Cycle 18,Cycle 18 — Natural Selection & Adaptation (Unit 4),▶ LIVE — Cycle 18 — Natural Selection & Adaptation.pptx,31,Activity and resource links,printed+run,Allele Tank Model (interactive) — Day 1 explore and Day 2 activity,https://answerable-biology-models.netlify.app/allele,external,,,external (not checked live),n/a — external,,
Cycle 18,Cycle 18 — Natural Selection & Adaptation (Unit 4),▶ LIVE — Cycle 18 — Natural Selection & Adaptation.pptx,31,Activity and resource links,printed+run,Peppered Moths game (Ask A Biologist) — Bellringer and Day 1 activity,https://askabiologist.asu.edu/peppered-moths-game/play.html,external,,,external (not checked live),n/a — external,,
Cycle 18,Cycle 18 — Natural Selection & Adaptation (Unit 4),▶ LIVE — Cycle 18 — Natural Selection & Adaptation.pptx,31,Activity and resource links,run,Evolution Stations check sheet,https://drive.google.com/file/d/1AGpX73RKRCnsg5Xu_gmZerw6td4WEg77/view,drivefile/view,1AGpX73RKRCnsg5Xu_gmZerw6td4WEg77,33,"STALE ID — material IS present, link points at a superseded copy","SHARED tree, Cycle 18 / My Class only (print) :: Cycle 18 — Evolution Stations Check Sheet.docx",https://drive.google.com/file/d/1Oxz2p9jl_IxzyB0fRhgSSQQPiVtckDYq/view,name match 0.80 in the deck's own cycle; target = SHARED tree (print subfolder); the same file exists as 3 copies (AGENDA+PUBLIC+SHARED) — SHARED chosen because 71/71 working links point there
Cycle 18,Cycle 18 — Natural Selection & Adaptation (Unit 4),▶ LIVE — Cycle 18 — Natural Selection & Adaptation.pptx,31,Activity and resource links,run,Gene-pool bead lab — allele frequency,https://drive.google.com/file/d/1KLXsjXUqG8uzLbBM9jdlaROmDPSysHQb/view,drivefile/view,1KLXsjXUqG8uzLbBM9jdlaROmDPSysHQb,33,"STALE ID — material IS present, link points at a superseded copy","PUBLIC tree, Cycle 18 :: Gene-Pool Allele-Frequency Simulation.pdf",https://drive.google.com/file/d/1xf7goh5P5cp16qVCUvADnAPToz2l9oWz/view,"name match 0.57 in the deck's own cycle; target = PUBLIC tree; NOTE this file exists only in the PUBLIC tree — it is missing from BIOLOGY (Shared), where every other working link resolves"
Cycle 18,Cycle 18 — Natural Selection & Adaptation (Unit 4),▶ LIVE — Cycle 18 — Natural Selection & Adaptation.pptx,31,Activity and resource links,run,Comparing bones — chicken anatomy,https://drive.google.com/file/d/1PRkBFxKtCm9r0rZWK6_hbDhZt_UAWl42/view,drivefile/view,1PRkBFxKtCm9r0rZWK6_hbDhZt_UAWl42,33,"STALE ID — material IS present, link points at a superseded copy","SHARED tree, Cycle 18 / My Class only (print) :: Cycle 18 — EvoArc4_Morphology_Chicken_Anatomy.docx",https://drive.google.com/file/d/1jcEhtTVvo4YgIRYR7EWESkYMgQn6s9wt/view,"scorer said 0.25 (filename uses EvoArc4_Morphology, the label says 'Comparing bones'), but 'chicken anatomy' is the shared distinctive pair and this is the ONLY chicken file in Cycle 18 in any tree. Verified by hand."
Cycle 18,Cycle 18 — Natural Selection & Adaptation (Unit 4),▶ LIVE — Cycle 18 — Natural Selection & Adaptation.pptx,31,Activity and resource links,printed+run,https://flexbooks.ck12.org/cbook/ck-12-biology-flexbook-2.0/section/5.21/primary/lesson/natural-selection-bio/,https://flexbooks.ck12.org/cbook/ck-12-biology-flexbook-2.0/section/5.21/primary/lesson/natural-selection-bio/,external,,,external (not checked live),n/a — external,,
Cycle 18,Cycle 18 — Natural Selection & Adaptation (Unit 4),▶ LIVE — Cycle 18 — Natural Selection & Adaptation.pptx,31,Activity and resource links,printed+run,https://phet.colorado.edu/sims/html/natural-selection/latest/natural-selection_en.html,https://phet.colorado.edu/sims/html/natural-selection/latest/natural-selection_en.html,external,,,external (not checked live),n/a — external,,
Cycle 18,Cycle 18 — Natural Selection & Adaptation (Unit 4),▶ LIVE — Cycle 18 — Natural Selection & Adaptation.pptx,31,Activity and resource links,printed+run,https://www.khanacademy.org/science/high-school-biology/hs-evolution/hs-evolution-and-natural-selection,https://www.khanacademy.org/science/high-school-biology/hs-evolution/hs-evolution-and-natural-selection,external,,,external (not checked live),n/a — external,,
Cycle 18,Cycle 18 — Natural Selection & Adaptation (Unit 4),▶ LIVE — Cycle 18 — Natural Selection & Adaptation.pptx,32,Image credits,printed,"Slide 20, Case B — Lichte en zwarte versie berkenspanner.jpg · Martinowksy at Du · CC BY-SA 3.0 · https://commons.wikimedia.org/w/index.php?curid=1855638",https://commons.wikimedia.org/w/index.php?curid=1855638,external,,,external (not checked live),n/a — external,,
Cycle 18,Cycle 18 — Natural Selection & Adaptation (Unit 4),▶ LIVE — Cycle 18 — Natural Selection & Adaptation.pptx,32,Image credits,printed,"Slide 20, Case A — Biston betularia(js)01 Lodz(Poland).jpg · Jerzy Strzelecki · CC BY 3.0 · https://commons.wikimedia.org/w/index.php?curid=26817746",https://commons.wikimedia.org/w/index.php?curid=26817746,external,,,external (not checked live),n/a — external,,
Cycle 18,Cycle 18 — Natural Selection & Adaptation (Unit 4),▶ LIVE — Cycle 18 — Natural Selection & Adaptation.pptx,32,Image credits,printed,"Slide 10, Case A — Lichte en zwarte versie berkenspanner crop.jpg · Martinowsky; · CC BY-SA 4.0 · https://commons.wikimedia.org/w/index.php?curid=53619959",https://commons.wikimedia.org/w/index.php?curid=53619959,external,,,external (not checked live),n/a — external,,
Cycle 18,Cycle 18 — Natural Selection & Adaptation (Unit 4),▶ LIVE — Cycle 18 — Natural Selection & Adaptation.pptx,32,Image credits,printed+run,"Slide 10, Case B — Biston betularia - Peppered moth - Пяденица берёзовая (27050312648).jp · Ilia Ustyantsev from Russia · CC BY-SA 2.0 · https://commons.wikimedia.org/w/index.php?curid=74602981",https://commons.wikimedia.org/w/index.php?curid=74602981,external,,,external (not checked live),n/a — external,,
Cycle 18,Cycle 18 — Natural Selection & Adaptation (Unit 4),▶ LIVE — Cycle 18 — Natural Selection & Adaptation.pptx,32,Image credits,printed,"Icons: Twemoji by X/Twitter, CC BY 4.0 — https://github.com/jdecked/twemoji",https://github.com/jdecked/twemoji,external,,,external (not checked live),n/a — external,,
Cycle 18,Cycle 18 — Natural Selection & Adaptation (Unit 4),▶ LIVE — Cycle 18 — Natural Selection & Adaptation.pptx,32,Image credits,printed+run,Slide 12 https://open.lib.umn.edu/evosex/chapter/2-10-mechanisms-of-evolution-natural-selection/?utm_source=chatgpt.com,https://open.lib.umn.edu/evosex/chapter/2-10-mechanisms-of-evolution-natural-selection/?utm_source=chatgpt.com,external,,,external (not checked live),n/a — external,,
Cycle 19,Cycle 19 — Speciation & Biodiversity (Unit 4),▶ LIVE — Cycle 19 — Speciation & Biodiversity — with Concept Bank.pptx,4,Bellringer,run,CK-12 Biology — Origin of Species (how new species form),https://flexbooks.ck12.org/cbook/ck-12-biology-flexbook-2.0/section/5.22/primary/lesson/origin-of-species-bio/,external,,,external (not checked live),n/a — external,,
Cycle 19,Cycle 19 — Speciation & Biodiversity (Unit 4),▶ LIVE — Cycle 19 — Speciation & Biodiversity — with Concept Bank.pptx,4,Bellringer,run,"Run PhET Natural Selection. Change the environment, split the bunny population, and watch the two groups drift apart.",https://phet.colorado.edu/sims/html/natural-selection/latest/natural-selection_en.html,external,,,external (not checked live),n/a — external,,
Cycle 19,Cycle 19 — Speciation & Biodiversity (Unit 4),▶ LIVE — Cycle 19 — Speciation & Biodiversity — with Concept Bank.pptx,4,Bellringer,run,Khan Academy — Speciation,https://www.khanacademy.org/science/ap-biology/natural-selection/speciation,external,,,external (not checked live),n/a — external,,
Cycle 19,Cycle 19 — Speciation & Biodiversity (Unit 4),▶ LIVE — Cycle 19 — Speciation & Biodiversity — with Concept Bank.pptx,9,Explore — the Biodiversity Tank Model,printed+run,▶  Tap to open the interactive model and drag the sliders,https://answerable-biology-models.netlify.app/speciation,external,,,external (not checked live),n/a — external,,
Cycle 19,Cycle 19 — Speciation & Biodiversity (Unit 4),▶ LIVE — Cycle 19 — Speciation & Biodiversity — with Concept Bank.pptx,16,Day 1 activity · Critical Aspect 1,run,Open: HHMI · The Origin of Species: Lizards in an Evolutionary Tree,https://www.biointeractive.org/classroom-resources/origin-species-lizards-evolutionary-tree,external,,,external (not checked live),n/a — external,,
Cycle 19,Cycle 19 — Speciation & Biodiversity (Unit 4),▶ LIVE — Cycle 19 — Speciation & Biodiversity — with Concept Bank.pptx,24,Day 2 activity · Critical Aspect 2,run,Open: OneZoom · Tree of Life explorer,https://www.onezoom.org,external,,,external (not checked live),n/a — external,,
Cycle 19,Cycle 19 — Speciation & Biodiversity (Unit 4),▶ LIVE — Cycle 19 — Speciation & Biodiversity — with Concept Bank.pptx,26,Optional challenge,printed+run,▶  Open: OneZoom · Tree of Life explorer — check how related your pair really is,https://www.onezoom.org,external,,,external (not checked live),n/a — external,,
Cycle 19,Cycle 19 — Speciation & Biodiversity (Unit 4),▶ LIVE — Cycle 19 — Speciation & Biodiversity — with Concept Bank.pptx,28,CONCEPT BANK,run,CK-12 Biology — Origin of Species (how new species form),https://flexbooks.ck12.org/cbook/ck-12-biology-flexbook-2.0/section/5.22/primary/lesson/origin-of-species-bio/,external,,,external (not checked live),n/a — external,,
Cycle 19,Cycle 19 — Speciation & Biodiversity (Unit 4),▶ LIVE — Cycle 19 — Speciation & Biodiversity — with Concept Bank.pptx,28,CONCEPT BANK,run,Khan Academy — Speciation,https://www.khanacademy.org/science/ap-biology/natural-selection/speciation,external,,,external (not checked live),n/a — external,,
Cycle 19,Cycle 19 — Speciation & Biodiversity (Unit 4),▶ LIVE — Cycle 19 — Speciation & Biodiversity — with Concept Bank.pptx,30,Activity and resource links,printed+run,https://answerable-biology-models.netlify.app/speciation,https://answerable-biology-models.netlify.app/speciation,external,,,external (not checked live),n/a — external,,
Cycle 19,Cycle 19 — Speciation & Biodiversity (Unit 4),▶ LIVE — Cycle 19 — Speciation & Biodiversity — with Concept Bank.pptx,30,Activity and resource links,printed+run,https://flexbooks.ck12.org/cbook/ck-12-biology-flexbook-2.0/section/5.22/primary/lesson/origin-of-species-bio/,https://flexbooks.ck12.org/cbook/ck-12-biology-flexbook-2.0/section/5.22/primary/lesson/origin-of-species-bio/,external,,,external (not checked live),n/a — external,,
Cycle 19,Cycle 19 — Speciation & Biodiversity (Unit 4),▶ LIVE — Cycle 19 — Speciation & Biodiversity — with Concept Bank.pptx,30,Activity and resource links,printed+run,https://phet.colorado.edu/sims/html/natural-selection/latest/natural-selection_en.html,https://phet.colorado.edu/sims/html/natural-selection/latest/natural-selection_en.html,external,,,external (not checked live),n/a — external,,
Cycle 19,Cycle 19 — Speciation & Biodiversity (Unit 4),▶ LIVE — Cycle 19 — Speciation & Biodiversity — with Concept Bank.pptx,30,Activity and resource links,printed+run,https://www.biointeractive.org/classroom-resources/origin-species-lizards-evolutionary-tree,https://www.biointeractive.org/classroom-resources/origin-species-lizards-evolutionary-tree,external,,,external (not checked live),n/a — external,,
Cycle 19,Cycle 19 — Speciation & Biodiversity (Unit 4),▶ LIVE — Cycle 19 — Speciation & Biodiversity — with Concept Bank.pptx,30,Activity and resource links,printed+run,https://www.khanacademy.org/science/ap-biology/natural-selection/speciation,https://www.khanacademy.org/science/ap-biology/natural-selection/speciation,external,,,external (not checked live),n/a — external,,
Cycle 19,Cycle 19 — Speciation & Biodiversity (Unit 4),▶ LIVE — Cycle 19 — Speciation & Biodiversity — with Concept Bank.pptx,30,Activity and resource links,printed+run,OneZoom · Tree of Life explorer (Day 2 activity and optional challenge),https://www.onezoom.org,external,,,external (not checked live),n/a — external,,
Cycle 19,Cycle 19 — Speciation & Biodiversity (Unit 4),▶ LIVE — Cycle 19 — Speciation & Biodiversity — with Concept Bank.pptx,31,Image credits,printed+run,"Slide 10, Case B — Brown Anole (Anolis sagrei).jpg · Nosferattus · CC0 · https://commons.wikimedia.org/w/index.php?curid=100193015",https://commons.wikimedia.org/w/index.php?curid=100193015,external,,,external (not checked live),n/a — external,,
Cycle 19,Cycle 19 — Speciation & Biodiversity (Unit 4),▶ LIVE — Cycle 19 — Speciation & Biodiversity — with Concept Bank.pptx,31,Image credits,printed,"Slide 19, Case A — Common Bottlenose Dolphin (Tursiops truncatus) Catalina swimming.jpg · Kiloueka · CC0 · https://commons.wikimedia.org/w/index.php?curid=107170487",https://commons.wikimedia.org/w/index.php?curid=107170487,external,,,external (not checked live),n/a — external,,
Cycle 19,Cycle 19 — Speciation & Biodiversity (Unit 4),▶ LIVE — Cycle 19 — Speciation & Biodiversity — with Concept Bank.pptx,31,Image credits,printed,"Slide 10, Case A — Anole Lizard Hilo Hawaii edit.jpg · Paul Hirst (Phirst) · CC BY-SA 2.5 · https://commons.wikimedia.org/w/index.php?curid=1122951",https://commons.wikimedia.org/w/index.php?curid=1122951,external,,,external (not checked live),n/a — external,,
Cycle 19,Cycle 19 — Speciation & Biodiversity (Unit 4),▶ LIVE — Cycle 19 — Speciation & Biodiversity — with Concept Bank.pptx,31,Image credits,printed,"Slide 19, Case B — Cladogram-example1.svg · Surachit · CC BY-SA 3.0 · https://commons.wikimedia.org/w/index.php?curid=2528144",https://commons.wikimedia.org/w/index.php?curid=2528144,external,,,external (not checked live),n/a — external,,
Cycle 19,Cycle 19 — Speciation & Biodiversity (Unit 4),▶ LIVE — Cycle 19 — Speciation & Biodiversity — with Concept Bank.pptx,31,Image credits,printed,Slide 11 — Allopatric Speciation Schematic.svg · Andrew Z. Colvin · CC BY-SA 4.0 · https://commons.wikimedia.org/wiki/File:Allopatric_Speciation_Schematic.svg,https://commons.wikimedia.org/wiki/File:Allopatric_Speciation_Schematic.svg,external,,,external (not checked live),n/a — external,,
Cycle 19,Cycle 19 — Speciation & Biodiversity (Unit 4),▶ LIVE — Cycle 19 — Speciation & Biodiversity — with Concept Bank.pptx,31,Image credits,printed,"Icons: Twemoji by X/Twitter, CC BY 4.0 — https://github.com/jdecked/twemoji",https://github.com/jdecked/twemoji,external,,,external (not checked live),n/a — external,,
Cycle 19,Cycle 19 — Speciation & Biodiversity (Unit 4),▶ LIVE — Cycle 19 — Speciation & Biodiversity.pptx,4,Bellringer,run,CK-12 Biology — Origin of Species (how new species form),https://flexbooks.ck12.org/cbook/ck-12-biology-flexbook-2.0/section/5.22/primary/lesson/origin-of-species-bio/,external,,,external (not checked live),n/a — external,,
Cycle 19,Cycle 19 — Speciation & Biodiversity (Unit 4),▶ LIVE — Cycle 19 — Speciation & Biodiversity.pptx,4,Bellringer,run,"Run PhET Natural Selection. Change the environment, split the bunny population, and watch the two groups drift apart.",https://phet.colorado.edu/sims/html/natural-selection/latest/natural-selection_en.html,external,,,external (not checked live),n/a — external,,
Cycle 19,Cycle 19 — Speciation & Biodiversity (Unit 4),▶ LIVE — Cycle 19 — Speciation & Biodiversity.pptx,4,Bellringer,run,Khan Academy — Speciation,https://www.khanacademy.org/science/ap-biology/natural-selection/speciation,external,,,external (not checked live),n/a — external,,
Cycle 19,Cycle 19 — Speciation & Biodiversity (Unit 4),▶ LIVE — Cycle 19 — Speciation & Biodiversity.pptx,9,Explore — the Biodiversity Tank Model,printed+run,▶  Tap to open the interactive model and drag the sliders,https://answerable-biology-models.netlify.app/speciation,external,,,external (not checked live),n/a — external,,
Cycle 19,Cycle 19 — Speciation & Biodiversity (Unit 4),▶ LIVE — Cycle 19 — Speciation & Biodiversity.pptx,16,Day 1 activity · Critical Aspect 1,run,Open: HHMI · The Origin of Species: Lizards in an Evolutionary Tree,https://www.biointeractive.org/classroom-resources/origin-species-lizards-evolutionary-tree,external,,,external (not checked live),n/a — external,,
Cycle 19,Cycle 19 — Speciation & Biodiversity (Unit 4),▶ LIVE — Cycle 19 — Speciation & Biodiversity.pptx,24,Day 2 activity · Critical Aspect 2,run,Open: OneZoom · Tree of Life explorer,https://www.onezoom.org,external,,,external (not checked live),n/a — external,,
Cycle 19,Cycle 19 — Speciation & Biodiversity (Unit 4),▶ LIVE — Cycle 19 — Speciation & Biodiversity.pptx,26,Optional challenge,printed+run,▶  Open: OneZoom · Tree of Life explorer — check how related your pair really is,https://www.onezoom.org,external,,,external (not checked live),n/a — external,,
Cycle 19,Cycle 19 — Speciation & Biodiversity (Unit 4),▶ LIVE — Cycle 19 — Speciation & Biodiversity.pptx,29,Activity and resource links,printed+run,https://answerable-biology-models.netlify.app/speciation,https://answerable-biology-models.netlify.app/speciation,external,,,external (not checked live),n/a — external,,
Cycle 19,Cycle 19 — Speciation & Biodiversity (Unit 4),▶ LIVE — Cycle 19 — Speciation & Biodiversity.pptx,29,Activity and resource links,printed+run,https://flexbooks.ck12.org/cbook/ck-12-biology-flexbook-2.0/section/5.22/primary/lesson/origin-of-species-bio/,https://flexbooks.ck12.org/cbook/ck-12-biology-flexbook-2.0/section/5.22/primary/lesson/origin-of-species-bio/,external,,,external (not checked live),n/a — external,,
Cycle 19,Cycle 19 — Speciation & Biodiversity (Unit 4),▶ LIVE — Cycle 19 — Speciation & Biodiversity.pptx,29,Activity and resource links,printed+run,https://phet.colorado.edu/sims/html/natural-selection/latest/natural-selection_en.html,https://phet.colorado.edu/sims/html/natural-selection/latest/natural-selection_en.html,external,,,external (not checked live),n/a — external,,
Cycle 19,Cycle 19 — Speciation & Biodiversity (Unit 4),▶ LIVE — Cycle 19 — Speciation & Biodiversity.pptx,29,Activity and resource links,printed+run,https://www.biointeractive.org/classroom-resources/origin-species-lizards-evolutionary-tree,https://www.biointeractive.org/classroom-resources/origin-species-lizards-evolutionary-tree,external,,,external (not checked live),n/a — external,,
Cycle 19,Cycle 19 — Speciation & Biodiversity (Unit 4),▶ LIVE — Cycle 19 — Speciation & Biodiversity.pptx,29,Activity and resource links,printed+run,https://www.khanacademy.org/science/ap-biology/natural-selection/speciation,https://www.khanacademy.org/science/ap-biology/natural-selection/speciation,external,,,external (not checked live),n/a — external,,
Cycle 19,Cycle 19 — Speciation & Biodiversity (Unit 4),▶ LIVE — Cycle 19 — Speciation & Biodiversity.pptx,29,Activity and resource links,printed+run,OneZoom · Tree of Life explorer (Day 2 activity and optional challenge),https://www.onezoom.org,external,,,external (not checked live),n/a — external,,
Cycle 19,Cycle 19 — Speciation & Biodiversity (Unit 4),▶ LIVE — Cycle 19 — Speciation & Biodiversity.pptx,30,Image credits,printed+run,"Slide 10, Case B — Brown Anole (Anolis sagrei).jpg · Nosferattus · CC0 · https://commons.wikimedia.org/w/index.php?curid=100193015",https://commons.wikimedia.org/w/index.php?curid=100193015,external,,,external (not checked live),n/a — external,,
Cycle 19,Cycle 19 — Speciation & Biodiversity (Unit 4),▶ LIVE — Cycle 19 — Speciation & Biodiversity.pptx,30,Image credits,printed,"Slide 19, Case A — Common Bottlenose Dolphin (Tursiops truncatus) Catalina swimming.jpg · Kiloueka · CC0 · https://commons.wikimedia.org/w/index.php?curid=107170487",https://commons.wikimedia.org/w/index.php?curid=107170487,external,,,external (not checked live),n/a — external,,
Cycle 19,Cycle 19 — Speciation & Biodiversity (Unit 4),▶ LIVE — Cycle 19 — Speciation & Biodiversity.pptx,30,Image credits,printed,"Slide 10, Case A — Anole Lizard Hilo Hawaii edit.jpg · Paul Hirst (Phirst) · CC BY-SA 2.5 · https://commons.wikimedia.org/w/index.php?curid=1122951",https://commons.wikimedia.org/w/index.php?curid=1122951,external,,,external (not checked live),n/a — external,,
Cycle 19,Cycle 19 — Speciation & Biodiversity (Unit 4),▶ LIVE — Cycle 19 — Speciation & Biodiversity.pptx,30,Image credits,printed,"Slide 19, Case B — Cladogram-example1.svg · Surachit · CC BY-SA 3.0 · https://commons.wikimedia.org/w/index.php?curid=2528144",https://commons.wikimedia.org/w/index.php?curid=2528144,external,,,external (not checked live),n/a — external,,
Cycle 19,Cycle 19 — Speciation & Biodiversity (Unit 4),▶ LIVE — Cycle 19 — Speciation & Biodiversity.pptx,30,Image credits,printed,Slide 11 — Allopatric Speciation Schematic.svg · Andrew Z. Colvin · CC BY-SA 4.0 · https://commons.wikimedia.org/wiki/File:Allopatric_Speciation_Schematic.svg,https://commons.wikimedia.org/wiki/File:Allopatric_Speciation_Schematic.svg,external,,,external (not checked live),n/a — external,,
Cycle 19,Cycle 19 — Speciation & Biodiversity (Unit 4),▶ LIVE — Cycle 19 — Speciation & Biodiversity.pptx,30,Image credits,printed,"Icons: Twemoji by X/Twitter, CC BY 4.0 — https://github.com/jdecked/twemoji",https://github.com/jdecked/twemoji,external,,,external (not checked live),n/a — external,,
Cycle 20,Cycle 20 — Human Impact (Capstone) (Unit 4),▶ LIVE — Cycle 20 — Human Impact Capstone — with Concept Bank.pptx,4,Bellringer,run,CK-12 Biology — Human Actions and the Sixth Mass Extinction,https://flexbooks.ck12.org/cbook/ck-12-biology-flexbook-2.0/section/6.26/primary/lesson/human-actions-and-the-sixth-mass-extinction-bio/,external,,,external (not checked live),n/a — external,,
Cycle 20,Cycle 20 — Human Impact (Capstone) (Unit 4),▶ LIVE — Cycle 20 — Human Impact Capstone — with Concept Bank.pptx,4,Bellringer,run,Khan Academy — Human Impact on Ecosystems,https://www.khanacademy.org/science/high-school-biology/hs-ecology/hs-human-impact-on-ecosystems,external,,,external (not checked live),n/a — external,,
Cycle 20,Cycle 20 — Human Impact (Capstone) (Unit 4),▶ LIVE — Cycle 20 — Human Impact Capstone — with Concept Bank.pptx,4,Bellringer,run,Watch the world population tick upward in real time. How close was your guess?,https://www.worldometers.info/world-population/,external,,,external (not checked live),n/a — external,,
Cycle 20,Cycle 20 — Human Impact (Capstone) (Unit 4),▶ LIVE — Cycle 20 — Human Impact Capstone — with Concept Bank.pptx,9,Explore — the Carbon Tank Model,printed+run,▶  Tap to open the interactive model and drag the sliders,https://answerable-biology-models.netlify.app/carbon,external,,,external (not checked live),n/a — external,,
Cycle 20,Cycle 20 — Human Impact (Capstone) (Unit 4),▶ LIVE — Cycle 20 — Human Impact Capstone — with Concept Bank.pptx,16,Day 1 activity · Critical Aspect 1,run,Open: Global Footprint Network — footprint calculator,https://www.footprintcalculator.org/,external,,,external (not checked live),n/a — external,,
Cycle 20,Cycle 20 — Human Impact (Capstone) (Unit 4),▶ LIVE — Cycle 20 — Human Impact Capstone — with Concept Bank.pptx,24,Day 2 activity · Critical Aspect 2,printed+run,https://dnrec.delaware.gov/dewap/threats/invasive-and-problematic-species-and-diseases/,https://dnrec.delaware.gov/dewap/threats/invasive-and-problematic-species-and-diseases/,external,,,external (not checked live),n/a — external,,
Cycle 20,Cycle 20 — Human Impact (Capstone) (Unit 4),▶ LIVE — Cycle 20 — Human Impact Capstone — with Concept Bank.pptx,24,Day 2 activity · Critical Aspect 2,run,Open: National Geographic — Invasive Species,https://education.nationalgeographic.org/resource/invasive-species/,external,,,external (not checked live),n/a — external,,
Cycle 20,Cycle 20 — Human Impact (Capstone) (Unit 4),▶ LIVE — Cycle 20 — Human Impact Capstone — with Concept Bank.pptx,26,Optional challenge,printed+run,▶  Watch: the collapse of Easter Island — a real trade-off gone wrong,https://youtu.be/R_r228ilv6Y,external,,,external (not checked live),n/a — external,,
Cycle 20,Cycle 20 — Human Impact (Capstone) (Unit 4),▶ LIVE — Cycle 20 — Human Impact Capstone — with Concept Bank.pptx,28,CONCEPT BANK,run,CK-12 Biology — Human Actions and the Sixth Mass Extinction,https://flexbooks.ck12.org/cbook/ck-12-biology-flexbook-2.0/section/6.26/primary/lesson/human-actions-and-the-sixth-mass-extinction-bio/,external,,,external (not checked live),n/a — external,,
Cycle 20,Cycle 20 — Human Impact (Capstone) (Unit 4),▶ LIVE — Cycle 20 — Human Impact Capstone — with Concept Bank.pptx,28,CONCEPT BANK,run,Khan Academy — Human Impact on Ecosystems,https://www.khanacademy.org/science/high-school-biology/hs-ecology/hs-human-impact-on-ecosystems,external,,,external (not checked live),n/a — external,,
Cycle 20,Cycle 20 — Human Impact (Capstone) (Unit 4),▶ LIVE — Cycle 20 — Human Impact Capstone — with Concept Bank.pptx,30,Activity and resource links,printed+run,https://answerable-biology-models.netlify.app/carbon,https://answerable-biology-models.netlify.app/carbon,external,,,external (not checked live),n/a — external,,
Cycle 20,Cycle 20 — Human Impact (Capstone) (Unit 4),▶ LIVE — Cycle 20 — Human Impact Capstone — with Concept Bank.pptx,30,Activity and resource links,printed+run,https://dnrec.delaware.gov/dewap/threats/invasive-and-problematic-species-and-diseases/,https://dnrec.delaware.gov/dewap/threats/invasive-and-problematic-species-and-diseases/,external,,,external (not checked live),n/a — external,,
Cycle 20,Cycle 20 — Human Impact (Capstone) (Unit 4),▶ LIVE — Cycle 20 — Human Impact Capstone — with Concept Bank.pptx,30,Activity and resource links,printed+run,https://education.nationalgeographic.org/resource/invasive-species/,https://education.nationalgeographic.org/resource/invasive-species/,external,,,external (not checked live),n/a — external,,
Cycle 20,Cycle 20 — Human Impact (Capstone) (Unit 4),▶ LIVE — Cycle 20 — Human Impact Capstone — with Concept Bank.pptx,30,Activity and resource links,printed+run,https://flexbooks.ck12.org/cbook/ck-12-biology-flexbook-2.0/section/6.26/primary/lesson/human-actions-and-the-sixth-mass-extinction-bio/,https://flexbooks.ck12.org/cbook/ck-12-biology-flexbook-2.0/section/6.26/primary/lesson/human-actions-and-the-sixth-mass-extinction-bio/,external,,,external (not checked live),n/a — external,,
Cycle 20,Cycle 20 — Human Impact (Capstone) (Unit 4),▶ LIVE — Cycle 20 — Human Impact Capstone — with Concept Bank.pptx,30,Activity and resource links,printed+run,Global Footprint Network — footprint calculator (Day 1 activity),https://www.footprintcalculator.org/,external,,,external (not checked live),n/a — external,,
Cycle 20,Cycle 20 — Human Impact (Capstone) (Unit 4),▶ LIVE — Cycle 20 — Human Impact Capstone — with Concept Bank.pptx,30,Activity and resource links,printed+run,https://www.khanacademy.org/science/high-school-biology/hs-ecology/hs-human-impact-on-ecosystems,https://www.khanacademy.org/science/high-school-biology/hs-ecology/hs-human-impact-on-ecosystems,external,,,external (not checked live),n/a — external,,
Cycle 20,Cycle 20 — Human Impact (Capstone) (Unit 4),▶ LIVE — Cycle 20 — Human Impact Capstone — with Concept Bank.pptx,30,Activity and resource links,printed+run,"Bellringer live counter — Worldometer, world population",https://www.worldometers.info/world-population/,external,,,external (not checked live),n/a — external,,
Cycle 20,Cycle 20 — Human Impact (Capstone) (Unit 4),▶ LIVE — Cycle 20 — Human Impact Capstone — with Concept Bank.pptx,30,Activity and resource links,printed+run,Video — the collapse of Easter Island (optional challenge),https://youtu.be/R_r228ilv6Y,external,,,external (not checked live),n/a — external,,
Cycle 20,Cycle 20 — Human Impact (Capstone) (Unit 4),▶ LIVE — Cycle 20 — Human Impact Capstone — with Concept Bank.pptx,31,Image credits,printed+run,"Slide 10, Case B — Two people hike in Capitol State Forest along a recent clear cut 03.jp · Mattsjc · CC BY 4.0 · https://commons.wikimedia.org/w/index.php?curid=163387465",https://commons.wikimedia.org/w/index.php?curid=163387465,external,,,external (not checked live),n/a — external,,
Cycle 20,Cycle 20 — Human Impact (Capstone) (Unit 4),▶ LIVE — Cycle 20 — Human Impact Capstone — with Concept Bank.pptx,31,Image credits,printed,"Slide 10, Case A — Forestry in Western Oregon (32998971344).jpg · BLM Oregon & Washington · Public domain · https://commons.wikimedia.org/w/index.php?curid=165926558",https://commons.wikimedia.org/w/index.php?curid=165926558,external,,,external (not checked live),n/a — external,,
Cycle 20,Cycle 20 — Human Impact (Capstone) (Unit 4),▶ LIVE — Cycle 20 — Human Impact Capstone — with Concept Bank.pptx,31,Image credits,printed,"Slide 19, Case B — Burmese python (6887388927).jpg · U.S. Fish and Wildlife Service Headquarters · Public domain · https://commons.wikimedia.org/w/index.php?curid=31315842",https://commons.wikimedia.org/w/index.php?curid=31315842,external,,,external (not checked live),n/a — external,,
Cycle 20,Cycle 20 — Human Impact (Capstone) (Unit 4),▶ LIVE — Cycle 20 — Human Impact Capstone — with Concept Bank.pptx,31,Image credits,printed,"Slide 19, Case A — -2020-08-04 Bush tomato plant (Totem), Trimingham, Norfolk (1).JPG · unknown · CC BY-SA 4.0 · https://commons.wikimedia.org/w/index.php?curid=92863518",https://commons.wikimedia.org/w/index.php?curid=92863518,external,,,external (not checked live),n/a — external,,
Cycle 20,Cycle 20 — Human Impact (Capstone) (Unit 4),▶ LIVE — Cycle 20 — Human Impact Capstone — with Concept Bank.pptx,31,Image credits,printed,"Icons: Twemoji by X/Twitter, CC BY 4.0 — https://github.com/jdecked/twemoji",https://github.com/jdecked/twemoji,external,,,external (not checked live),n/a — external,,
Cycle 20,Cycle 20 — Human Impact (Capstone) (Unit 4),▶ LIVE — Cycle 20 — Human Impact Capstone — with Concept Bank.pptx,31,Image credits,printed,Slide 11 — Surficial Interactions · U.S. Geological Survey · Public Domain · https://www.usgs.gov/media/images/surficial-interactions,https://www.usgs.gov/media/images/surficial-interactions,external,,,external (not checked live),n/a — external,,
Cycle 20,Cycle 20 — Human Impact (Capstone) (Unit 4),▶ LIVE — Cycle 20 — Human Impact Capstone.pptx,4,Bellringer,run,CK-12 Biology — Human Actions and the Sixth Mass Extinction,https://flexbooks.ck12.org/cbook/ck-12-biology-flexbook-2.0/section/6.26/primary/lesson/human-actions-and-the-sixth-mass-extinction-bio/,external,,,external (not checked live),n/a — external,,
Cycle 20,Cycle 20 — Human Impact (Capstone) (Unit 4),▶ LIVE — Cycle 20 — Human Impact Capstone.pptx,4,Bellringer,run,Khan Academy — Human Impact on Ecosystems,https://www.khanacademy.org/science/high-school-biology/hs-ecology/hs-human-impact-on-ecosystems,external,,,external (not checked live),n/a — external,,
Cycle 20,Cycle 20 — Human Impact (Capstone) (Unit 4),▶ LIVE — Cycle 20 — Human Impact Capstone.pptx,4,Bellringer,run,Watch the world population tick upward in real time. How close was your guess?,https://www.worldometers.info/world-population/,external,,,external (not checked live),n/a — external,,
Cycle 20,Cycle 20 — Human Impact (Capstone) (Unit 4),▶ LIVE — Cycle 20 — Human Impact Capstone.pptx,9,Explore — the Carbon Tank Model,printed+run,▶  Tap to open the interactive model and drag the sliders,https://answerable-biology-models.netlify.app/carbon,external,,,external (not checked live),n/a — external,,
Cycle 20,Cycle 20 — Human Impact (Capstone) (Unit 4),▶ LIVE — Cycle 20 — Human Impact Capstone.pptx,16,Day 1 activity · Critical Aspect 1,run,Open: Global Footprint Network — footprint calculator,https://www.footprintcalculator.org/,external,,,external (not checked live),n/a — external,,
Cycle 20,Cycle 20 — Human Impact (Capstone) (Unit 4),▶ LIVE — Cycle 20 — Human Impact Capstone.pptx,24,Day 2 activity · Critical Aspect 2,printed+run,https://dnrec.delaware.gov/dewap/threats/invasive-and-problematic-species-and-diseases/,https://dnrec.delaware.gov/dewap/threats/invasive-and-problematic-species-and-diseases/,external,,,external (not checked live),n/a — external,,
Cycle 20,Cycle 20 — Human Impact (Capstone) (Unit 4),▶ LIVE — Cycle 20 — Human Impact Capstone.pptx,24,Day 2 activity · Critical Aspect 2,run,Open: National Geographic — Invasive Species,https://education.nationalgeographic.org/resource/invasive-species/,external,,,external (not checked live),n/a — external,,
Cycle 20,Cycle 20 — Human Impact (Capstone) (Unit 4),▶ LIVE — Cycle 20 — Human Impact Capstone.pptx,26,Optional challenge,printed+run,▶  Watch: the collapse of Easter Island — a real trade-off gone wrong,https://youtu.be/R_r228ilv6Y,external,,,external (not checked live),n/a — external,,
Cycle 20,Cycle 20 — Human Impact (Capstone) (Unit 4),▶ LIVE — Cycle 20 — Human Impact Capstone.pptx,29,Activity and resource links,printed+run,https://answerable-biology-models.netlify.app/carbon,https://answerable-biology-models.netlify.app/carbon,external,,,external (not checked live),n/a — external,,
Cycle 20,Cycle 20 — Human Impact (Capstone) (Unit 4),▶ LIVE — Cycle 20 — Human Impact Capstone.pptx,29,Activity and resource links,printed+run,https://dnrec.delaware.gov/dewap/threats/invasive-and-problematic-species-and-diseases/,https://dnrec.delaware.gov/dewap/threats/invasive-and-problematic-species-and-diseases/,external,,,external (not checked live),n/a — external,,
Cycle 20,Cycle 20 — Human Impact (Capstone) (Unit 4),▶ LIVE — Cycle 20 — Human Impact Capstone.pptx,29,Activity and resource links,printed+run,https://education.nationalgeographic.org/resource/invasive-species/,https://education.nationalgeographic.org/resource/invasive-species/,external,,,external (not checked live),n/a — external,,
Cycle 20,Cycle 20 — Human Impact (Capstone) (Unit 4),▶ LIVE — Cycle 20 — Human Impact Capstone.pptx,29,Activity and resource links,printed+run,https://flexbooks.ck12.org/cbook/ck-12-biology-flexbook-2.0/section/6.26/primary/lesson/human-actions-and-the-sixth-mass-extinction-bio/,https://flexbooks.ck12.org/cbook/ck-12-biology-flexbook-2.0/section/6.26/primary/lesson/human-actions-and-the-sixth-mass-extinction-bio/,external,,,external (not checked live),n/a — external,,
Cycle 20,Cycle 20 — Human Impact (Capstone) (Unit 4),▶ LIVE — Cycle 20 — Human Impact Capstone.pptx,29,Activity and resource links,printed+run,Global Footprint Network — footprint calculator (Day 1 activity),https://www.footprintcalculator.org/,external,,,external (not checked live),n/a — external,,
Cycle 20,Cycle 20 — Human Impact (Capstone) (Unit 4),▶ LIVE — Cycle 20 — Human Impact Capstone.pptx,29,Activity and resource links,printed+run,https://www.khanacademy.org/science/high-school-biology/hs-ecology/hs-human-impact-on-ecosystems,https://www.khanacademy.org/science/high-school-biology/hs-ecology/hs-human-impact-on-ecosystems,external,,,external (not checked live),n/a — external,,
Cycle 20,Cycle 20 — Human Impact (Capstone) (Unit 4),▶ LIVE — Cycle 20 — Human Impact Capstone.pptx,29,Activity and resource links,printed+run,"Bellringer live counter — Worldometer, world population",https://www.worldometers.info/world-population/,external,,,external (not checked live),n/a — external,,
Cycle 20,Cycle 20 — Human Impact (Capstone) (Unit 4),▶ LIVE — Cycle 20 — Human Impact Capstone.pptx,29,Activity and resource links,printed+run,Video — the collapse of Easter Island (optional challenge),https://youtu.be/R_r228ilv6Y,external,,,external (not checked live),n/a — external,,
Cycle 20,Cycle 20 — Human Impact (Capstone) (Unit 4),▶ LIVE — Cycle 20 — Human Impact Capstone.pptx,30,Image credits,printed+run,"Slide 10, Case B — Two people hike in Capitol State Forest along a recent clear cut 03.jp · Mattsjc · CC BY 4.0 · https://commons.wikimedia.org/w/index.php?curid=163387465",https://commons.wikimedia.org/w/index.php?curid=163387465,external,,,external (not checked live),n/a — external,,
Cycle 20,Cycle 20 — Human Impact (Capstone) (Unit 4),▶ LIVE — Cycle 20 — Human Impact Capstone.pptx,30,Image credits,printed,"Slide 10, Case A — Forestry in Western Oregon (32998971344).jpg · BLM Oregon & Washington · Public domain · https://commons.wikimedia.org/w/index.php?curid=165926558",https://commons.wikimedia.org/w/index.php?curid=165926558,external,,,external (not checked live),n/a — external,,
Cycle 20,Cycle 20 — Human Impact (Capstone) (Unit 4),▶ LIVE — Cycle 20 — Human Impact Capstone.pptx,30,Image credits,printed,"Slide 19, Case B — Burmese python (6887388927).jpg · U.S. Fish and Wildlife Service Headquarters · Public domain · https://commons.wikimedia.org/w/index.php?curid=31315842",https://commons.wikimedia.org/w/index.php?curid=31315842,external,,,external (not checked live),n/a — external,,
Cycle 20,Cycle 20 — Human Impact (Capstone) (Unit 4),▶ LIVE — Cycle 20 — Human Impact Capstone.pptx,30,Image credits,printed,"Slide 19, Case A — -2020-08-04 Bush tomato plant (Totem), Trimingham, Norfolk (1).JPG · unknown · CC BY-SA 4.0 · https://commons.wikimedia.org/w/index.php?curid=92863518",https://commons.wikimedia.org/w/index.php?curid=92863518,external,,,external (not checked live),n/a — external,,
Cycle 20,Cycle 20 — Human Impact (Capstone) (Unit 4),▶ LIVE — Cycle 20 — Human Impact Capstone.pptx,30,Image credits,printed,"Icons: Twemoji by X/Twitter, CC BY 4.0 — https://github.com/jdecked/twemoji",https://github.com/jdecked/twemoji,external,,,external (not checked live),n/a — external,,
Cycle 20,Cycle 20 — Human Impact (Capstone) (Unit 4),▶ LIVE — Cycle 20 — Human Impact Capstone.pptx,30,Image credits,printed,Slide 11 — Surficial Interactions · U.S. Geological Survey · Public Domain · https://www.usgs.gov/media/images/surficial-interactions,https://www.usgs.gov/media/images/surficial-interactions,external,,,external (not checked live),n/a — external,,
