file,folder,set,cycle,slides,mtime,bytes,critical_aspects,n_aspects,core_questions_by_aspect,core_q_complete_all_aspects,ca_question_count,continuity_question,stock_and_flow,concept_bank,teacher_prep,day_dividers,response_slides,response_slides_with_prompt,all_response_notes_ok,response_missing_prompt_slides,links_slide,links_slide_urls,links_total_unique,links_copy,links_non_copy,links_gslides_non_copy,links_non_copy_sample,dims,dims_ok,fonts_ok,fonts_found,fonts_offending,colors_ok,colors_offending,format_ok,removed_slide_types,missing_required,advisory1_pass,advisory1_verdict,ca_question_text_verbatim,advisory2_structure,advisory2_detail,slide_types_ordered,teacher_note_slide,teacher_note_declares,teacher_note_declares_count,visibility_rung_declared,visibility_rung_text,simultaneity_declared,what_if_present,what_if_individual_written,concept_bank_relates,forbidden_vocab_beat,ngss_codes
▶ LIVE — Cycle 01 — Lab Safety (VT).pptx,Cycle 01 — Course Launch & Lab Safety (Unit 1),LIVE export,1,25,2026-08-26 14:33:55,679343,what a safety symbol is really telling you,1,"what a safety symbol is really telling you: 4/5 [Critical Aspect question, Build a Rule, Pattern Break, 3-Tier Question]",False,1,0,0,0,0,0,0,0,False,,0,0,0,0,0,0,,9144000x6858000,True,False,Arial; Calibri; Material Icons; Overlock,Calibri; Material Icons; Overlock,False,000000; 002060; 004D40; 00695C; 17365D; 1D1B10; 1D2939; 1E1C11; 4A5568; 4B5563; 7030A0; 999999; B2DFDB; D0D5DD; D68910; D9383A; E2E8F0; E4E7EC; E6F4F1; F4B400; F9F6FC; FC7876; FFC000,False,,Teacher Prep; Concept Bank; Links slide; Response slides; Day divider,True,S12: comparison,"S12: ""A safety symbol is more than a warning picture. What TWO things is every safety symbol trying to tell you?""",none,,Teacher reference > Bellringer > Content/Explanation > Content/Explanation > Content/Explanation > Content/Explanation > Content/Explanation > Content/Explanation > Content/Explanation > Content/Explanation > Content/Explanation > Critical Aspect question > Explanation > Build a Rule > Pattern Break > 3-Tier Question > Content/Explanation > Content/Explanation > Content/Explanation > Content/Explanation > Content/Explanation > Content/Explanation > Content/Explanation > What if > Content/Explanation,absent,,0/7,no,,none,yes,unclear,absent,clean,
▶ LIVE — Cycle01_Day 1.pptx,Cycle 01 — Course Launch & Lab Safety (Unit 1),LIVE export,1,9,2026-08-26 10:25:42,3471995,What makes a science class worth being in,1,What makes a science class worth being in: 1/5 [3-Tier Question],False,0,0,0,0,0,0,0,0,False,,0,0,0,0,0,0,,9144000x6858000,True,False,Arial; Calibri; Inter; Inter ExtraBold; Inter Medium; Inter SemiBold,Calibri; Inter; Inter ExtraBold; Inter Medium; Inter SemiBold,False,000000; 0F766E; 1A202C; 1F2937; 2D3748; 4A5568; 718096; 94A3B8; A0AEC0; BEE3F8; CBD5E1; CCFBF1; D35400; D9A406; E2E8F0; F0FDFA; F7FAFC,False,,Teacher Prep; Concept Bank; Links slide; Response slides; Day divider,False,,,none,,Teacher reference > Content/Explanation > Content/Explanation > 3-Tier Question > Content/Explanation > Content/Explanation > Content/Explanation > Content/Explanation > Content/Explanation,absent,,0/7,no,,none,no,n/a,absent,clean,
▶ LIVE — Cycle 02 — Ecosystems & Feeding Relationships (VT deck).pptx,Cycle 02 — Ecosystems & Feeding Relationships (Unit 1),LIVE export,2,36,2026-08-22 11:44:34,4581469,Energy flow through trophic levels | Symbiosis and species relationships,2,"Energy flow through trophic levels: 5/5 [Critical Aspect question, Contrast Set, Build a Rule, Pattern Break, 3-Tier Question] ;; Symbiosis and species relationships: 5/5 [Critical Aspect question, Contrast Set, Build a Rule, Pattern Break, 3-Tier Question]",True,2,1,1,0,0,3,3,3,True,,1,6,7,0,7,0,https://biomanbio.com/HTML5GamesandLabs/EcoGames/ecology.html ; https://answerable-biology-models.netlify.app/energy.html ; https://drive.google.com/file/d/1Jw2SU5hL2kzdLCNKFo0XxXE8sB6xcbSK/view ; https://www.biointeractive.org/classroom-resources/living-together,9144000x6858000,True,True,Arial,,False,E8EEF2; E8F0F1; EFDF85,False,REMOVED: Then and Now; REMOVED: Turn answer into draft; REMOVED: teacher slide-type list,Teacher Prep; Concept Bank,True,S7: comparison ;; S19: comparison,"S7: ""The energy in your dinner started as sunlight. Grass catches sunlight, a cow eats the grass, you eat the cow. At each step, do you get all of the grass's energy — or something else? Why?"" ;; S19: ""A bee lands on a flower, drinks nectar, and carries pollen to the next flower. A mosquito lands on your arm, drinks your blood, and you itch for days. Both are two species interacting. So what is actually different?""",stock-and-flow model,stock-and-flow model (slide 8),Teacher reference > Day divider > Bellringer > Content/Explanation > Content/Explanation > Content/Explanation > Critical Aspect question > Stock-and-flow model > Contrast Set > Explanation > Build a Rule > Pattern Break > Continuity question > 3-Tier Question > Response slide > Activity > Day divider > Activity > Critical Aspect question > Content/Explanation > Contrast Set > Build a Rule > Pattern Break > 3-Tier Question > Response slide > Activity > Day divider > Response slide (What if) > Optional challenge > Relates to me > REMOVED: Then and Now > Closing checklist > REMOVED: Turn answer into draft > REMOVED: teacher slide-type list > Links slide > Image credits,absent,,0/7,no,,none,yes,yes,absent,slides 34,HS-LS2-1; HS-LS2-2
▶ LIVE — Cycle 02 — Ecosystems & Feeding Relationships (VT deck) — with Concept Bank + slide index.pptx,Cycle 02 — Ecosystems & Feeding Relationships (Unit 1),with-Concept-Bank,2,34,2026-08-29 16:54:30,4552360,Energy flow through trophic levels | Symbiosis and species relationships,2,"Energy flow through trophic levels: 5/5 [Critical Aspect question, Contrast Set, Build a Rule, Pattern Break, 3-Tier Question] ;; Symbiosis and species relationships: 5/5 [Critical Aspect question, Contrast Set, Build a Rule, Pattern Break, 3-Tier Question]",True,2,1,1,1,0,3,3,3,True,,1,6,7,0,7,0,https://biomanbio.com/HTML5GamesandLabs/EcoGames/ecology.html ; https://answerable-biology-models.netlify.app/energy.html ; https://drive.google.com/file/d/1Jw2SU5hL2kzdLCNKFo0XxXE8sB6xcbSK/view ; https://www.biointeractive.org/classroom-resources/living-together,9144000x6858000,True,True,Arial,,False,E8EEF2; E8F0F1; EFDF85,False,,Teacher Prep,True,S7: comparison ;; S19: comparison,"S7: ""The energy in your dinner started as sunlight. Grass catches sunlight, a cow eats the grass, you eat the cow. At each step, do you get all of the grass's energy — or something else? Why?"" ;; S19: ""A bee lands on a flower, drinks nectar, and carries pollen to the next flower. A mosquito lands on your arm, drinks your blood, and you itch for days. Both are two species interacting. So what is actually different?""",stock-and-flow model,stock-and-flow model (slide 8),Teacher reference > Day divider > Bellringer > Content/Explanation > Content/Explanation > Content/Explanation > Critical Aspect question > Stock-and-flow model > Contrast Set > Explanation > Build a Rule > Pattern Break > Continuity question > 3-Tier Question > Response slide > Activity > Day divider > Activity > Critical Aspect question > Content/Explanation > Contrast Set > Build a Rule > Pattern Break > 3-Tier Question > Response slide > Activity > Response slide (What if) > Optional challenge > Relates to me > Concept Bank > Day divider > Pattern Break > Links slide > Image credits,absent,,0/7,no,,none,yes,yes,lists only,clean,HS-LS2-1; HS-LS2-2
▶ LIVE — Cycle 02 — Ecosystems & Feeding Relationships (VT deck) — with Concept Bank.pptx,Cycle 02 — Ecosystems & Feeding Relationships (Unit 1),with-Concept-Bank,2,37,2026-08-29 15:55:27,4580826,Energy flow through trophic levels | Symbiosis and species relationships,2,"Energy flow through trophic levels: 5/5 [Critical Aspect question, Contrast Set, Build a Rule, Pattern Break, 3-Tier Question] ;; Symbiosis and species relationships: 5/5 [Critical Aspect question, Contrast Set, Build a Rule, Pattern Break, 3-Tier Question]",True,2,1,1,1,0,3,3,3,True,,1,6,7,0,7,0,https://biomanbio.com/HTML5GamesandLabs/EcoGames/ecology.html ; https://answerable-biology-models.netlify.app/energy.html ; https://drive.google.com/file/d/1Jw2SU5hL2kzdLCNKFo0XxXE8sB6xcbSK/view ; https://www.biointeractive.org/classroom-resources/living-together,9144000x6858000,True,True,Arial,,False,E8EEF2; E8F0F1; EFDF85,False,REMOVED: Then and Now; REMOVED: Turn answer into draft; REMOVED: teacher slide-type list,Teacher Prep,True,S7: comparison ;; S19: comparison,"S7: ""The energy in your dinner started as sunlight. Grass catches sunlight, a cow eats the grass, you eat the cow. At each step, do you get all of the grass's energy — or something else? Why?"" ;; S19: ""A bee lands on a flower, drinks nectar, and carries pollen to the next flower. A mosquito lands on your arm, drinks your blood, and you itch for days. Both are two species interacting. So what is actually different?""",stock-and-flow model,stock-and-flow model (slide 8),Teacher reference > Day divider > Bellringer > Content/Explanation > Content/Explanation > Content/Explanation > Critical Aspect question > Stock-and-flow model > Contrast Set > Explanation > Build a Rule > Pattern Break > Continuity question > 3-Tier Question > Response slide > Activity > Day divider > Activity > Critical Aspect question > Content/Explanation > Contrast Set > Build a Rule > Pattern Break > 3-Tier Question > Response slide > Activity > Concept Bank > Day divider > Response slide (What if) > Optional challenge > Relates to me > REMOVED: Then and Now > Closing checklist > REMOVED: Turn answer into draft > REMOVED: teacher slide-type list > Links slide > Image credits,absent,,0/7,no,,none,yes,yes,lists only,slides 35,HS-LS2-1; HS-LS2-2
▶ LIVE — Cycle 03 — Energy Flow & Trophic Pyramids.pptx,Cycle 03 — Energy Flow & Trophic Pyramids (Unit 1),LIVE export,3,32,2026-08-22 11:37:50,3036879,Producers are the only entry point for energy | Only ~10% of energy passes to the next level,2,"Producers are the only entry point for energy: 5/5 [Critical Aspect question, Contrast Set, Build a Rule, Pattern Break, 3-Tier Question] ;; Only ~10% of energy passes to the next level: 5/5 [Critical Aspect question, Contrast Set, Build a Rule, Pattern Break, 3-Tier Question]",True,2,0,1,0,1,3,3,3,True,,1,5,11,0,11,0,about:blank ; https://www.youtube.com/watch?v=-oVavgmveyY ; https://www.youtube.com/watch?v=v6ubvEJ3KGM ; https://www.biointeractive.org/classroom-resources/nutrient-cycling-serengeti,9144000x6858000,True,False,Arial; Inter; Inter ExtraBold; Inter Medium; Inter SemiBold,Inter; Inter ExtraBold; Inter Medium; Inter SemiBold,False,333333; 555555; E0EBF0; EFDF85; F0F7F7,False,,Concept Bank,False,S8: NO CONTRAST DEVICE ;; S19: NO CONTRAST DEVICE,"S8: ""In any food chain, some living things can make their own food and some cannot. Which ones are the doorway that lets the sun's energy into the whole chain?"" ;; S19: ""When one animal eats another, only a small part of that food's energy gets stored in the eater's body. What happens to all the rest of it?""",stock-and-flow model,stock-and-flow model (slide 9),Teacher reference > Teacher Prep > Day divider > Bellringer > Content/Explanation > Content/Explanation > Content/Explanation > Critical Aspect question > Stock-and-flow model > Contrast Set > Explanation > Build a Rule > Pattern Break > 3-Tier Question > Response slide > Activity > Activity > Day divider > Critical Aspect question > Contrast Set > Build a Rule > Pattern Break > 3-Tier Question > Response slide > Activity > Response slide (What if) > Optional challenge > Relates to me > Day divider > Closing checklist > Links slide > Image credits,absent,,0/7,no,,none,yes,yes,absent,clean,HS-LS2-3; HS-LS2-4
▶ LIVE — Cycle 03 — Energy Flow & Trophic Pyramids — with Concept Bank.pptx,Cycle 03 — Energy Flow & Trophic Pyramids (Unit 1),with-Concept-Bank,3,33,2026-08-29 15:55:28,3036651,Producers are the only entry point for energy | Only ~10% of energy passes to the next level,2,"Producers are the only entry point for energy: 5/5 [Critical Aspect question, Contrast Set, Build a Rule, Pattern Break, 3-Tier Question] ;; Only ~10% of energy passes to the next level: 5/5 [Critical Aspect question, Contrast Set, Build a Rule, Pattern Break, 3-Tier Question]",True,2,0,1,1,1,3,3,3,True,,1,5,11,0,11,0,about:blank ; https://www.youtube.com/watch?v=-oVavgmveyY ; https://www.youtube.com/watch?v=v6ubvEJ3KGM ; https://www.biointeractive.org/classroom-resources/nutrient-cycling-serengeti,9144000x6858000,True,False,Arial; Inter; Inter ExtraBold; Inter Medium; Inter SemiBold,Inter; Inter ExtraBold; Inter Medium; Inter SemiBold,False,333333; 555555; E0EBF0; EFDF85; F0F7F7,False,,,False,S8: NO CONTRAST DEVICE ;; S19: NO CONTRAST DEVICE,"S8: ""In any food chain, some living things can make their own food and some cannot. Which ones are the doorway that lets the sun's energy into the whole chain?"" ;; S19: ""When one animal eats another, only a small part of that food's energy gets stored in the eater's body. What happens to all the rest of it?""",stock-and-flow model,stock-and-flow model (slide 9),Teacher reference > Teacher Prep > Day divider > Bellringer > Content/Explanation > Content/Explanation > Content/Explanation > Critical Aspect question > Stock-and-flow model > Contrast Set > Explanation > Build a Rule > Pattern Break > 3-Tier Question > Response slide > Activity > Activity > Day divider > Critical Aspect question > Contrast Set > Build a Rule > Pattern Break > 3-Tier Question > Response slide > Activity > Response slide (What if) > Optional challenge > Relates to me > Concept Bank > Day divider > Closing checklist > Links slide > Image credits,absent,,0/7,no,,none,yes,yes,lists only,clean,HS-LS2-3; HS-LS2-4
▶ LIVE — Cycle 04 — Cycles of Matter_ The Carbon Cycle.pptx,Cycle 04 — Cycles of Matter_ The Carbon Cycle (Unit 1),LIVE export,4,29,2026-08-22 11:44:25,1225648,"Carbon moves from the air into living things | Matter cycles, energy does not",2,"Carbon moves from the air into living things: 5/5 [Critical Aspect question, Contrast Set, Build a Rule, Pattern Break, 3-Tier Question] ;; Matter cycles, energy does not: 5/5 [Critical Aspect question, Contrast Set, Build a Rule, Pattern Break, 3-Tier Question]",True,2,0,1,0,0,3,3,3,True,,1,10,16,0,16,0,https://www.youtube.com/watch?v=NHqEthRCqQ4 ; https://phet.colorado.edu/en/simulations/greenhouse-effect ; https://www.biointeractive.org/classroom-resources/geologic-carbon-cycle ; https://gizmos.explorelearning.com/find-gizmos/lesson-info?resourceId=1061,9144000x6858000,True,True,Arial,,False,0000FF; EFDF85,False,,Teacher Prep; Concept Bank,True,S7: comparison ;; S17: comparison,"S7: ""A tree can gain hundreds of pounds of solid wood as it grows. But the soil it grows in barely loses any weight. So where is all that new wood actually coming from?"" ;; S17: ""Last cycle you learned that energy only flows one way and runs out at the top of the pyramid. Does the carbon in your food work the same way — used once and then gone forever?""",stock-and-flow model,stock-and-flow model (slide 8),Teacher reference > Day divider > Bellringer > Content/Explanation > Content/Explanation > Content/Explanation > Critical Aspect question > Stock-and-flow model > Contrast Set > Explanation > Build a Rule > Pattern Break > 3-Tier Question > Response slide > Activity > Day divider > Critical Aspect question > Contrast Set > Build a Rule > Pattern Break > 3-Tier Question > Response slide > Activity > Response slide (What if) > Optional challenge > Relates to me > Day divider > Links slide > Image credits,absent,,0/7,no,,none,yes,yes,absent,clean,HS-LS2-3; HS-LS2-4; HS-LS2-5
▶ LIVE — Cycle 04 — Cycles of Matter_ The Carbon Cycle — with Concept Bank.pptx,Cycle 04 — Cycles of Matter_ The Carbon Cycle (Unit 1),with-Concept-Bank,4,30,2026-08-29 15:55:28,1225731,"Carbon moves from the air into living things | Matter cycles, energy does not",2,"Carbon moves from the air into living things: 5/5 [Critical Aspect question, Contrast Set, Build a Rule, Pattern Break, 3-Tier Question] ;; Matter cycles, energy does not: 5/5 [Critical Aspect question, Contrast Set, Build a Rule, Pattern Break, 3-Tier Question]",True,2,0,1,1,0,3,3,3,True,,1,10,16,0,16,0,https://www.youtube.com/watch?v=NHqEthRCqQ4 ; https://phet.colorado.edu/en/simulations/greenhouse-effect ; https://www.biointeractive.org/classroom-resources/geologic-carbon-cycle ; https://gizmos.explorelearning.com/find-gizmos/lesson-info?resourceId=1061,9144000x6858000,True,True,Arial,,False,0000FF; EFDF85,False,,Teacher Prep,True,S7: comparison ;; S17: comparison,"S7: ""A tree can gain hundreds of pounds of solid wood as it grows. But the soil it grows in barely loses any weight. So where is all that new wood actually coming from?"" ;; S17: ""Last cycle you learned that energy only flows one way and runs out at the top of the pyramid. Does the carbon in your food work the same way — used once and then gone forever?""",stock-and-flow model,stock-and-flow model (slide 8),Teacher reference > Day divider > Bellringer > Content/Explanation > Content/Explanation > Content/Explanation > Critical Aspect question > Stock-and-flow model > Contrast Set > Explanation > Build a Rule > Pattern Break > 3-Tier Question > Response slide > Activity > Day divider > Critical Aspect question > Contrast Set > Build a Rule > Pattern Break > 3-Tier Question > Response slide > Activity > Response slide (What if) > Optional challenge > Relates to me > Concept Bank > Day divider > Links slide > Image credits,absent,,0/7,no,,none,yes,yes,lists only,clean,HS-LS2-3; HS-LS2-4; HS-LS2-5
▶ LIVE — Cycle 05 — Photosynthesis.pptx,Cycle 05 — Photosynthesis (Unit 1),LIVE export,5,31,2026-08-22 11:44:22,956353,"Light energy becomes chemical energy in glucose | A plant's material comes from air and water, not soil",2,"Light energy becomes chemical energy in glucose: 5/5 [Critical Aspect question, Contrast Set, Build a Rule, Pattern Break, 3-Tier Question] ;; A plant's material comes from air and water, not soil: 5/5 [Critical Aspect question, Contrast Set, Build a Rule, Pattern Break, 3-Tier Question]",True,2,0,1,0,1,3,3,3,True,,1,10,17,0,17,0,https://drive.google.com/file/d/1oiLh3D3NMCeQcehS7U3n7B0SCQNsBPZq/view ; https://drive.google.com/file/d/1Spjx6KJAo1ka2Ms-LfCnsHQmOOCbIZcx/view ; https://www.youtube.com/watch?v=CMiPYHNNg28 ; https://www.biointeractive.org/classroom-resources/photosynthesis,9144000x6858000,True,True,Arial,,False,EFDF85,False,,Concept Bank,False,S8: NO CONTRAST DEVICE ;; S18: NO CONTRAST DEVICE,"S8: ""The Sun's energy arrives as light. The plant's food is a sugar. What has to happen to that light for it to end up stored inside the food?"" ;; S18: ""About 400 years ago Van Helmont planted a 5 lb willow tree in 200 lb of dried soil and gave it only water for 5 years. The tree ended up weighing 169 lb — it gained 164 lb. The soil weighed about 199.9 lb; it lost only about 2 ounces. If almost none of the tree came from the soil, where did those pounds of wood, leaves, and sugar actually come from?""",stock-and-flow model,stock-and-flow model (slide 9),Teacher reference > Teacher Prep > Day divider > Bellringer > Content/Explanation > Content/Explanation > Content/Explanation > Critical Aspect question > Stock-and-flow model > Contrast Set > Explanation > Build a Rule > Pattern Break > 3-Tier Question > Response slide > Activity > Day divider > Critical Aspect question > Contrast Set > Build a Rule > Pattern Break > 3-Tier Question > Response slide > Activity > Response slide (What if) > Optional challenge > Relates to me > Day divider > Closing checklist > Links slide > Image credits,absent,,0/7,no,,none,yes,yes,absent,clean,HS-LS1-5
▶ LIVE — Cycle 05 — Photosynthesis — with Concept Bank.pptx,Cycle 05 — Photosynthesis (Unit 1),with-Concept-Bank,5,32,2026-08-29 15:55:28,956415,"Light energy becomes chemical energy in glucose | A plant's material comes from air and water, not soil",2,"Light energy becomes chemical energy in glucose: 5/5 [Critical Aspect question, Contrast Set, Build a Rule, Pattern Break, 3-Tier Question] ;; A plant's material comes from air and water, not soil: 5/5 [Critical Aspect question, Contrast Set, Build a Rule, Pattern Break, 3-Tier Question]",True,2,0,1,1,1,3,3,3,True,,1,10,17,0,17,0,https://drive.google.com/file/d/1oiLh3D3NMCeQcehS7U3n7B0SCQNsBPZq/view ; https://drive.google.com/file/d/1Spjx6KJAo1ka2Ms-LfCnsHQmOOCbIZcx/view ; https://www.youtube.com/watch?v=CMiPYHNNg28 ; https://www.biointeractive.org/classroom-resources/photosynthesis,9144000x6858000,True,True,Arial,,False,EFDF85,False,,,False,S8: NO CONTRAST DEVICE ;; S18: NO CONTRAST DEVICE,"S8: ""The Sun's energy arrives as light. The plant's food is a sugar. What has to happen to that light for it to end up stored inside the food?"" ;; S18: ""About 400 years ago Van Helmont planted a 5 lb willow tree in 200 lb of dried soil and gave it only water for 5 years. The tree ended up weighing 169 lb — it gained 164 lb. The soil weighed about 199.9 lb; it lost only about 2 ounces. If almost none of the tree came from the soil, where did those pounds of wood, leaves, and sugar actually come from?""",stock-and-flow model,stock-and-flow model (slide 9),Teacher reference > Teacher Prep > Day divider > Bellringer > Content/Explanation > Content/Explanation > Content/Explanation > Critical Aspect question > Stock-and-flow model > Contrast Set > Explanation > Build a Rule > Pattern Break > 3-Tier Question > Response slide > Activity > Day divider > Critical Aspect question > Contrast Set > Build a Rule > Pattern Break > 3-Tier Question > Response slide > Activity > Response slide (What if) > Optional challenge > Relates to me > Concept Bank > Day divider > Closing checklist > Links slide > Image credits,absent,,0/7,no,,none,yes,yes,lists only,clean,HS-LS1-5
▶ LIVE — Cycle 06 — Cellular Respiration & Fermentation.pptx,Cycle 06 — Cellular Respiration & Fermentation (Unit 1),LIVE export,6,32,2026-08-22 11:44:01,704004,Releasing the energy in glucose | Oxygen and how much ATP you get,2,"Releasing the energy in glucose: 5/5 [Critical Aspect question, Contrast Set, Build a Rule, Pattern Break, 3-Tier Question] ;; Oxygen and how much ATP you get: 5/5 [Critical Aspect question, Contrast Set, Build a Rule, Pattern Break, 3-Tier Question]",True,2,0,1,0,1,3,3,3,True,,1,11,24,0,24,0,https://www.youtube.com/watch?v=eJ9Zjc-jdys ; https://www.youtube.com/watch?v=YbdkbCU20_M ; https://www.biointeractive.org/classroom-resources/citric-acid-cycle ; https://gizmos.explorelearning.com/find-gizmos/lesson-info?resourceId=455,9144000x6858000,True,False,Arial; Calibri,Calibri,False,EFDF85,False,,Concept Bank,True,S10: comparison ;; S20: comparison,"S10: ""A flame and a cell both break down glucose, and both release its energy. What is different about HOW a cell does it?"" ;; S20: ""Breaking glucose the FIRST little bit does not need oxygen at all — that first step is called glycolysis. Two cells now break down the exact same glucose. One has oxygen, one does not. What makes their energy payoff so different?""",stock-and-flow model,stock-and-flow model (slide 11),Teacher reference > Teacher reference > Teacher Prep > Day divider > Teacher reference > Bellringer > Content/Explanation > Content/Explanation > Content/Explanation > Critical Aspect question > Stock-and-flow model > Contrast Set > Explanation > Build a Rule > Pattern Break > 3-Tier Question > Response slide > Activity > Day divider > Critical Aspect question > Contrast Set > Build a Rule > Pattern Break > 3-Tier Question > Response slide > Activity > Response slide (What if) > Optional challenge > Relates to me > Day divider > Links slide > Image credits,absent,,0/7,no,,none,yes,yes,absent,slides 13,HS-LS1-7
▶ LIVE — Cycle 06 — Cellular Respiration & Fermentation — with Concept Bank.pptx,Cycle 06 — Cellular Respiration & Fermentation (Unit 1),with-Concept-Bank,6,33,2026-08-29 15:55:28,703969,Releasing the energy in glucose | Oxygen and how much ATP you get,2,"Releasing the energy in glucose: 5/5 [Critical Aspect question, Contrast Set, Build a Rule, Pattern Break, 3-Tier Question] ;; Oxygen and how much ATP you get: 5/5 [Critical Aspect question, Contrast Set, Build a Rule, Pattern Break, 3-Tier Question]",True,2,0,1,1,1,3,3,3,True,,1,11,24,0,24,0,https://www.youtube.com/watch?v=eJ9Zjc-jdys ; https://www.youtube.com/watch?v=YbdkbCU20_M ; https://www.biointeractive.org/classroom-resources/citric-acid-cycle ; https://gizmos.explorelearning.com/find-gizmos/lesson-info?resourceId=455,9144000x6858000,True,False,Arial; Calibri,Calibri,False,EFDF85,False,,,True,S10: comparison ;; S20: comparison,"S10: ""A flame and a cell both break down glucose, and both release its energy. What is different about HOW a cell does it?"" ;; S20: ""Breaking glucose the FIRST little bit does not need oxygen at all — that first step is called glycolysis. Two cells now break down the exact same glucose. One has oxygen, one does not. What makes their energy payoff so different?""",stock-and-flow model,stock-and-flow model (slide 11),Teacher reference > Teacher reference > Teacher Prep > Day divider > Teacher reference > Bellringer > Content/Explanation > Content/Explanation > Content/Explanation > Critical Aspect question > Stock-and-flow model > Contrast Set > Explanation > Build a Rule > Pattern Break > 3-Tier Question > Response slide > Activity > Day divider > Critical Aspect question > Contrast Set > Build a Rule > Pattern Break > 3-Tier Question > Response slide > Activity > Response slide (What if) > Optional challenge > Relates to me > Concept Bank > Day divider > Links slide > Image credits,absent,,0/7,no,,none,yes,yes,lists only,slides 13,HS-LS1-7
▶ LIVE — Cycle 07a — Population Ecology.pptx,Cycle 07 — Ecosystem Dynamics_ Populations & Succession (Unit 1),LIVE export,7a,32,2026-08-22 11:44:15,991475,Why growth bends — J vs S | What sets carrying capacity,2,"Why growth bends — J vs S: 5/5 [Critical Aspect question, Contrast Set, Build a Rule, Pattern Break, 3-Tier Question] ;; What sets carrying capacity: 5/5 [Critical Aspect question, Contrast Set, Build a Rule, Pattern Break, 3-Tier Question]",True,2,0,4,0,1,3,3,3,True,,1,4,9,0,9,0,https://www.youtube.com/watch?v=RBOsqmBQBQk ; https://phet.colorado.edu/en/simulations/natural-selection ; https://biomanbio.com/HTML5GamesandLabs/EcoGames/ecology.html ; https://gizmos.explorelearning.com/find-gizmos/lesson-info?resourceId=380,9144000x6858000,True,True,Arial,,False,EFDF85,False,,Concept Bank,False,S8: NO CONTRAST DEVICE ;; S18: comparison,"S8: ""Twenty-four rabbits became hundreds of millions in about 70 years — a curve shooting straight up. No population in the wild keeps that up forever. What makes a curve like that bend over and flatten?"" ;; S18: ""The S-curve flattens at some level and then stays there. That level is not an accident — something sets it. What decides how high the ceiling sits, and why can’t the population push past it?""",stock-and-flow model,stock-and-flow model (slide 9),Teacher reference > Teacher Prep > Day divider > Bellringer > Content/Explanation > Content/Explanation > Content/Explanation > Critical Aspect question > Stock-and-flow model > Contrast Set > Explanation > Build a Rule > Pattern Break > 3-Tier Question > Response slide > Stock-and-flow model > Day divider > Critical Aspect question > Contrast Set > Build a Rule > Pattern Break > 3-Tier Question > Response slide > Stock-and-flow model > Stock-and-flow model > Response slide (What if) > Optional challenge > Relates to me > Day divider > Closing checklist > Links slide > Image credits,absent,,0/7,no,,none,yes,yes,absent,clean,HS-LS2-1; HS-LS2-2
▶ LIVE — Cycle 07a — Population Ecology — with Concept Bank.pptx,Cycle 07 — Ecosystem Dynamics_ Populations & Succession (Unit 1),with-Concept-Bank,7a,33,2026-08-29 15:55:29,991404,Why growth bends — J vs S | What sets carrying capacity,2,"Why growth bends — J vs S: 5/5 [Critical Aspect question, Contrast Set, Build a Rule, Pattern Break, 3-Tier Question] ;; What sets carrying capacity: 5/5 [Critical Aspect question, Contrast Set, Build a Rule, Pattern Break, 3-Tier Question]",True,2,0,4,1,1,3,3,3,True,,1,4,9,0,9,0,https://www.youtube.com/watch?v=RBOsqmBQBQk ; https://phet.colorado.edu/en/simulations/natural-selection ; https://biomanbio.com/HTML5GamesandLabs/EcoGames/ecology.html ; https://gizmos.explorelearning.com/find-gizmos/lesson-info?resourceId=380,9144000x6858000,True,True,Arial,,False,EFDF85,False,,,False,S8: NO CONTRAST DEVICE ;; S18: comparison,"S8: ""Twenty-four rabbits became hundreds of millions in about 70 years — a curve shooting straight up. No population in the wild keeps that up forever. What makes a curve like that bend over and flatten?"" ;; S18: ""The S-curve flattens at some level and then stays there. That level is not an accident — something sets it. What decides how high the ceiling sits, and why can’t the population push past it?""",stock-and-flow model,stock-and-flow model (slide 9),Teacher reference > Teacher Prep > Day divider > Bellringer > Content/Explanation > Content/Explanation > Content/Explanation > Critical Aspect question > Stock-and-flow model > Contrast Set > Explanation > Build a Rule > Pattern Break > 3-Tier Question > Response slide > Stock-and-flow model > Day divider > Critical Aspect question > Contrast Set > Build a Rule > Pattern Break > 3-Tier Question > Response slide > Stock-and-flow model > Stock-and-flow model > Response slide (What if) > Optional challenge > Relates to me > Concept Bank > Day divider > Closing checklist > Links slide > Image credits,absent,,0/7,no,,none,yes,yes,lists only,clean,HS-LS2-1; HS-LS2-2
▶ LIVE — Cycle 07b — Populations & Succession.pptx,Cycle 07 — Ecosystem Dynamics_ Populations & Succession (Unit 1),LIVE export,7b,30,2026-08-22 11:44:18,1409716,Where succession is headed | What pioneer species do,2,"Where succession is headed: 5/5 [Critical Aspect question, Contrast Set, Build a Rule, Pattern Break, 3-Tier Question] ;; What pioneer species do: 5/5 [Critical Aspect question, Contrast Set, Build a Rule, Pattern Break, 3-Tier Question]",True,2,0,1,0,1,3,3,3,True,,1,7,13,0,13,0,https://www.youtube.com/watch?v=uqEUzgVAF6g ; https://www.youtube.com/watch?v=jZKIHe2LDP8 ; https://education.nationalgeographic.org/resource/environmental-turnaround/ ; https://gizmos.explorelearning.com/find-gizmos/lesson-info?resourceId=639,9144000x6858000,True,True,Arial,,False,EFDF85,False,,Concept Bank,True,S8: comparison ;; S18: comparison,"S8: ""Two photos of the same hillside: one right after a landslide (bare dirt), one 200 years later (thick forest). What is the bare ground changing toward — and how could you tell which photo was taken first?"" ;; S18: ""Bare rock and a garden both get the same seeds, sun, and rain. The garden grows; the bare rock stays empty. What does the rock not have yet — and who has to make it first?""",stock-and-flow model,stock-and-flow model (slide 9),Teacher reference > Teacher Prep > Day divider > Bellringer > Content/Explanation > Content/Explanation > Content/Explanation > Critical Aspect question > Stock-and-flow model > Contrast Set > Explanation > Build a Rule > Pattern Break > 3-Tier Question > Response slide > Activity > Day divider > Critical Aspect question > Contrast Set > Build a Rule > Pattern Break > 3-Tier Question > Response slide > Activity > Response slide (What if) > Optional challenge > Relates to me > Day divider > Links slide > Image credits,absent,,0/7,no,,none,yes,yes,absent,clean,HS-LS2-1; HS-LS2-2; HS-LS2-6
▶ LIVE — Cycle 07b — Populations & Succession — with Concept Bank.pptx,Cycle 07 — Ecosystem Dynamics_ Populations & Succession (Unit 1),with-Concept-Bank,7b,31,2026-08-29 15:55:29,1409756,Where succession is headed | What pioneer species do,2,"Where succession is headed: 5/5 [Critical Aspect question, Contrast Set, Build a Rule, Pattern Break, 3-Tier Question] ;; What pioneer species do: 5/5 [Critical Aspect question, Contrast Set, Build a Rule, Pattern Break, 3-Tier Question]",True,2,0,1,1,1,3,3,3,True,,1,7,13,0,13,0,https://www.youtube.com/watch?v=uqEUzgVAF6g ; https://www.youtube.com/watch?v=jZKIHe2LDP8 ; https://education.nationalgeographic.org/resource/environmental-turnaround/ ; https://gizmos.explorelearning.com/find-gizmos/lesson-info?resourceId=639,9144000x6858000,True,True,Arial,,False,EFDF85,False,,,True,S8: comparison ;; S18: comparison,"S8: ""Two photos of the same hillside: one right after a landslide (bare dirt), one 200 years later (thick forest). What is the bare ground changing toward — and how could you tell which photo was taken first?"" ;; S18: ""Bare rock and a garden both get the same seeds, sun, and rain. The garden grows; the bare rock stays empty. What does the rock not have yet — and who has to make it first?""",stock-and-flow model,stock-and-flow model (slide 9),Teacher reference > Teacher Prep > Day divider > Bellringer > Content/Explanation > Content/Explanation > Content/Explanation > Critical Aspect question > Stock-and-flow model > Contrast Set > Explanation > Build a Rule > Pattern Break > 3-Tier Question > Response slide > Activity > Day divider > Critical Aspect question > Contrast Set > Build a Rule > Pattern Break > 3-Tier Question > Response slide > Activity > Response slide (What if) > Optional challenge > Relates to me > Concept Bank > Day divider > Links slide > Image credits,absent,,0/7,no,,none,yes,yes,lists only,clean,HS-LS2-1; HS-LS2-2; HS-LS2-6
▶ LIVE — Cycle 08 — Cells & Organelles.pptx,Cycle 08 — Cells & Organelles (Unit 2),LIVE export,8,30,2026-08-22 11:44:11,928692,Structure fits function | Plant cell vs animal cell,2,"Structure fits function: 4/5 [Contrast Set, Build a Rule, Pattern Break, 3-Tier Question] ;; Plant cell vs animal cell: 5/5 [Critical Aspect question, Contrast Set, Build a Rule, Pattern Break, 3-Tier Question]",False,1,0,0,0,1,3,3,3,True,,1,7,15,0,15,0,https://drive.google.com/file/d/1Z93aLwdJ7JgKuvPtQw-tlB_aRKbnK152/view ; https://www.youtube.com/watch?v=6mgkoqcm6Sg ; https://learn.genetics.utah.edu/content/cells/scale/ ; https://www.youtube.com/watch?v=Pxujitlv8wc,9144000x6858000,True,True,Arial,,False,EFDF85,False,,Concept Bank,True,S17: comparison,"S17: ""Plant cells and animal cells are both eukaryotes, so they share a lot: a membrane, a nucleus, mitochondria, and ribosomes. But an animal has to eat to get its food, and a plant makes its own from sunlight. Which parts belong to ONLY one of them — and why does that cell need them?""",none,,Teacher reference > Teacher Prep > Day divider > Bellringer > Content/Explanation > Content/Explanation > Content/Explanation > Content/Explanation > Contrast Set > Explanation > Build a Rule > Pattern Break > 3-Tier Question > Response slide > Activity > Day divider > Critical Aspect question > Contrast Set > Build a Rule > Pattern Break > 3-Tier Question > Response slide > Activity > Content/Explanation > Response slide (What if) > Optional challenge > Relates to me > Day divider > Links slide > Image credits,absent,,0/7,no,,none,yes,yes,absent,clean,HS-LS1-1; HS-LS1-2
▶ LIVE — Cycle 08 — Cells & Organelles — with Concept Bank.pptx,Cycle 08 — Cells & Organelles (Unit 2),with-Concept-Bank,8,31,2026-08-29 15:55:29,928752,Structure fits function | Plant cell vs animal cell,2,"Structure fits function: 4/5 [Contrast Set, Build a Rule, Pattern Break, 3-Tier Question] ;; Plant cell vs animal cell: 5/5 [Critical Aspect question, Contrast Set, Build a Rule, Pattern Break, 3-Tier Question]",False,1,0,0,1,1,3,3,3,True,,1,7,15,0,15,0,https://drive.google.com/file/d/1Z93aLwdJ7JgKuvPtQw-tlB_aRKbnK152/view ; https://www.youtube.com/watch?v=6mgkoqcm6Sg ; https://learn.genetics.utah.edu/content/cells/scale/ ; https://www.youtube.com/watch?v=Pxujitlv8wc,9144000x6858000,True,True,Arial,,False,EFDF85,False,,,True,S17: comparison,"S17: ""Plant cells and animal cells are both eukaryotes, so they share a lot: a membrane, a nucleus, mitochondria, and ribosomes. But an animal has to eat to get its food, and a plant makes its own from sunlight. Which parts belong to ONLY one of them — and why does that cell need them?""",none,,Teacher reference > Teacher Prep > Day divider > Bellringer > Content/Explanation > Content/Explanation > Content/Explanation > Content/Explanation > Contrast Set > Explanation > Build a Rule > Pattern Break > 3-Tier Question > Response slide > Activity > Day divider > Critical Aspect question > Contrast Set > Build a Rule > Pattern Break > 3-Tier Question > Response slide > Activity > Content/Explanation > Response slide (What if) > Optional challenge > Relates to me > Concept Bank > Day divider > Links slide > Image credits,absent,,0/7,no,,none,yes,yes,lists only,clean,HS-LS1-1; HS-LS1-2
▶ LIVE — Cycle 09 (review) — Cell Membrane & Transport.pptx,Cycle 09 — Cell Membrane & Transport (Unit 2),LIVE export,9,37,2026-08-22 11:43:22,1402133,Selective permeability | Bilayer structure,2,"Selective permeability: 5/5 [Critical Aspect question, Contrast Set, Build a Rule, Pattern Break, 3-Tier Question] ;; Bilayer structure: 5/5 [Critical Aspect question, Contrast Set, Build a Rule, Pattern Break, 3-Tier Question]",True,2,0,1,0,1,3,3,3,True,,1,6,16,0,16,0,https://www.youtube.com/watch?v=Ptmlvtei8hw ; https://www.youtube.com/watch?v=L-osEc07vMs ; https://phet.colorado.edu/en/simulations/diffusion ; https://gizmos.explorelearning.com/find-gizmos/lesson-info?resourceId=418,9144000x6858000,True,False,Arial; Calibri,Calibri,False,000000; 1A1A1A; EFDF85,False,,Concept Bank,False,"S8: comparison, named alternatives ;; S18: NO CONTRAST DEVICE","S8: ""What is the membrane actually DOING when it decides what crosses — and how is that different from a wall or an open door? choose two paths."" ;; S18: ""The membrane is built from tiny molecules called phospholipids. Each one has a head that loves water and two tails that fear water. Because there is water inside AND outside the cell, the heads face out toward the water and the tails tuck together in the middle — two rows lined up, a bilayer. That leaves the middle of the membrane an oily, water-fearing zone. How could that one fact decide what is allowed to cross?""",stock-and-flow model,stock-and-flow model (slide 9),Teacher reference > Teacher Prep > Day divider > Bellringer > Content/Explanation > Content/Explanation > Content/Explanation > Critical Aspect question > Stock-and-flow model > Contrast Set > Explanation > Build a Rule > Pattern Break > 3-Tier Question > Response slide > Activity > Day divider > Critical Aspect question > Contrast Set > Build a Rule > Pattern Break > 3-Tier Question > Response slide > Activity > Response slide (What if) > Content/Explanation > Content/Explanation > Content/Explanation > Content/Explanation > Content/Explanation > Content/Explanation > Content/Explanation > Content/Explanation > Relates to me > Day divider > Links slide > Image credits,absent,,0/7,no,,none,yes,yes,absent,clean,HS-LS1-2; HS-LS1-3
▶ LIVE — Cycle 09 (review) — Cell Membrane & Transport — with Concept Bank.pptx,Cycle 09 — Cell Membrane & Transport (Unit 2),with-Concept-Bank,9,38,2026-08-29 15:55:29,1401738,Selective permeability | Bilayer structure,2,"Selective permeability: 5/5 [Critical Aspect question, Contrast Set, Build a Rule, Pattern Break, 3-Tier Question] ;; Bilayer structure: 5/5 [Critical Aspect question, Contrast Set, Build a Rule, Pattern Break, 3-Tier Question]",True,2,0,1,1,1,3,3,3,True,,1,6,16,0,16,0,https://www.youtube.com/watch?v=Ptmlvtei8hw ; https://www.youtube.com/watch?v=L-osEc07vMs ; https://phet.colorado.edu/en/simulations/diffusion ; https://gizmos.explorelearning.com/find-gizmos/lesson-info?resourceId=418,9144000x6858000,True,False,Arial; Calibri,Calibri,False,000000; 1A1A1A; EFDF85,False,,,False,"S8: comparison, named alternatives ;; S18: NO CONTRAST DEVICE","S8: ""What is the membrane actually DOING when it decides what crosses — and how is that different from a wall or an open door? choose two paths."" ;; S18: ""The membrane is built from tiny molecules called phospholipids. Each one has a head that loves water and two tails that fear water. Because there is water inside AND outside the cell, the heads face out toward the water and the tails tuck together in the middle — two rows lined up, a bilayer. That leaves the middle of the membrane an oily, water-fearing zone. How could that one fact decide what is allowed to cross?""",stock-and-flow model,stock-and-flow model (slide 9),Teacher reference > Teacher Prep > Day divider > Bellringer > Content/Explanation > Content/Explanation > Content/Explanation > Critical Aspect question > Stock-and-flow model > Contrast Set > Explanation > Build a Rule > Pattern Break > 3-Tier Question > Response slide > Activity > Day divider > Critical Aspect question > Contrast Set > Build a Rule > Pattern Break > 3-Tier Question > Response slide > Activity > Response slide (What if) > Content/Explanation > Content/Explanation > Content/Explanation > Content/Explanation > Content/Explanation > Content/Explanation > Content/Explanation > Content/Explanation > Relates to me > Concept Bank > Day divider > Links slide > Image credits,absent,,0/7,no,,none,yes,yes,lists only,clean,HS-LS1-2; HS-LS1-3
▶ LIVE — Cycle 10 — Enzymes.pptx,Cycle 10 — Enzymes (Unit 2),LIVE export,10,34,2026-08-22 11:43:07,643319,"Enzymes lower activation energy and aren't used up | Shape, specificity, and denaturing",2,"Enzymes lower activation energy and aren't used up: 5/5 [Critical Aspect question, Contrast Set, Build a Rule, Pattern Break, 3-Tier Question] ;; Shape, specificity, and denaturing: 5/5 [Critical Aspect question, Contrast Set, Build a Rule, Pattern Break, 3-Tier Question]",True,2,0,1,0,1,3,3,3,True,,1,7,16,0,16,0,https://www.youtube.com/watch?v=ok9esggzN18 ; https://www.youtube.com/watch?v=YacsIU97OFc ; https://phet.colorado.edu/en/simulations/reactions-and-rates ; https://gizmos.explorelearning.com/find-gizmos/lesson-info?resourceId=3034,9144000x6858000,True,True,Arial,,False,EFDF85,False,,Concept Bank,True,S8: comparison ;; S18: comparison,"S8: ""When an enzyme makes a reaction go faster, what is it actually changing — and what is it NOT changing?"" ;; S18: ""An enzyme only does one job. Its surface has a pocket called the active site, shaped to fit one exact molecule — the substrate — like one key fits one lock. The wrong molecule simply won't fit, so nothing happens. But that shape is fragile: too much heat, or the wrong pH, can bend the active site out of shape. What has to stay true about that shape for the enzyme to keep working?""",stock-and-flow model,stock-and-flow model (slide 9),Teacher reference > Teacher Prep > Day divider > Bellringer > Content/Explanation > Content/Explanation > Content/Explanation > Critical Aspect question > Stock-and-flow model > Contrast Set > Explanation > Build a Rule > Pattern Break > 3-Tier Question > Response slide > Activity > Day divider > Critical Aspect question > Contrast Set > Build a Rule > Pattern Break > 3-Tier Question > Response slide > Activity > Activity > Activity > Activity > Response slide (What if) > Activity > Relates to me > Day divider > Closing checklist > Links slide > Image credits,absent,,0/7,no,,none,yes,yes,absent,clean,HS-LS1-6
▶ LIVE — Cycle 10 — Enzymes — with Concept Bank.pptx,Cycle 10 — Enzymes (Unit 2),with-Concept-Bank,10,35,2026-08-29 15:55:29,643043,"Enzymes lower activation energy and aren't used up | Shape, specificity, and denaturing",2,"Enzymes lower activation energy and aren't used up: 5/5 [Critical Aspect question, Contrast Set, Build a Rule, Pattern Break, 3-Tier Question] ;; Shape, specificity, and denaturing: 5/5 [Critical Aspect question, Contrast Set, Build a Rule, Pattern Break, 3-Tier Question]",True,2,0,1,1,1,3,3,3,True,,1,7,16,0,16,0,https://www.youtube.com/watch?v=ok9esggzN18 ; https://www.youtube.com/watch?v=YacsIU97OFc ; https://phet.colorado.edu/en/simulations/reactions-and-rates ; https://gizmos.explorelearning.com/find-gizmos/lesson-info?resourceId=3034,9144000x6858000,True,True,Arial,,False,EFDF85,False,,,True,S8: comparison ;; S18: comparison,"S8: ""When an enzyme makes a reaction go faster, what is it actually changing — and what is it NOT changing?"" ;; S18: ""An enzyme only does one job. Its surface has a pocket called the active site, shaped to fit one exact molecule — the substrate — like one key fits one lock. The wrong molecule simply won't fit, so nothing happens. But that shape is fragile: too much heat, or the wrong pH, can bend the active site out of shape. What has to stay true about that shape for the enzyme to keep working?""",stock-and-flow model,stock-and-flow model (slide 9),Teacher reference > Teacher Prep > Day divider > Bellringer > Content/Explanation > Content/Explanation > Content/Explanation > Critical Aspect question > Stock-and-flow model > Contrast Set > Explanation > Build a Rule > Pattern Break > 3-Tier Question > Response slide > Activity > Day divider > Critical Aspect question > Contrast Set > Build a Rule > Pattern Break > 3-Tier Question > Response slide > Activity > Activity > Activity > Activity > Response slide (What if) > Activity > Relates to me > Concept Bank > Day divider > Closing checklist > Links slide > Image credits,absent,,0/7,no,,none,yes,yes,lists only,clean,HS-LS1-6
▶ LIVE — Cycle 11 — The Cell Cycle to Cancer.pptx,Cycle 11 — The Cell Cycle → Cancer (Unit 2),LIVE export,11,33,2026-08-22 11:44:30,1746727,Checkpoints control the cycle | Cancer = regulation failure,2,"Checkpoints control the cycle: 5/5 [Critical Aspect question, Contrast Set, Build a Rule, Pattern Break, 3-Tier Question] ;; Cancer = regulation failure: 5/5 [Critical Aspect question, Contrast Set, Build a Rule, Pattern Break, 3-Tier Question]",True,2,0,1,0,1,3,3,3,True,,1,6,14,0,14,0,https://drive.google.com/file/d/1fTJuWg--s8IE6qB92qI3amQdFceyx1KG/view ; https://www.youtube.com/watch?v=QVCjdNxJreE ; https://www.biointeractive.org/classroom-resources/p53-gene-and-cancer ; https://www.biointeractive.org/classroom-resources/cell-division-and-cancer-risk,9144000x6858000,True,False,Arial; Calibri,Calibri,False,EFDF85,False,,Concept Bank,True,"S8: comparison ;; S18: change condition, comparison","S8: ""Two cells reach the same checkpoint. One is allowed to divide, one is stopped. What is the checkpoint actually looking at to decide?"" ;; S18: ""A checkpoint is like a brake — it stops a broken cell from dividing. But what if the brake itself breaks? A change in the DNA, called a mutation, can damage the very genes that run the checkpoints, and a damaged cell is no longer stopped: it divides again and again, out of control. That is cancer — one of your own cells with its controls broken. A cancer cell divides faster and survives better than a normal cell. If it is so good at surviving, why is it dangerous to the body?""",stock-and-flow model,stock-and-flow model (slide 9),Teacher reference > Teacher Prep > Day divider > Bellringer > Content/Explanation > Content/Explanation > Content/Explanation > Critical Aspect question > Stock-and-flow model > Contrast Set > Explanation > Build a Rule > Pattern Break > 3-Tier Question > Response slide > Activity > Day divider > Critical Aspect question > Contrast Set > Build a Rule > Pattern Break > 3-Tier Question > Response slide > Activity > Activity > Content/Explanation > Content/Explanation > Response slide (What if) > Optional challenge > Relates to me > Day divider > Links slide > Image credits,absent,,0/7,no,,none,yes,yes,absent,clean,HS-LS1-4
▶ LIVE — Cycle 11 — The Cell Cycle to Cancer — with Concept Bank.pptx,Cycle 11 — The Cell Cycle → Cancer (Unit 2),with-Concept-Bank,11,34,2026-08-29 15:55:29,1746700,Checkpoints control the cycle | Cancer = regulation failure,2,"Checkpoints control the cycle: 5/5 [Critical Aspect question, Contrast Set, Build a Rule, Pattern Break, 3-Tier Question] ;; Cancer = regulation failure: 5/5 [Critical Aspect question, Contrast Set, Build a Rule, Pattern Break, 3-Tier Question]",True,2,0,1,1,1,3,3,3,True,,1,6,14,0,14,0,https://drive.google.com/file/d/1fTJuWg--s8IE6qB92qI3amQdFceyx1KG/view ; https://www.youtube.com/watch?v=QVCjdNxJreE ; https://www.biointeractive.org/classroom-resources/p53-gene-and-cancer ; https://www.biointeractive.org/classroom-resources/cell-division-and-cancer-risk,9144000x6858000,True,False,Arial; Calibri,Calibri,False,EFDF85,False,,,True,"S8: comparison ;; S18: change condition, comparison","S8: ""Two cells reach the same checkpoint. One is allowed to divide, one is stopped. What is the checkpoint actually looking at to decide?"" ;; S18: ""A checkpoint is like a brake — it stops a broken cell from dividing. But what if the brake itself breaks? A change in the DNA, called a mutation, can damage the very genes that run the checkpoints, and a damaged cell is no longer stopped: it divides again and again, out of control. That is cancer — one of your own cells with its controls broken. A cancer cell divides faster and survives better than a normal cell. If it is so good at surviving, why is it dangerous to the body?""",stock-and-flow model,stock-and-flow model (slide 9),Teacher reference > Teacher Prep > Day divider > Bellringer > Content/Explanation > Content/Explanation > Content/Explanation > Critical Aspect question > Stock-and-flow model > Contrast Set > Explanation > Build a Rule > Pattern Break > 3-Tier Question > Response slide > Activity > Day divider > Critical Aspect question > Contrast Set > Build a Rule > Pattern Break > 3-Tier Question > Response slide > Activity > Activity > Content/Explanation > Content/Explanation > Response slide (What if) > Optional challenge > Relates to me > Concept Bank > Day divider > Links slide > Image credits,absent,,0/7,no,,none,yes,yes,lists only,clean,HS-LS1-4
"▶ LIVE — Cycle 12 — The Process of Meiosis (VT deck, rebuilt).pptx",Cycle 12 — Meiosis (Unit 3),LIVE export,12,31,2026-08-22 11:44:08,943427,"Two divisions, two different separations | One diploid cell becomes four unique haploid cells",2,"Two divisions, two different separations: 5/5 [Critical Aspect question, Contrast Set, Build a Rule, Pattern Break, 3-Tier Question] ;; One diploid cell becomes four unique haploid cells: 5/5 [Critical Aspect question, Contrast Set, Build a Rule, Pattern Break, 3-Tier Question]",True,2,0,0,0,1,3,3,3,True,,1,7,17,0,17,0,https://youtu.be/4YfDq8rPDdM ; https://youtu.be/f5BivyJ2GJc ; https://biomanbio.com/HTML5GamesandLabs/Genegames/snurflemeiosishtml5page.html ; https://www.amazon.com/Neo-Sci-5-Hole-Bead-White/dp/B00FGE3VAQ,9144000x6858000,True,False,Arial; Calibri,Calibri,False,EFDF85,False,,Concept Bank,True,S10: change condition ;; S18: comparison,"S10: ""A cell entering meiosis holds 46 chromosomes, and every one of them has already been copied into two identical sister chromatids. Four cells come out, each holding 23 single chromosomes. Two separations had to happen, one after the other. What gets pulled apart in the first division, what gets pulled apart in the second — and what would go wrong if the cell did them the other way round?"" ;; S18: ""Run the same starting cell through meiosis twice and you would not get the same four gametes either time. Nothing was added and nothing was taken away — the same 46 chromosomes went in both times. Somewhere between the start and the four finished cells, the chromosomes got rearranged. Where in the process could that happen, and what exactly is being rearranged?""",none,,Teacher reference > Teacher Prep > Day divider > Bellringer > Content/Explanation > Content/Explanation > Content/Explanation > Content/Explanation > Content/Explanation > Critical Aspect question > Contrast Set > Build a Rule > Pattern Break > 3-Tier Question > Response slide > Activity > Day divider > Critical Aspect question > Contrast Set > Explanation > Build a Rule > Pattern Break > 3-Tier Question > Response slide > Activity > Response slide (What if) > Optional challenge > Relates to me > Day divider > Links slide > Image credits,absent,,0/7,no,,none,yes,yes,absent,clean,HS-LS3-1; HS-LS3-2
"Cycle 12 — Meiosis (VT deck, rebuilt) — with Concept Bank.pptx",Cycle 12 — Meiosis (Unit 3),with-Concept-Bank,12,32,2026-08-29 15:46:23,943542,"Two divisions, two different separations | One diploid cell becomes four unique haploid cells",2,"Two divisions, two different separations: 5/5 [Critical Aspect question, Contrast Set, Build a Rule, Pattern Break, 3-Tier Question] ;; One diploid cell becomes four unique haploid cells: 5/5 [Critical Aspect question, Contrast Set, Build a Rule, Pattern Break, 3-Tier Question]",True,2,0,0,1,1,3,3,3,True,,1,7,17,0,17,0,https://youtu.be/4YfDq8rPDdM ; https://youtu.be/f5BivyJ2GJc ; https://biomanbio.com/HTML5GamesandLabs/Genegames/snurflemeiosishtml5page.html ; https://www.amazon.com/Neo-Sci-5-Hole-Bead-White/dp/B00FGE3VAQ,9144000x6858000,True,False,Arial; Calibri,Calibri,False,EFDF85,False,,,True,S10: change condition ;; S18: comparison,"S10: ""A cell entering meiosis holds 46 chromosomes, and every one of them has already been copied into two identical sister chromatids. Four cells come out, each holding 23 single chromosomes. Two separations had to happen, one after the other. What gets pulled apart in the first division, what gets pulled apart in the second — and what would go wrong if the cell did them the other way round?"" ;; S18: ""Run the same starting cell through meiosis twice and you would not get the same four gametes either time. Nothing was added and nothing was taken away — the same 46 chromosomes went in both times. Somewhere between the start and the four finished cells, the chromosomes got rearranged. Where in the process could that happen, and what exactly is being rearranged?""",none,,Teacher reference > Teacher Prep > Day divider > Bellringer > Content/Explanation > Content/Explanation > Content/Explanation > Content/Explanation > Content/Explanation > Critical Aspect question > Contrast Set > Build a Rule > Pattern Break > 3-Tier Question > Response slide > Activity > Day divider > Critical Aspect question > Contrast Set > Explanation > Build a Rule > Pattern Break > 3-Tier Question > Response slide > Activity > Response slide (What if) > Optional challenge > Relates to me > Concept Bank > Day divider > Links slide > Image credits,absent,,0/7,no,,none,yes,yes,lists only,clean,HS-LS3-1; HS-LS3-2
▶ LIVE — Cycle 13— Mendelian Genetics.pptx,Cycle 13 — Mendelian Genetics (Unit 3),LIVE export,13,32,2026-08-23 18:16:03,1307969,Genotype vs. phenotype | One allele per parent (chance),2,"Genotype vs. phenotype: 5/5 [Critical Aspect question, Contrast Set, Build a Rule, Pattern Break, 3-Tier Question] ;; One allele per parent (chance): 5/5 [Critical Aspect question, Contrast Set, Build a Rule, Pattern Break, 3-Tier Question]",True,2,0,0,0,1,3,3,3,True,,1,7,16,0,16,0,https://www.youtube.com/watch?v=dN9SZHO6Wjg ; https://learn.genetics.utah.edu/content/basics/patterns/ ; https://learn.genetics.utah.edu/content/basics/observable/ ; https://gizmos.explorelearning.com/find-gizmos/lesson-info?resourceId=449,9144000x6858000,True,False,Arial; Calibri,Calibri,False,999999; EFDF85,False,,Concept Bank,False,"S8: NO CONTRAST DEVICE ;; S18: comparison, named alternatives","S8: ""You are looking at a purple pea flower. Exactly which alleles is it carrying inside — and can your eyes alone tell you?"" ;; S18: ""You have two alleles for every gene, but when you make a gamete (an egg or a sperm) it gets only ONE of them. That happens in meiosis, when your allele pairs separate — the separation you watched in Cycle 12. You are Bb. When you make one gamete, how many of your alleles go into it, and do you get to choose which one?""",none,,Teacher reference > Teacher Prep > Day divider > Bellringer > Content/Explanation > Content/Explanation > Content/Explanation > Critical Aspect question > Contrast Set > Explanation > Build a Rule > Pattern Break > 3-Tier Question > Response slide > Activity > Activity > Day divider > Critical Aspect question > Contrast Set > Build a Rule > Pattern Break > 3-Tier Question > Response slide > Activity > Response slide (What if) > Optional challenge > Optional challenge > Relates to me > Day divider > Closing checklist > Links slide > Image credits,absent,,0/7,no,,none,yes,yes,absent,clean,HS-LS3-1; HS-LS3-3
▶ LIVE — Cycle 13— Mendelian Genetics — with Concept Bank.pptx,Cycle 13 — Mendelian Genetics (Unit 3),with-Concept-Bank,13,33,2026-08-29 15:55:30,1307942,Genotype vs. phenotype | One allele per parent (chance),2,"Genotype vs. phenotype: 5/5 [Critical Aspect question, Contrast Set, Build a Rule, Pattern Break, 3-Tier Question] ;; One allele per parent (chance): 5/5 [Critical Aspect question, Contrast Set, Build a Rule, Pattern Break, 3-Tier Question]",True,2,0,0,1,1,3,3,3,True,,1,7,16,0,16,0,https://www.youtube.com/watch?v=dN9SZHO6Wjg ; https://learn.genetics.utah.edu/content/basics/patterns/ ; https://learn.genetics.utah.edu/content/basics/observable/ ; https://gizmos.explorelearning.com/find-gizmos/lesson-info?resourceId=449,9144000x6858000,True,False,Arial; Calibri,Calibri,False,999999; EFDF85,False,,,False,"S8: NO CONTRAST DEVICE ;; S18: comparison, named alternatives","S8: ""You are looking at a purple pea flower. Exactly which alleles is it carrying inside — and can your eyes alone tell you?"" ;; S18: ""You have two alleles for every gene, but when you make a gamete (an egg or a sperm) it gets only ONE of them. That happens in meiosis, when your allele pairs separate — the separation you watched in Cycle 12. You are Bb. When you make one gamete, how many of your alleles go into it, and do you get to choose which one?""",none,,Teacher reference > Teacher Prep > Day divider > Bellringer > Content/Explanation > Content/Explanation > Content/Explanation > Critical Aspect question > Contrast Set > Explanation > Build a Rule > Pattern Break > 3-Tier Question > Response slide > Activity > Activity > Day divider > Critical Aspect question > Contrast Set > Build a Rule > Pattern Break > 3-Tier Question > Response slide > Activity > Response slide (What if) > Optional challenge > Optional challenge > Relates to me > Concept Bank > Day divider > Closing checklist > Links slide > Image credits,absent,,0/7,no,,none,yes,yes,lists only,clean,HS-LS3-1; HS-LS3-3
▶ LIVE — Cycle 14 — DNA Structure & Replication.pptx,Cycle 14 — DNA Structure & Replication (Unit 3),LIVE export,14,32,2026-08-22 11:43:25,515772,Each strand is a template | Semiconservative replication,2,"Each strand is a template: 5/5 [Critical Aspect question, Contrast Set, Build a Rule, Pattern Break, 3-Tier Question] ;; Semiconservative replication: 5/5 [Critical Aspect question, Contrast Set, Build a Rule, Pattern Break, 3-Tier Question]",True,2,0,0,0,1,3,3,3,True,,1,5,12,0,12,0,https://www.youtube.com/watch?v=Qqe4thU-os8 ; https://www.biointeractive.org/classroom-resources/dna-replication-basic-detail ; https://learn.genetics.utah.edu/content/basics/dna/ ; https://gizmos.explorelearning.com/find-gizmos/lesson-info?resourceId=439,9144000x6858000,True,False,Arial; Calibri,Calibri,False,999999; EFDF85,False,,Concept Bank,True,S8: comparison ;; S18: comparison,"S8: ""Before a cell splits in two, it must make a second, matching copy of ALL its DNA. What is it about DNA's structure that makes an exact copy possible — instead of a lucky guess?"" ;; S18: ""Three enzymes do the copying. Helicase unzips the double helix into two single strands, DNA polymerase adds the matching partner bases to each one, and ligase seals them into a smooth strand. Now there are TWO DNA molecules where there was one. What happened to the two strands of the original — were they thrown away, or are they still in there?""",none,,Teacher reference > Teacher Prep > Day divider > Bellringer > Content/Explanation > Content/Explanation > Content/Explanation > Critical Aspect question > Contrast Set > Explanation > Build a Rule > Pattern Break > 3-Tier Question > Response slide > Activity > Activity > Day divider > Critical Aspect question > Contrast Set > Build a Rule > Pattern Break > 3-Tier Question > Response slide > Activity > Response slide (What if) > Optional challenge > Optional challenge > Relates to me > Day divider > Closing checklist > Links slide > Image credits,absent,,0/7,no,,none,yes,yes,absent,clean,HS-LS1-1; HS-LS3-1
▶ LIVE — Cycle 14 — DNA Structure & Replication — with Concept Bank.pptx,Cycle 14 — DNA Structure & Replication (Unit 3),with-Concept-Bank,14,33,2026-08-29 15:55:30,515880,Each strand is a template | Semiconservative replication,2,"Each strand is a template: 5/5 [Critical Aspect question, Contrast Set, Build a Rule, Pattern Break, 3-Tier Question] ;; Semiconservative replication: 5/5 [Critical Aspect question, Contrast Set, Build a Rule, Pattern Break, 3-Tier Question]",True,2,0,0,1,1,3,3,3,True,,1,5,12,0,12,0,https://www.youtube.com/watch?v=Qqe4thU-os8 ; https://www.biointeractive.org/classroom-resources/dna-replication-basic-detail ; https://learn.genetics.utah.edu/content/basics/dna/ ; https://gizmos.explorelearning.com/find-gizmos/lesson-info?resourceId=439,9144000x6858000,True,False,Arial; Calibri,Calibri,False,999999; EFDF85,False,,,True,S8: comparison ;; S18: comparison,"S8: ""Before a cell splits in two, it must make a second, matching copy of ALL its DNA. What is it about DNA's structure that makes an exact copy possible — instead of a lucky guess?"" ;; S18: ""Three enzymes do the copying. Helicase unzips the double helix into two single strands, DNA polymerase adds the matching partner bases to each one, and ligase seals them into a smooth strand. Now there are TWO DNA molecules where there was one. What happened to the two strands of the original — were they thrown away, or are they still in there?""",none,,Teacher reference > Teacher Prep > Day divider > Bellringer > Content/Explanation > Content/Explanation > Content/Explanation > Critical Aspect question > Contrast Set > Explanation > Build a Rule > Pattern Break > 3-Tier Question > Response slide > Activity > Activity > Day divider > Critical Aspect question > Contrast Set > Build a Rule > Pattern Break > 3-Tier Question > Response slide > Activity > Response slide (What if) > Optional challenge > Optional challenge > Relates to me > Concept Bank > Day divider > Closing checklist > Links slide > Image credits,absent,,0/7,no,,none,yes,yes,lists only,clean,HS-LS1-1; HS-LS3-1
▶ LIVE — Cycle 15a — Genes & Chromosomes.pptx,Cycle 15 — Protein Synthesis (Central Dogma) (Unit 4),LIVE export,15a,32,2026-08-22 11:43:18,1102658,A chromosome carries many genes | Alleles are versions of the same gene,2,"A chromosome carries many genes: 5/5 [Critical Aspect question, Contrast Set, Build a Rule, Pattern Break, 3-Tier Question] ;; Alleles are versions of the same gene: 5/5 [Critical Aspect question, Contrast Set, Build a Rule, Pattern Break, 3-Tier Question]",True,2,0,0,0,1,3,3,3,True,,1,6,16,0,16,0,https://www.youtube.com/watch?v=8m6hHRlKwxY ; https://learn.genetics.utah.edu/content/basics/karyotype/ ; https://learn.genetics.utah.edu/content/basics/traits/ ; https://gizmos.explorelearning.com/find-gizmos/lesson-info?resourceId=440,9144000x6858000,True,True,Arial,,False,EFDF85,False,,Concept Bank,True,"S8: comparison, named alternatives ;; S17: comparison","S8: ""Which is bigger — a gene or a chromosome? And how are the two related? You cannot settle this by looking at a picture. You have to think about scale."" ;; S17: ""Your 46 chromosomes are 23 matching pairs, one of each pair from each parent. The two chromosomes in a pair are homologous: they carry the same genes, in the same order, at the same fixed address — the locus. So if everyone carries the eye-color gene at the same locus, why do people have different eye colors?""",none,,Teacher reference > Teacher Prep > Day divider > Bellringer > Content/Explanation > Content/Explanation > Content/Explanation > Critical Aspect question > Contrast Set > Explanation > Build a Rule > Pattern Break > 3-Tier Question > Response slide > Activity > Day divider > Critical Aspect question > Contrast Set > Build a Rule > Pattern Break > 3-Tier Question > Response slide > Activity > Activity > Response slide (What if) > Optional challenge > Optional challenge > Relates to me > Day divider > Closing checklist > Links slide > Image credits,absent,,0/7,no,,none,yes,yes,absent,clean,HS-LS3-1
▶ LIVE — Cycle 15a — Genes & Chromosomes — with Concept Bank.pptx,Cycle 15 — Protein Synthesis (Central Dogma) (Unit 4),with-Concept-Bank,15a,33,2026-08-29 15:55:34,1102612,A chromosome carries many genes | Alleles are versions of the same gene,2,"A chromosome carries many genes: 5/5 [Critical Aspect question, Contrast Set, Build a Rule, Pattern Break, 3-Tier Question] ;; Alleles are versions of the same gene: 5/5 [Critical Aspect question, Contrast Set, Build a Rule, Pattern Break, 3-Tier Question]",True,2,0,0,1,1,3,3,3,True,,1,6,16,0,16,0,https://www.youtube.com/watch?v=8m6hHRlKwxY ; https://learn.genetics.utah.edu/content/basics/karyotype/ ; https://learn.genetics.utah.edu/content/basics/traits/ ; https://gizmos.explorelearning.com/find-gizmos/lesson-info?resourceId=440,9144000x6858000,True,True,Arial,,False,EFDF85,False,,,True,"S8: comparison, named alternatives ;; S17: comparison","S8: ""Which is bigger — a gene or a chromosome? And how are the two related? You cannot settle this by looking at a picture. You have to think about scale."" ;; S17: ""Your 46 chromosomes are 23 matching pairs, one of each pair from each parent. The two chromosomes in a pair are homologous: they carry the same genes, in the same order, at the same fixed address — the locus. So if everyone carries the eye-color gene at the same locus, why do people have different eye colors?""",none,,Teacher reference > Teacher Prep > Day divider > Bellringer > Content/Explanation > Content/Explanation > Content/Explanation > Critical Aspect question > Contrast Set > Explanation > Build a Rule > Pattern Break > 3-Tier Question > Response slide > Activity > Day divider > Critical Aspect question > Contrast Set > Build a Rule > Pattern Break > 3-Tier Question > Response slide > Activity > Activity > Response slide (What if) > Optional challenge > Optional challenge > Relates to me > Concept Bank > Day divider > Closing checklist > Links slide > Image credits,absent,,0/7,no,,none,yes,yes,lists only,clean,HS-LS3-1
▶ LIVE — Cycle 15b — Protein Synthesis.pptx,Cycle 15 — Protein Synthesis (Central Dogma) (Unit 4),LIVE export,15b,32,2026-08-22 11:43:15,1019551,Transcription | Translation,2,"Transcription: 5/5 [Critical Aspect question, Contrast Set, Build a Rule, Pattern Break, 3-Tier Question] ;; Translation: 5/5 [Critical Aspect question, Contrast Set, Build a Rule, Pattern Break, 3-Tier Question]",True,2,0,0,0,1,3,3,3,True,,1,4,11,0,11,0,https://www.youtube.com/watch?v=oefAI2x2CQM ; https://www.biointeractive.org/classroom-resources/central-dogma-and-genetic-medicine ; https://gizmos.explorelearning.com/find-gizmos/lesson-info?resourceId=442 ; https://learn.genetics.utah.edu/content/basics/txtl/,9144000x6858000,True,True,Arial,,False,EFDF85,False,,Concept Bank,True,S8: comparison ;; S18: comparison,"S8: ""DNA holds the instructions but cannot leave the nucleus. So how does the cell get a gene’s instructions out to the ribosome, where proteins are actually built?"" ;; S18: ""The ribosome reads mRNA in three-letter chunks called codons, and each codon names exactly one amino acid. But mRNA is just a string of four letters — A, U, G, C. What decides WHICH amino acids the cell adds, and in what ORDER?""",none,,Teacher reference > Teacher Prep > Day divider > Bellringer > Content/Explanation > Content/Explanation > Content/Explanation > Critical Aspect question > Contrast Set > Explanation > Build a Rule > Pattern Break > 3-Tier Question > Response slide > Activity > Activity > Day divider > Critical Aspect question > Contrast Set > Build a Rule > Pattern Break > 3-Tier Question > Response slide > Activity > Response slide (What if) > Optional challenge > Optional challenge > Relates to me > Day divider > Closing checklist > Links slide > Image credits,absent,,0/7,no,,none,yes,yes,absent,clean,HS-LS1-1
▶ LIVE — Cycle 15b — Protein Synthesis — with Concept Bank.pptx,Cycle 15 — Protein Synthesis (Central Dogma) (Unit 4),with-Concept-Bank,15b,33,2026-08-29 15:55:35,1019715,Transcription | Translation,2,"Transcription: 5/5 [Critical Aspect question, Contrast Set, Build a Rule, Pattern Break, 3-Tier Question] ;; Translation: 5/5 [Critical Aspect question, Contrast Set, Build a Rule, Pattern Break, 3-Tier Question]",True,2,0,0,1,1,3,3,3,True,,1,4,11,0,11,0,https://www.youtube.com/watch?v=oefAI2x2CQM ; https://www.biointeractive.org/classroom-resources/central-dogma-and-genetic-medicine ; https://gizmos.explorelearning.com/find-gizmos/lesson-info?resourceId=442 ; https://learn.genetics.utah.edu/content/basics/txtl/,9144000x6858000,True,True,Arial,,False,EFDF85,False,,,True,S8: comparison ;; S18: comparison,"S8: ""DNA holds the instructions but cannot leave the nucleus. So how does the cell get a gene’s instructions out to the ribosome, where proteins are actually built?"" ;; S18: ""The ribosome reads mRNA in three-letter chunks called codons, and each codon names exactly one amino acid. But mRNA is just a string of four letters — A, U, G, C. What decides WHICH amino acids the cell adds, and in what ORDER?""",none,,Teacher reference > Teacher Prep > Day divider > Bellringer > Content/Explanation > Content/Explanation > Content/Explanation > Critical Aspect question > Contrast Set > Explanation > Build a Rule > Pattern Break > 3-Tier Question > Response slide > Activity > Activity > Day divider > Critical Aspect question > Contrast Set > Build a Rule > Pattern Break > 3-Tier Question > Response slide > Activity > Response slide (What if) > Optional challenge > Optional challenge > Relates to me > Concept Bank > Day divider > Closing checklist > Links slide > Image credits,absent,,0/7,no,,none,yes,yes,lists only,clean,HS-LS1-1
▶ LIVE — Cycle 16a — Stem Cells and Differentiation.pptx,Cycle 16 — Mutations & Gene Expression (Unit 4),LIVE export,16a,36,2026-08-22 11:43:43,1473688,Differentiation | Potency,2,"Differentiation: 5/5 [Critical Aspect question, Contrast Set, Build a Rule, Pattern Break, 3-Tier Question] ;; Potency: 5/5 [Critical Aspect question, Contrast Set, Build a Rule, Pattern Break, 3-Tier Question]",True,2,0,0,0,1,3,5,5,True,,1,3,12,0,12,0,https://www.youtube.com/watch?v=evH0I7Coc54 ; https://learn.genetics.utah.edu/content/stemcells/sctoday ; https://gizmos.explorelearning.com/find-gizmos/lesson-info?resourceId=1066 ; https://learn.genetics.utah.edu/content/stemcells/scintro/,9144000x6858000,True,True,Arial,,False,000000; EFDF85,False,,Concept Bank,False,"S8: comparison, named alternatives ;; S19: NO CONTRAST DEVICE","S8: ""Most cells have one job. A stem cell does not have a job yet. What can a stem cell do that a muscle cell or a nerve cell cannot? Create a path from stem cell to a body cell of your choice."" ;; S19: ""Not all stem cells can become every cell type. Can every stem cell become ANY tissue in the body?""",none,,Teacher reference > Teacher Prep > Day divider > Bellringer > Content/Explanation > Content/Explanation > Content/Explanation > Critical Aspect question > Contrast Set > Explanation > Build a Rule > Pattern Break > 3-Tier Question > Response slide > Activity > 3-Tier Question > Response slide > Day divider > Critical Aspect question > Contrast Set > Build a Rule > Pattern Break > 3-Tier Question > Response slide > Activity > 3-Tier Question > Response slide > Activity > Activity > Response slide (What if) > Optional challenge > Optional challenge > Relates to me > Day divider > Links slide > Image credits,absent,,0/7,no,,none,yes,yes,absent,clean,HS-LS1-4; HS-LS3-1
▶ LIVE — Cycle 16a — Stem Cells and Differentiation — with Concept Bank.pptx,Cycle 16 — Mutations & Gene Expression (Unit 4),with-Concept-Bank,16a,37,2026-08-29 15:55:35,1473521,Differentiation | Potency,2,"Differentiation: 5/5 [Critical Aspect question, Contrast Set, Build a Rule, Pattern Break, 3-Tier Question] ;; Potency: 5/5 [Critical Aspect question, Contrast Set, Build a Rule, Pattern Break, 3-Tier Question]",True,2,0,0,1,1,3,5,5,True,,1,3,12,0,12,0,https://www.youtube.com/watch?v=evH0I7Coc54 ; https://learn.genetics.utah.edu/content/stemcells/sctoday ; https://gizmos.explorelearning.com/find-gizmos/lesson-info?resourceId=1066 ; https://learn.genetics.utah.edu/content/stemcells/scintro/,9144000x6858000,True,True,Arial,,False,000000; EFDF85,False,,,False,"S8: comparison, named alternatives ;; S19: NO CONTRAST DEVICE","S8: ""Most cells have one job. A stem cell does not have a job yet. What can a stem cell do that a muscle cell or a nerve cell cannot? Create a path from stem cell to a body cell of your choice."" ;; S19: ""Not all stem cells can become every cell type. Can every stem cell become ANY tissue in the body?""",none,,Teacher reference > Teacher Prep > Day divider > Bellringer > Content/Explanation > Content/Explanation > Content/Explanation > Critical Aspect question > Contrast Set > Explanation > Build a Rule > Pattern Break > 3-Tier Question > Response slide > Activity > 3-Tier Question > Response slide > Day divider > Critical Aspect question > Contrast Set > Build a Rule > Pattern Break > 3-Tier Question > Response slide > Activity > 3-Tier Question > Response slide > Activity > Activity > Response slide (What if) > Optional challenge > Optional challenge > Relates to me > Concept Bank > Day divider > Links slide > Image credits,absent,,0/7,no,,none,yes,yes,lists only,clean,HS-LS1-4; HS-LS3-1
▶ LIVE — Cycle 16b — Genetic Mutations.pptx,Cycle 16 — Mutations & Gene Expression (Unit 4),LIVE export,16b,31,2026-08-22 11:43:47,1180195,Point mutation vs. frameshift | Silent vs. harmful,2,"Point mutation vs. frameshift: 5/5 [Critical Aspect question, Contrast Set, Build a Rule, Pattern Break, 3-Tier Question] ;; Silent vs. harmful: 5/5 [Critical Aspect question, Contrast Set, Build a Rule, Pattern Break, 3-Tier Question]",True,2,0,0,0,1,3,4,4,True,,1,5,13,0,13,0,https://www.youtube.com/watch?v=vl6Vlf2thvI ; https://learn.genetics.utah.edu/content/basics/txtl/ ; https://gizmos.explorelearning.com/find-gizmos/lesson-info?resourceId=554 ; https://learn.genetics.utah.edu/content/basics/builddna/,9144000x6858000,True,True,Arial,,False,000000; EFDF85,False,,Concept Bank,True,"S8: change condition, comparison, named alternatives ;; S19: change condition","S8: ""A point mutation changes one nucleotide. A frameshift adds or removes one. Why does inserting ONE nucleotide change far more of the protein than swapping one?"" ;; S19: ""Some mutations change the protein and some do not. How can a change in the DNA have NO effect on the organism?""",none,,Teacher reference > Teacher Prep > Day divider > Bellringer > Content/Explanation > Content/Explanation > Content/Explanation > Critical Aspect question > Contrast Set > Explanation > Build a Rule > Pattern Break > 3-Tier Question > Response slide > Activity > 3-Tier Question > Response slide > Day divider > Critical Aspect question > Contrast Set > Build a Rule > Pattern Break > 3-Tier Question > Response slide > Activity > Response slide (What if) > Optional challenge > Relates to me > Day divider > Links slide > Image credits,absent,,0/7,no,,none,yes,yes,absent,clean,HS-LS1-1; HS-LS3-2
▶ LIVE — Cycle 16b — Genetic Mutations — with Concept Bank.pptx,Cycle 16 — Mutations & Gene Expression (Unit 4),with-Concept-Bank,16b,32,2026-08-29 15:55:35,1180464,Point mutation vs. frameshift | Silent vs. harmful,2,"Point mutation vs. frameshift: 5/5 [Critical Aspect question, Contrast Set, Build a Rule, Pattern Break, 3-Tier Question] ;; Silent vs. harmful: 5/5 [Critical Aspect question, Contrast Set, Build a Rule, Pattern Break, 3-Tier Question]",True,2,0,0,1,1,3,4,4,True,,1,5,13,0,13,0,https://www.youtube.com/watch?v=vl6Vlf2thvI ; https://learn.genetics.utah.edu/content/basics/txtl/ ; https://gizmos.explorelearning.com/find-gizmos/lesson-info?resourceId=554 ; https://learn.genetics.utah.edu/content/basics/builddna/,9144000x6858000,True,True,Arial,,False,000000; EFDF85,False,,,True,"S8: change condition, comparison, named alternatives ;; S19: change condition","S8: ""A point mutation changes one nucleotide. A frameshift adds or removes one. Why does inserting ONE nucleotide change far more of the protein than swapping one?"" ;; S19: ""Some mutations change the protein and some do not. How can a change in the DNA have NO effect on the organism?""",none,,Teacher reference > Teacher Prep > Day divider > Bellringer > Content/Explanation > Content/Explanation > Content/Explanation > Critical Aspect question > Contrast Set > Explanation > Build a Rule > Pattern Break > 3-Tier Question > Response slide > Activity > 3-Tier Question > Response slide > Day divider > Critical Aspect question > Contrast Set > Build a Rule > Pattern Break > 3-Tier Question > Response slide > Activity > Response slide (What if) > Optional challenge > Relates to me > Concept Bank > Day divider > Links slide > Image credits,absent,,0/7,no,,none,yes,yes,lists only,clean,HS-LS1-1; HS-LS3-2
▶ LIVE — Cycle 16c — Mutations and Genetic Disorders.pptx,Cycle 16 — Mutations & Gene Expression (Unit 4),LIVE export,16c,32,2026-08-22 11:43:40,1385920,Somatic vs. germline | Gene vs. chromosome,2,"Somatic vs. germline: 5/5 [Critical Aspect question, Contrast Set, Build a Rule, Pattern Break, 3-Tier Question] ;; Gene vs. chromosome: 5/5 [Critical Aspect question, Contrast Set, Build a Rule, Pattern Break, 3-Tier Question]",True,2,0,0,0,1,3,4,4,True,,1,4,15,0,15,0,https://www.youtube.com/watch?v=c57rjL-30rs ; https://learn.genetics.utah.edu/content/disorders/singlegene/ ; https://gizmos.explorelearning.com/find-gizmos/lesson-info?resourceId=440 ; https://learn.genetics.utah.edu/content/basics/karyotype/,9144000x6858000,True,True,Arial,,False,000000; EFDF85,False,,Concept Bank,False,"S8: NO CONTRAST DEVICE ;; S19: change condition, comparison","S8: ""A sunburn damages DNA in skin cells. That damage stays with you for life. So why can a child never inherit it?"" ;; S19: ""A mutation can change a single gene, or it can change a whole chromosome. What difference does the size of the change make to the organism?""",none,,Teacher reference > Teacher Prep > Day divider > Bellringer > Content/Explanation > Content/Explanation > Content/Explanation > Critical Aspect question > Contrast Set > Explanation > Build a Rule > Pattern Break > 3-Tier Question > Response slide > Activity > 3-Tier Question > Response slide > Day divider > Critical Aspect question > Contrast Set > Build a Rule > Pattern Break > 3-Tier Question > Response slide > Activity > Response slide (What if) > Optional challenge > Optional challenge > Relates to me > Day divider > Links slide > Image credits,absent,,0/7,no,,none,yes,yes,absent,clean,HS-LS3-1; HS-LS3-2
▶ LIVE — Cycle 16c — Mutations and Genetic Disorders — with Concept Bank.pptx,Cycle 16 — Mutations & Gene Expression (Unit 4),with-Concept-Bank,16c,33,2026-08-29 15:55:35,1385951,Somatic vs. germline | Gene vs. chromosome,2,"Somatic vs. germline: 5/5 [Critical Aspect question, Contrast Set, Build a Rule, Pattern Break, 3-Tier Question] ;; Gene vs. chromosome: 5/5 [Critical Aspect question, Contrast Set, Build a Rule, Pattern Break, 3-Tier Question]",True,2,0,0,1,1,3,4,4,True,,1,4,15,0,15,0,https://www.youtube.com/watch?v=c57rjL-30rs ; https://learn.genetics.utah.edu/content/disorders/singlegene/ ; https://gizmos.explorelearning.com/find-gizmos/lesson-info?resourceId=440 ; https://learn.genetics.utah.edu/content/basics/karyotype/,9144000x6858000,True,True,Arial,,False,000000; EFDF85,False,,,False,"S8: NO CONTRAST DEVICE ;; S19: change condition, comparison","S8: ""A sunburn damages DNA in skin cells. That damage stays with you for life. So why can a child never inherit it?"" ;; S19: ""A mutation can change a single gene, or it can change a whole chromosome. What difference does the size of the change make to the organism?""",none,,Teacher reference > Teacher Prep > Day divider > Bellringer > Content/Explanation > Content/Explanation > Content/Explanation > Critical Aspect question > Contrast Set > Explanation > Build a Rule > Pattern Break > 3-Tier Question > Response slide > Activity > 3-Tier Question > Response slide > Day divider > Critical Aspect question > Contrast Set > Build a Rule > Pattern Break > 3-Tier Question > Response slide > Activity > Response slide (What if) > Optional challenge > Optional challenge > Relates to me > Concept Bank > Day divider > Links slide > Image credits,absent,,0/7,no,,none,yes,yes,lists only,clean,HS-LS3-1; HS-LS3-2
▶ LIVE — Cycle 16d — Biotechnology.pptx,Cycle 16 — Mutations & Gene Expression (Unit 4),LIVE export,16d,32,2026-08-22 11:43:37,756069,Selective breeding vs. genetic engineering | Recombinant DNA,2,"Selective breeding vs. genetic engineering: 5/5 [Critical Aspect question, Contrast Set, Build a Rule, Pattern Break, 3-Tier Question] ;; Recombinant DNA: 5/5 [Critical Aspect question, Contrast Set, Build a Rule, Pattern Break, 3-Tier Question]",True,2,0,0,0,1,3,4,4,True,,1,6,15,0,15,0,https://www.youtube.com/watch?v=CDw4WPng2iE ; https://www.youtube.com/watch?v=ZDZUAleWX78 ; https://learn.genetics.utah.edu/content/labs/extraction/ ; https://gizmos.explorelearning.com/find-gizmos/lesson-info?resourceId=1092,9144000x6858000,True,True,Arial,,False,000000; EFDF85,False,,Concept Bank,True,S8: comparison ;; S20: comparison,"S8: ""A farmer and a laboratory can both produce corn that resists a pest. What is actually different about how each one did it?"" ;; S20: ""A human gene is put into a bacterium, and the bacterium builds a human protein. Bacteria and humans are nothing alike. Why does the gene still work?""",none,,Teacher reference > Teacher Prep > Day divider > Bellringer > Content/Explanation > Content/Explanation > Content/Explanation > Critical Aspect question > Contrast Set > Explanation > Build a Rule > Pattern Break > 3-Tier Question > Response slide > Activity > Activity > 3-Tier Question > Response slide > Day divider > Critical Aspect question > Contrast Set > Build a Rule > Pattern Break > 3-Tier Question > Response slide > Activity > Response slide (What if) > Optional challenge > Relates to me > Day divider > Links slide > Image credits,absent,,0/7,no,,none,yes,yes,absent,clean,HS-LS1-1; HS-LS3-1
▶ LIVE — Cycle 16d — Biotechnology — with Concept Bank.pptx,Cycle 16 — Mutations & Gene Expression (Unit 4),with-Concept-Bank,16d,33,2026-08-29 15:55:36,756162,Selective breeding vs. genetic engineering | Recombinant DNA,2,"Selective breeding vs. genetic engineering: 5/5 [Critical Aspect question, Contrast Set, Build a Rule, Pattern Break, 3-Tier Question] ;; Recombinant DNA: 5/5 [Critical Aspect question, Contrast Set, Build a Rule, Pattern Break, 3-Tier Question]",True,2,0,0,1,1,3,4,4,True,,1,6,15,0,15,0,https://www.youtube.com/watch?v=CDw4WPng2iE ; https://www.youtube.com/watch?v=ZDZUAleWX78 ; https://learn.genetics.utah.edu/content/labs/extraction/ ; https://gizmos.explorelearning.com/find-gizmos/lesson-info?resourceId=1092,9144000x6858000,True,True,Arial,,False,000000; EFDF85,False,,,True,S8: comparison ;; S20: comparison,"S8: ""A farmer and a laboratory can both produce corn that resists a pest. What is actually different about how each one did it?"" ;; S20: ""A human gene is put into a bacterium, and the bacterium builds a human protein. Bacteria and humans are nothing alike. Why does the gene still work?""",none,,Teacher reference > Teacher Prep > Day divider > Bellringer > Content/Explanation > Content/Explanation > Content/Explanation > Critical Aspect question > Contrast Set > Explanation > Build a Rule > Pattern Break > 3-Tier Question > Response slide > Activity > Activity > 3-Tier Question > Response slide > Day divider > Critical Aspect question > Contrast Set > Build a Rule > Pattern Break > 3-Tier Question > Response slide > Activity > Response slide (What if) > Optional challenge > Relates to me > Concept Bank > Day divider > Links slide > Image credits,absent,,0/7,no,,none,yes,yes,lists only,clean,HS-LS1-1; HS-LS3-1
▶ LIVE — Cycle 17 — Darwin & Evidence of Evolution.pptx,Cycle 17 — Darwin & Evidence of Evolution (Unit 4),LIVE export,17,31,2026-08-22 11:43:29,1831214,Fossils record change over time | Independent lines of evidence,2,"Fossils record change over time: 5/5 [Critical Aspect question, Contrast Set, Build a Rule, Pattern Break, 3-Tier Question] ;; Independent lines of evidence: 5/5 [Critical Aspect question, Contrast Set, Build a Rule, Pattern Break, 3-Tier Question]",True,2,0,0,0,1,3,3,3,True,,1,6,25,0,25,0,https://youtu.be/P3GagfbA2vo ; https://www.onezoom.org ; https://gizmos.explorelearning.com/find-gizmos/lesson-info?resourceId=576 ; https://phet.colorado.edu/sims/html/natural-selection/latest/natural-selection_en.html,9144000x6858000,True,True,Arial,,False,B4C4CC; E8F0F1; EFDF85,False,,Concept Bank,True,"S8: change condition, comparison ;; S19: comparison, named alternatives","S8: ""You find two fossils in rock layers millions of years apart. What would you have to see in the fossils themselves before you could say one form slowly changed into the other — instead of them just being two unrelated animals?"" ;; S19: ""Fossils are powerful, but bones can be broken or missing, and a single clue can often be explained more than one way. What makes two DIFFERENT kinds of evidence — for example the bones in a limb and the letters in the DNA — more convincing together than either one is on its own?""",none,,Teacher reference > Teacher Prep > Day divider > Bellringer > Content/Explanation > Content/Explanation > Content/Explanation > Critical Aspect question > Contrast Set > Explanation > Content/Explanation > Build a Rule > Pattern Break > 3-Tier Question > Response slide > Activity > Activity > Day divider > Critical Aspect question > Contrast Set > Build a Rule > Pattern Break > 3-Tier Question > Response slide > Activity > Response slide (What if) > Optional challenge > Relates to me > Day divider > Links slide > Image credits,absent,,0/7,no,,none,yes,yes,absent,clean,HS-LS4-1
▶ LIVE — Cycle 17 — Darwin & Evidence of Evolution — with Concept Bank.pptx,Cycle 17 — Darwin & Evidence of Evolution (Unit 4),with-Concept-Bank,17,32,2026-08-29 15:55:36,1830972,Fossils record change over time | Independent lines of evidence,2,"Fossils record change over time: 5/5 [Critical Aspect question, Contrast Set, Build a Rule, Pattern Break, 3-Tier Question] ;; Independent lines of evidence: 5/5 [Critical Aspect question, Contrast Set, Build a Rule, Pattern Break, 3-Tier Question]",True,2,0,0,1,1,3,3,3,True,,1,6,25,0,25,0,https://youtu.be/P3GagfbA2vo ; https://www.onezoom.org ; https://gizmos.explorelearning.com/find-gizmos/lesson-info?resourceId=576 ; https://phet.colorado.edu/sims/html/natural-selection/latest/natural-selection_en.html,9144000x6858000,True,True,Arial,,False,B4C4CC; E8F0F1; EFDF85,False,,,True,"S8: change condition, comparison ;; S19: comparison, named alternatives","S8: ""You find two fossils in rock layers millions of years apart. What would you have to see in the fossils themselves before you could say one form slowly changed into the other — instead of them just being two unrelated animals?"" ;; S19: ""Fossils are powerful, but bones can be broken or missing, and a single clue can often be explained more than one way. What makes two DIFFERENT kinds of evidence — for example the bones in a limb and the letters in the DNA — more convincing together than either one is on its own?""",none,,Teacher reference > Teacher Prep > Day divider > Bellringer > Content/Explanation > Content/Explanation > Content/Explanation > Critical Aspect question > Contrast Set > Explanation > Content/Explanation > Build a Rule > Pattern Break > 3-Tier Question > Response slide > Activity > Activity > Day divider > Critical Aspect question > Contrast Set > Build a Rule > Pattern Break > 3-Tier Question > Response slide > Activity > Response slide (What if) > Optional challenge > Relates to me > Concept Bank > Day divider > Links slide > Image credits,absent,,0/7,no,,none,yes,yes,lists only,clean,HS-LS4-1
▶ LIVE — Cycle 18 — Natural Selection & Adaptation.pptx,Cycle 18 — Natural Selection & Adaptation (Unit 4),LIVE export,18,32,2026-08-22 11:44:04,2303020,Variation is the raw material for selection | The environment decides which traits survive,2,"Variation is the raw material for selection: 5/5 [Critical Aspect question, Contrast Set, Build a Rule, Pattern Break, 3-Tier Question] ;; The environment decides which traits survive: 5/5 [Critical Aspect question, Contrast Set, Build a Rule, Pattern Break, 3-Tier Question]",True,2,0,2,0,1,3,3,3,True,,1,8,14,0,14,0,https://drive.google.com/file/d/1KLXsjXUqG8uzLbBM9jdlaROmDPSysHQb/view ; https://drive.google.com/file/d/1AGpX73RKRCnsg5Xu_gmZerw6td4WEg77/view ; https://drive.google.com/file/d/1PRkBFxKtCm9r0rZWK6_hbDhZt_UAWl42/view ; https://askabiologist.asu.edu/peppered-moths-game/play.html,9144000x6858000,True,True,Arial,,False,E8F0F1; EFDF85,False,,Concept Bank,True,"S8: change condition, comparison ;; S19: comparison, named alternatives","S8: ""Natural selection can make a population change — but only if the population already contains something to work with. What is that something?"" ;; S19: ""It is tempting to say some traits are just ""good"" and others ""bad."" But a trait by itself is neither. Dark wings, sharp beaks, thick fur — each one only helps if it fits the place the organism actually lives in. The environment is like a test that keeps changing: it never asks which trait is best in general, only which trait works HERE, right now. So take one single trait — dark coloring — and drop it into two different forests. What decides whether that trait saves the animal or gets it eaten?""",stock-and-flow model,stock-and-flow model (slide 9),Teacher reference > Teacher Prep > Day divider > Bellringer > Content/Explanation > Content/Explanation > Content/Explanation > Critical Aspect question > Stock-and-flow model > Contrast Set > Explanation > Content/Explanation > Build a Rule > Pattern Break > 3-Tier Question > Response slide > Activity > Day divider > Critical Aspect question > Contrast Set > Build a Rule > Pattern Break > 3-Tier Question > Response slide > Stock-and-flow model > Activity > Response slide (What if) > Optional challenge > Relates to me > Day divider > Links slide > Image credits,absent,,0/7,no,,none,yes,yes,absent,clean,HS-LS4-2; HS-LS4-3
▶ LIVE — Cycle 18 — Natural Selection & Adaptation — with Concept Bank.pptx,Cycle 18 — Natural Selection & Adaptation (Unit 4),with-Concept-Bank,18,33,2026-08-29 15:55:36,2302951,Variation is the raw material for selection | The environment decides which traits survive,2,"Variation is the raw material for selection: 5/5 [Critical Aspect question, Contrast Set, Build a Rule, Pattern Break, 3-Tier Question] ;; The environment decides which traits survive: 5/5 [Critical Aspect question, Contrast Set, Build a Rule, Pattern Break, 3-Tier Question]",True,2,0,2,1,1,3,3,3,True,,1,8,14,0,14,0,https://drive.google.com/file/d/1KLXsjXUqG8uzLbBM9jdlaROmDPSysHQb/view ; https://drive.google.com/file/d/1AGpX73RKRCnsg5Xu_gmZerw6td4WEg77/view ; https://drive.google.com/file/d/1PRkBFxKtCm9r0rZWK6_hbDhZt_UAWl42/view ; https://askabiologist.asu.edu/peppered-moths-game/play.html,9144000x6858000,True,True,Arial,,False,E8F0F1; EFDF85,False,,,True,"S8: change condition, comparison ;; S19: comparison, named alternatives","S8: ""Natural selection can make a population change — but only if the population already contains something to work with. What is that something?"" ;; S19: ""It is tempting to say some traits are just ""good"" and others ""bad."" But a trait by itself is neither. Dark wings, sharp beaks, thick fur — each one only helps if it fits the place the organism actually lives in. The environment is like a test that keeps changing: it never asks which trait is best in general, only which trait works HERE, right now. So take one single trait — dark coloring — and drop it into two different forests. What decides whether that trait saves the animal or gets it eaten?""",stock-and-flow model,stock-and-flow model (slide 9),Teacher reference > Teacher Prep > Day divider > Bellringer > Content/Explanation > Content/Explanation > Content/Explanation > Critical Aspect question > Stock-and-flow model > Contrast Set > Explanation > Content/Explanation > Build a Rule > Pattern Break > 3-Tier Question > Response slide > Activity > Day divider > Critical Aspect question > Contrast Set > Build a Rule > Pattern Break > 3-Tier Question > Response slide > Stock-and-flow model > Activity > Response slide (What if) > Optional challenge > Relates to me > Concept Bank > Day divider > Links slide > Image credits,absent,,0/7,no,,none,yes,yes,lists only,clean,HS-LS4-2; HS-LS4-3
▶ LIVE — Cycle 19 — Speciation & Biodiversity.pptx,Cycle 19 — Speciation & Biodiversity (Unit 4),LIVE export,19,30,2026-08-22 11:43:50,1272004,How new species form | What makes a grouping useful,2,"How new species form: 5/5 [Critical Aspect question, Contrast Set, Build a Rule, Pattern Break, 3-Tier Question] ;; What makes a grouping useful: 5/5 [Critical Aspect question, Contrast Set, Build a Rule, Pattern Break, 3-Tier Question]",True,2,0,1,0,1,3,3,3,True,,1,6,12,0,12,0,https://phet.colorado.edu/sims/html/natural-selection/latest/natural-selection_en.html ; https://flexbooks.ck12.org/cbook/ck-12-biology-flexbook-2.0/section/5.22/primary/lesson/origin-of-species-bio/ ; https://www.khanacademy.org/science/ap-biology/natural-selection/speciation ; https://answerable-biology-models.netlify.app/speciation,9144000x6858000,True,True,Arial,,False,333333; E8F0F1; EFDF85,False,,Concept Bank,False,S8: NO CONTRAST DEVICE ;; S18: NO CONTRAST DEVICE,"S8: ""One group of a single species gets cut in two by a new mountain range. Thousands of years later, the two sides can no longer breed together. What had to happen in between to turn one species into two?"" ;; S18: ""You meet a creature you have never seen before. There are millions of species already named, and to make sense of them we put them in groups. What would you most want to know about your creature to place it — and what does a good grouping give you that a random pile of facts does not?""",stock-and-flow model,stock-and-flow model (slide 9),Teacher reference > Teacher Prep > Day divider > Bellringer > Content/Explanation > Content/Explanation > Content/Explanation > Critical Aspect question > Stock-and-flow model > Contrast Set > Explanation > Build a Rule > Pattern Break > 3-Tier Question > Response slide > Activity > Day divider > Critical Aspect question > Contrast Set > Build a Rule > Pattern Break > 3-Tier Question > Response slide > Activity > Response slide (What if) > Optional challenge > Relates to me > Day divider > Links slide > Image credits,absent,,0/7,no,,none,yes,yes,absent,clean,HS-LS4-4; HS-LS4-5
▶ LIVE — Cycle 19 — Speciation & Biodiversity — with Concept Bank.pptx,Cycle 19 — Speciation & Biodiversity (Unit 4),with-Concept-Bank,19,31,2026-08-29 15:55:36,1272125,How new species form | What makes a grouping useful,2,"How new species form: 5/5 [Critical Aspect question, Contrast Set, Build a Rule, Pattern Break, 3-Tier Question] ;; What makes a grouping useful: 5/5 [Critical Aspect question, Contrast Set, Build a Rule, Pattern Break, 3-Tier Question]",True,2,0,1,1,1,3,3,3,True,,1,6,12,0,12,0,https://phet.colorado.edu/sims/html/natural-selection/latest/natural-selection_en.html ; https://flexbooks.ck12.org/cbook/ck-12-biology-flexbook-2.0/section/5.22/primary/lesson/origin-of-species-bio/ ; https://www.khanacademy.org/science/ap-biology/natural-selection/speciation ; https://answerable-biology-models.netlify.app/speciation,9144000x6858000,True,True,Arial,,False,333333; E8F0F1; EFDF85,False,,,False,S8: NO CONTRAST DEVICE ;; S18: NO CONTRAST DEVICE,"S8: ""One group of a single species gets cut in two by a new mountain range. Thousands of years later, the two sides can no longer breed together. What had to happen in between to turn one species into two?"" ;; S18: ""You meet a creature you have never seen before. There are millions of species already named, and to make sense of them we put them in groups. What would you most want to know about your creature to place it — and what does a good grouping give you that a random pile of facts does not?""",stock-and-flow model,stock-and-flow model (slide 9),Teacher reference > Teacher Prep > Day divider > Bellringer > Content/Explanation > Content/Explanation > Content/Explanation > Critical Aspect question > Stock-and-flow model > Contrast Set > Explanation > Build a Rule > Pattern Break > 3-Tier Question > Response slide > Activity > Day divider > Critical Aspect question > Contrast Set > Build a Rule > Pattern Break > 3-Tier Question > Response slide > Activity > Response slide (What if) > Optional challenge > Relates to me > Concept Bank > Day divider > Links slide > Image credits,absent,,0/7,no,,none,yes,yes,lists only,clean,HS-LS4-4; HS-LS4-5
▶ LIVE — Cycle 20 — Human Impact Capstone.pptx,Cycle 20 — Human Impact (Capstone) (Unit 4),LIVE export,20,30,2026-08-22 11:43:33,2348410,Renewable vs. nonrenewable | Non-native vs. invasive,2,"Renewable vs. nonrenewable: 5/5 [Critical Aspect question, Contrast Set, Build a Rule, Pattern Break, 3-Tier Question] ;; Non-native vs. invasive: 5/5 [Critical Aspect question, Contrast Set, Build a Rule, Pattern Break, 3-Tier Question]",True,2,0,1,0,1,3,3,3,True,,1,8,14,0,14,0,https://www.worldometers.info/world-population/ ; https://flexbooks.ck12.org/cbook/ck-12-biology-flexbook-2.0/section/6.26/primary/lesson/human-actions-and-the-sixth-mass-extinction-bio/ ; https://www.khanacademy.org/science/high-school-biology/hs-ecology/hs-human-impact-on-ecosystems ; https://answerable-biology-models.netlify.app/carbon,9144000x6858000,True,True,Arial,,False,404040; E8F0F1; EFDF85,False,,Concept Bank,True,S8: comparison ;; S18: comparison,"S8: ""A forest and an oil field are both resources we use. What actually decides whether a resource runs out — the resource itself, or how fast we use it?"" ;; S18: ""A native species grew up in its home ecosystem, where predators, competitors, and disease keep it in balance. A non-native species was carried somewhere new by humans. A tomato plant and a Burmese python were both brought here from far away — so why does only one wreck the ecosystem?""",stock-and-flow model,stock-and-flow model (slide 9),Teacher reference > Teacher Prep > Day divider > Bellringer > Content/Explanation > Content/Explanation > Content/Explanation > Critical Aspect question > Stock-and-flow model > Contrast Set > Explanation > Build a Rule > Pattern Break > 3-Tier Question > Response slide > Activity > Day divider > Critical Aspect question > Contrast Set > Build a Rule > Pattern Break > 3-Tier Question > Response slide > Activity > Response slide (What if) > Optional challenge > Relates to me > Day divider > Links slide > Image credits,absent,,0/7,no,,none,yes,yes,absent,clean,HS-LS2-7; HS-LS4-5; HS-LS4-6
▶ LIVE — Cycle 20 — Human Impact Capstone — with Concept Bank.pptx,Cycle 20 — Human Impact (Capstone) (Unit 4),with-Concept-Bank,20,31,2026-08-29 15:55:37,2348701,Renewable vs. nonrenewable | Non-native vs. invasive,2,"Renewable vs. nonrenewable: 5/5 [Critical Aspect question, Contrast Set, Build a Rule, Pattern Break, 3-Tier Question] ;; Non-native vs. invasive: 5/5 [Critical Aspect question, Contrast Set, Build a Rule, Pattern Break, 3-Tier Question]",True,2,0,1,1,1,3,3,3,True,,1,8,14,0,14,0,https://www.worldometers.info/world-population/ ; https://flexbooks.ck12.org/cbook/ck-12-biology-flexbook-2.0/section/6.26/primary/lesson/human-actions-and-the-sixth-mass-extinction-bio/ ; https://www.khanacademy.org/science/high-school-biology/hs-ecology/hs-human-impact-on-ecosystems ; https://answerable-biology-models.netlify.app/carbon,9144000x6858000,True,True,Arial,,False,404040; E8F0F1; EFDF85,False,,,True,S8: comparison ;; S18: comparison,"S8: ""A forest and an oil field are both resources we use. What actually decides whether a resource runs out — the resource itself, or how fast we use it?"" ;; S18: ""A native species grew up in its home ecosystem, where predators, competitors, and disease keep it in balance. A non-native species was carried somewhere new by humans. A tomato plant and a Burmese python were both brought here from far away — so why does only one wreck the ecosystem?""",stock-and-flow model,stock-and-flow model (slide 9),Teacher reference > Teacher Prep > Day divider > Bellringer > Content/Explanation > Content/Explanation > Content/Explanation > Critical Aspect question > Stock-and-flow model > Contrast Set > Explanation > Build a Rule > Pattern Break > 3-Tier Question > Response slide > Activity > Day divider > Critical Aspect question > Contrast Set > Build a Rule > Pattern Break > 3-Tier Question > Response slide > Activity > Response slide (What if) > Optional challenge > Relates to me > Concept Bank > Day divider > Links slide > Image credits,absent,,0/7,no,,none,yes,yes,lists only,clean,HS-LS2-7; HS-LS4-5; HS-LS4-6
